{
  "materials": [
    {
      "item": {
        "tag": "forge:gems/diamond"
      },
      "count": 2
    },
    {
      "item": {
        "tag": "forge:ingots/iron"
      },
      "count": 16
    },
    {
      "item": {
        "tag": "forge:dusts/redstone"
      },
      "count": 8
    },
    {
      "item": {
        "tag": "forge:dyes/red"
      },
      "count": 8
    }
  ],
  "result": {
    "type": "attachment",
    "id": "eos:bayonet_eternity"
  },
  "type": "tacz:gun_smith_table_crafting"
}