{
  "materials": [
    {
      "item": {
        "type": "forge:partial_nbt",
        "item": "tacz:ammo",
        "nbt": {
          "AmmoId": "eos:battery"
        }
      },
      "count": 8
    },
    {
      "item": {
        "tag": "forge:ingots/iron"
      },
      "count": 16
    },
    {
      "item": {
        "tag": "forge:dusts/redstone"
      },
      "count": 8
    }
  ],
  "result": {
    "type": "attachment",
    "id": "eos:magazine_t3_1"
  },
  "type": "tacz:gun_smith_table_crafting"
}