{
	"format_version": "1.8.0",
	"animations": {
		"static_idle": {
			"loop": true,
			"bones": {
				"righthand": {
					"rotation": [99.13083, 12.94967, -178.84728],
					"position": [-4.75, -16.45, 11.375],
					"scale": [1, 1.5, 1]
				},
				"lefthand": {
					"rotation": [109.65024, -28.44535, -146.28441],
					"position": [7.5, -13, -7],
					"scale": [1, 1.5, 1]
				},
				"constraint": {
					"rotation": [0.25, 0.35, 0.2],
					"position": [0.1, 0.1, 0.1]
				},
				"root": {
					"rotation": [0, 0, 0],
					"position": [0, 0, 0]
				}
			}
		},
		"static_bolt_caught": {
			"loop": true,
			"animation_length": 1
		},
		"draw": {
			"loop": "hold_on_last_frame",
			"animation_length": 1.25,
			"bones": {
				"root": {
					"rotation": {
						"0.0": {
							"post": [-103.12, 0, 0],
							"lerp_mode": "catmullrom"
						},
						"0.1": {
							"post": [-91.33, -14.34, -0.55],
							"lerp_mode": "catmullrom"
						},
						"0.2": {
							"post": [-76.6, -14.49, -2.98],
							"lerp_mode": "catmullrom"
						},
						"0.3": {
							"post": [-49.98, -8.63, -1.82],
							"lerp_mode": "catmullrom"
						},
						"0.5": {
							"post": [0, 0, 7.5],
							"lerp_mode": "catmullrom"
						},
						"0.6": {
							"post": [3.30992, 0.49018, -1.87167],
							"lerp_mode": "catmullrom"
						},
						"0.7": {
							"post": [0.98628, -0.20008, 1.69645],
							"lerp_mode": "catmullrom"
						},
						"0.8": {
							"post": [0, 0, -0.4],
							"lerp_mode": "catmullrom"
						},
						"0.9": [0, 0, 0]
					},
					"position": {
						"0.0": {
							"post": [-9, -36, 2],
							"lerp_mode": "catmullrom"
						},
						"0.1": {
							"post": [-5.01, -17.52, -3.2],
							"lerp_mode": "catmullrom"
						},
						"0.2": {
							"post": [-2.9, -11.93, -3.99],
							"lerp_mode": "catmullrom"
						},
						"0.35": {
							"post": [-0.25, -2.46, -2.03],
							"lerp_mode": "catmullrom"
						},
						"0.5": {
							"post": [0, -0.6, 0.3],
							"lerp_mode": "catmullrom"
						},
						"0.6": {
							"post": [0, 0.03, 0.4],
							"lerp_mode": "catmullrom"
						},
						"0.7": {
							"post": [0, 0, -0.2],
							"lerp_mode": "catmullrom"
						},
						"0.8": {
							"post": [0, -0.1, -0.18],
							"lerp_mode": "catmullrom"
						},
						"0.95": [0, 0, 0]
					}
				},
				"righthand": {
					"rotation": [99.13083, 12.94967, -178.84728],
					"position": [-4.75, -16.45, 11.375],
					"scale": [1, 1.5, 1]
				},
				"lefthand": {
					"rotation": {
						"0.0": {
							"post": [51.84827, -2.96502, -68.61852],
							"lerp_mode": "catmullrom"
						},
						"0.15": {
							"post": [64.31957, -31.45581, -81.70831],
							"lerp_mode": "catmullrom"
						},
						"0.75": [109.65024, -28.44535, -146.28441]
					},
					"position": {
						"0.0": {
							"post": [6, -15, 0.5],
							"lerp_mode": "catmullrom"
						},
						"0.3": {
							"post": [6.5, -16, -2.5],
							"lerp_mode": "catmullrom"
						},
						"0.75": [7.5, -13, -7]
					},
					"scale": {
						"0.0": [1, 1.5, 1],
						"0.75": [1, 1.5, 1]
					}
				},
				"camera": {
					"rotation": {
						"0.0": {
							"post": [0, 0, 0],
							"lerp_mode": "catmullrom"
						},
						"0.1": {
							"post": [-0.3425, 0.59375, 0],
							"lerp_mode": "catmullrom"
						},
						"0.2": {
							"post": [-0.4325, 0.38125, -0.5625],
							"lerp_mode": "catmullrom"
						},
						"0.3": {
							"post": [0.0775, 0, -0.21875],
							"lerp_mode": "catmullrom"
						},
						"0.45": {
							"post": [0.95, -0.25, -0.5625],
							"lerp_mode": "catmullrom"
						},
						"0.65": {
							"post": [-0.05, -0.2575, -0.3125],
							"lerp_mode": "catmullrom"
						},
						"0.8": {
							"post": [-0.2525, 0.4375, 0.25],
							"lerp_mode": "catmullrom"
						},
						"0.95": {
							"post": [0, 0, 0],
							"lerp_mode": "catmullrom"
						}
					}
				},
				"scope_pos": {
					"position": {
						"0.7": [0, 0, -1],
						"0.75": [0, 0, -0.89409],
						"0.85": [0, 0, -0.10591],
						"0.9": [0, 0, 0]
					}
				},
				"sight": {
					"position": {
						"0.7": [0, 0, -1],
						"0.75": [0, 0, -0.89409],
						"0.85": [0, 0, -0.10591],
						"0.9": [0, 0, 0]
					}
				},
				"Right_fin_0": {
					"position": {
						"0.8": [0, 0, 1],
						"0.85": [0, 0, 0.89409],
						"0.95": [0, 0, 0.10591],
						"1.0": [0, 0, 0]
					}
				},
				"Right_fin_1": {
					"position": {
						"0.8": [0, 0, 1],
						"0.85": [0, 0, 0.89409],
						"0.95": [0, 0, 0.10591],
						"1.0": [0, 0, 0]
					}
				},
				"Right_coil": {
					"position": {
						"0.8": [0, 0, 1],
						"0.85": [0, 0, 0.89409],
						"0.95": [0, 0, 0.10591],
						"1.0": [0, 0, 0]
					}
				},
				"ocular_ring_illuminated": {
					"position": {
						"0.7": [0, 0, -1],
						"0.75": [0, 0, -0.89409],
						"0.85": [0, 0, -0.10591],
						"0.9": [0, 0, 0]
					}
				}
			},
			"sound_effects": {
				"0.0": {
					"effect": "spr208_inspect_xmags_up"
				},
				"0.45": {
					"effect": "spr208_raise"
				}
			}
		},
		"put_away": {
			"animation_length": 0.4333,
			"bones": {
				"root": {
					"rotation": {
						"0.0": {
							"post": [0, 0, 0],
							"lerp_mode": "catmullrom"
						},
						"0.0667": {
							"post": [-0.51171, -3.6801, -4.19401],
							"lerp_mode": "catmullrom"
						},
						"0.1667": {
							"post": [4.36882, -11.73179, -10.29382],
							"lerp_mode": "catmullrom"
						},
						"0.2667": {
							"post": [16.99835, -17.70783, -19.61271],
							"lerp_mode": "catmullrom"
						},
						"0.3333": {
							"post": [22.5, -27.4, -9.02],
							"lerp_mode": "catmullrom"
						},
						"0.4333": {
							"post": [38.74, -37.82, -13.36],
							"lerp_mode": "catmullrom"
						}
					},
					"position": {
						"0.0": {
							"post": [0, 0, 0],
							"lerp_mode": "catmullrom"
						},
						"0.0667": {
							"post": [-0.45, -0.49, 0.28],
							"lerp_mode": "catmullrom"
						},
						"0.1667": {
							"post": [-0.67, -1.47, 0.34],
							"lerp_mode": "catmullrom"
						},
						"0.2667": {
							"post": [-0.435, -3.245, 0.06],
							"lerp_mode": "catmullrom"
						},
						"0.3333": {
							"post": [0.22, -5.38, -0.15],
							"lerp_mode": "catmullrom"
						},
						"0.4333": {
							"post": [1.49, -9.585, -0.36],
							"lerp_mode": "catmullrom"
						}
					}
				},
				"righthand": {
					"rotation": [95.0274, 5.97708, -179.47516],
					"position": [-6.95, -17.1, 9.825],
					"scale": [1, 1.5, 1]
				},
				"lefthand": {
					"rotation": {
						"0.0": [109.65024, -28.44535, -146.28441],
						"0.0667": [127.67152, -14.70086, -183.17363],
						"0.1333": [148.34013, 7.13088, -207.53996]
					},
					"position": {
						"0.0": [7.5, -13, -7],
						"0.1333": [8.805, -12.2, -4.57]
					},
					"scale": [1, 1.5, 1]
				},
				"camera": {
					"rotation": {
						"0.0": {
							"post": [0, 0, 0],
							"lerp_mode": "catmullrom"
						},
						"0.1": {
							"post": [0.3, 0, -0.125],
							"lerp_mode": "catmullrom"
						},
						"0.2667": {
							"post": [0.64, 0, 0.3],
							"lerp_mode": "catmullrom"
						},
						"0.3333": {
							"post": [0.5, 0, 0.15],
							"lerp_mode": "catmullrom"
						},
						"0.4333": {
							"post": [0, 0, 0],
							"lerp_mode": "catmullrom"
						}
					}
				}
			},
			"sound_effects": {
				"0.0": {
					"effect": "tacz:sks/sks_drop"
				}
			}
		},
		"reload_tactical": {
			"animation_length": 2.4,
			"bones": {
				"root": {
					"rotation": {
						"0.0": {
							"post": [0, 0, 0],
							"lerp_mode": "catmullrom"
						},
						"0.1": {
							"post": [-4.01321, -0.61271, 2.49979],
							"lerp_mode": "catmullrom"
						},
						"0.2": {
							"post": [0.30334, -1.27694, -5.97444],
							"lerp_mode": "catmullrom"
						},
						"0.35": {
							"post": [-13.185, -4.26, -29.99],
							"lerp_mode": "catmullrom"
						},
						"0.5": [-15.79254, -11.38649, -37.82536],
						"0.6": [-15.2225, -7.97, -28.14],
						"0.75": [-15.415, -11.19, -38.2],
						"0.9": [-17.57594, -11.63739, -38.07783],
						"1.1": [-24.295, -11.12, -26.25],
						"1.3": {
							"pre": [-24.735, -17.71, -40.3275],
							"post": [-24.735, -17.71, -40.3275],
							"lerp_mode": "catmullrom"
						},
						"1.55": {
							"post": [-22.11, -17.71, -40.3275],
							"lerp_mode": "catmullrom"
						},
						"1.6": {
							"post": [-17.0325, -11.2525, -32.74],
							"lerp_mode": "catmullrom"
						},
						"1.65": [-20.125, -12.74, -37.4225],
						"1.7": [-15.1575, -12.31, -35.57],
						"1.8": [-12.53, -11.705, -32.9625],
						"1.95": {
							"pre": [2, -1, -1.4625],
							"post": [2, -1, -1.4625],
							"lerp_mode": "catmullrom"
						},
						"2.1": [4.0275, 0.3325, -0.905],
						"2.2": [1.9375, 0, 0.7],
						"2.3": {
							"pre": [0, 0, 0],
							"post": [0, 0, 0],
							"lerp_mode": "catmullrom"
						}
					},
					"position": {
						"0.0": {
							"post": [0, 0, 0],
							"lerp_mode": "catmullrom"
						},
						"0.1": {
							"post": [0.1, 0.125, 0.1],
							"lerp_mode": "catmullrom"
						},
						"0.25": {
							"post": [0.06, -0.66, -0.2],
							"lerp_mode": "catmullrom"
						},
						"0.4": [0.06, 1.12, -0.44],
						"0.65": [-0.08, 1.1275, -0.41],
						"0.85": {
							"pre": [-0.1, 1.075, -0.45],
							"post": [-0.1, 1.075, -0.45],
							"lerp_mode": "catmullrom"
						},
						"1.05": [0.01, 0.45, -0.45],
						"1.2": [-0.32, 0.4075, -0.45],
						"1.35": [-0.3, 1.18, -0.69],
						"1.5": [-0.43, 1.26, -0.54],
						"1.65": [-0.44, 1.285, -0.54],
						"1.7": [-0.37, 0.97, -0.6],
						"1.85": [0.12, -1.16, -0.98],
						"2.0": [-0.045, -1.175, -1.005],
						"2.1": {
							"pre": [-0.04, -0.2, 0.05],
							"post": [-0.04, -0.2, 0.05],
							"lerp_mode": "catmullrom"
						},
						"2.2": [0.01, 0.125, -0.005],
						"2.35": [0, 0, 0]
					}
				},
				"righthand": {
					"rotation": [99.13083, 12.94967, -178.84728],
					"position": [-4.75, -16.45, 11.375],
					"scale": [1, 1.5, 1]
				},
				"lefthand": {
					"rotation": {
						"0.0": [109.65024, -28.44535, -146.28441],
						"0.1": [109.65024, -28.44535, -146.28441],
						"0.25": [87.16538, -31.85421, -103.18335],
						"0.4": [94.94794, -31.02572, -118.26625],
						"1.1": [94.94794, -31.02572, -118.26625],
						"1.2": [98.25846, -58.85695, -122.79968],
						"1.3": [95.61877, -40.98361, -119.40308],
						"1.6": [94.94794, -31.02572, -118.26625],
						"1.75": [83.34776, -39.47233, -114.49811],
						"1.9": [109.65024, -28.44535, -146.28441]
					},
					"position": {
						"0.0": {
							"post": [7.5, -13, -7],
							"lerp_mode": "catmullrom"
						},
						"0.1": {
							"post": [7.5, -13, -7],
							"lerp_mode": "catmullrom"
						},
						"0.25": {
							"post": [8.67, -20.29, 2],
							"lerp_mode": "catmullrom"
						},
						"0.35": [6.57, -16.85, 2.66],
						"1.6": [6.57, -16.85, 2.66],
						"1.75": [7.2, -18.52, -0.19],
						"1.9": [7.5, -13, -7]
					},
					"scale": [1, 1.5, 1]
				},
				"camera": {
					"rotation": {
						"0.0": {
							"post": [0, 0, 0],
							"lerp_mode": "catmullrom"
						},
						"0.15": {
							"post": [1, 0.25, -0.5],
							"lerp_mode": "catmullrom"
						},
						"0.25": {
							"post": [1, -0.1875, 0.5],
							"lerp_mode": "catmullrom"
						},
						"0.35": {
							"post": [-1.25, -0.1875, 0.625],
							"lerp_mode": "catmullrom"
						},
						"0.5": {
							"post": [-1.25, 0.25, 0.5],
							"lerp_mode": "catmullrom"
						},
						"0.6": {
							"post": [1.25, 0.25, -1],
							"lerp_mode": "catmullrom"
						},
						"0.75": {
							"post": [0.75, 0.25, 0],
							"lerp_mode": "catmullrom"
						},
						"0.9": {
							"post": [1.25, -0.25, 0],
							"lerp_mode": "catmullrom"
						},
						"1.05": {
							"post": [1.25, -0.25, 0],
							"lerp_mode": "catmullrom"
						},
						"1.2": {
							"post": [1.25, 0.25, 1],
							"lerp_mode": "catmullrom"
						},
						"1.4": {
							"post": [1.25, 0.25, 1],
							"lerp_mode": "catmullrom"
						},
						"1.5": {
							"post": [0, 0, 0],
							"lerp_mode": "catmullrom"
						},
						"1.55": {
							"post": [1, -0.75, 1.25],
							"lerp_mode": "catmullrom"
						},
						"1.65": {
							"post": [-0.25, 0.25, -0.5],
							"lerp_mode": "catmullrom"
						},
						"1.75": {
							"post": [-0.25, 0, 0.25],
							"lerp_mode": "catmullrom"
						},
						"1.85": {
							"post": [1, -0.25, 0.25],
							"lerp_mode": "catmullrom"
						},
						"2.0": {
							"post": [1, -0.25, -0.5],
							"lerp_mode": "catmullrom"
						},
						"2.1": {
							"post": [-0.5, 0, 0.25],
							"lerp_mode": "catmullrom"
						},
						"2.2": {
							"post": [-0.5, 0.25, -0.125],
							"lerp_mode": "catmullrom"
						},
						"2.3": {
							"post": [0.125, 0, 0],
							"lerp_mode": "catmullrom"
						},
						"2.4": {
							"post": [0, 0, 0],
							"lerp_mode": "catmullrom"
						},
						"2.5": {
							"post": [0, 0, 0],
							"lerp_mode": "catmullrom"
						}
					}
				},
				"constraint": {
					"rotation": [0.05, 0.05, 0.1],
					"position": [0.01, 0.02, 0.05]
				},
				"L": {
					"rotation": {
						"0.45": {
							"pre": [0, 0, 0],
							"post": [0, 0, 0],
							"lerp_mode": "catmullrom"
						},
						"0.55": {
							"post": [0, 0, 0],
							"lerp_mode": "catmullrom"
						},
						"0.65": {
							"post": [0, 0, -25],
							"lerp_mode": "catmullrom"
						},
						"0.8": [0, 0, -35.5],
						"0.95": [0, 0, -46],
						"1.05": [0, 0, -46],
						"1.1": [0, 0, -35.5],
						"1.2": [0, 0, -25],
						"1.25": [2.25, 0, -15.71],
						"1.3": [0, 0, -8.33],
						"1.6": [0, 0, 0]
					},
					"position": {
						"0.45": [0, 0, 0],
						"0.55": [0, -2.3, 1.1],
						"0.65": [1.7, -9.3, 4],
						"0.8": [3.18, -20.5, 0],
						"0.95": [4.66, -31.7, 0],
						"1.05": [4.66, -31.7, 0],
						"1.1": [3.18, -20.5, 0],
						"1.2": {
							"pre": [1.7, -9.3, 4],
							"post": [1.7, -9.3, 4],
							"lerp_mode": "catmullrom"
						},
						"1.25": {
							"post": [0.57, -4.76, 2.02],
							"lerp_mode": "catmullrom"
						},
						"1.3": [0, -3.1, 1.4],
						"1.35": [0, -2.03, 1],
						"1.4": [0, -2.07, 1],
						"1.45": [0, -1.3825, 0.65],
						"1.55": [0, -1.07, 0.5],
						"1.6": [0, 0, 0]
					}
				},
				"Right_fin_1": {
					"rotation": {
						"0.35": [0, 0, 0],
						"0.45": [0, 0, -45],
						"1.7": [0, 0, -45],
						"1.8": [0, 0, 0]
					},
					"position": {
						"0.35": [0, 0, 0],
						"0.45": [0, -0.1, 0],
						"1.7": [0, -0.1, 0],
						"1.8": [0, 0, 0]
					}
				},
				"Right_fin_2": {
					"rotation": {
						"1.95": [0, 0, 0],
						"2.0": [0, 22.5, 0],
						"2.2": [0, 22.5, 0],
						"2.25": [0, 0, 0]
					}
				},
				"Right_fin_3": {
					"rotation": {
						"1.85": [0, 0, 0],
						"1.95": [0, 22.5, 0],
						"2.1": [0, 22.5, 0],
						"2.2": [0, 0, 0]
					}
				},
				"Right_fin_4": {
					"rotation": {
						"1.75": [0, 0, 0],
						"1.85": [0, 22.5, 0],
						"2.0": [0, 22.5, 0],
						"2.1": [0, 0, 0]
					}
				},
				"Right_fin_5": {
					"rotation": {
						"1.7": [0, 0, 0],
						"1.75": [0, 22.5, 0],
						"1.95": [0, 22.5, 0],
						"2.0": [0, 0, 0]
					}
				},
				"Right_fin_6": {
					"rotation": {
						"1.6": [0, 0, 0],
						"1.7": [0, 22.5, 0],
						"1.85": [0, 22.5, 0],
						"1.95": [0, 0, 0]
					}
				},
				"Right_coil": {
					"rotation": {
						"0.45": [0, 0, 0],
						"0.65": [0, 0, 90],
						"1.5": [0, 0, 90],
						"1.7": [0, 0, 0]
					},
					"position": {
						"0.45": [0, 0, 0],
						"0.55": [0.25, 0, 0],
						"1.6": [0.25, 0, 0],
						"1.7": [0, 0, 0]
					}
				},
				"Right_coil2": {
					"rotation": {
						"0.35": [0, 0, 0],
						"0.45": [0, 0, -10],
						"1.5": [0, 0, -10],
						"1.6": [0, 0, 0]
					}
				},
				"Left_fin_1": {
					"rotation": {
						"0.35": [0, 0, 0],
						"0.45": [0, 0, 45],
						"1.7": [0, 0, 45],
						"1.8": [0, 0, 0]
					},
					"position": {
						"0.35": [0, 0, 0],
						"0.45": [0, -0.1, 0],
						"1.7": [0, -0.1, 0],
						"1.8": [0, 0, 0]
					}
				},
				"Left_fin_2": {
					"rotation": {
						"1.95": [0, 0, 0],
						"2.0": [0, -22.5, 0],
						"2.2": [0, -22.5, 0],
						"2.25": [0, 0, 0]
					}
				},
				"Left_fin_3": {
					"rotation": {
						"1.85": [0, 0, 0],
						"1.95": [0, -22.5, 0],
						"2.1": [0, -22.5, 0],
						"2.2": [0, 0, 0]
					}
				},
				"Left_fin_4": {
					"rotation": {
						"1.75": [0, 0, 0],
						"1.85": [0, -22.5, 0],
						"2.0": [0, -22.5, 0],
						"2.1": [0, 0, 0]
					}
				},
				"Left_fin_5": {
					"rotation": {
						"1.7": [0, 0, 0],
						"1.75": [0, -22.5, 0],
						"1.95": [0, -22.5, 0],
						"2.0": [0, 0, 0]
					}
				},
				"Left_fin_6": {
					"rotation": {
						"1.6": [0, 0, 0],
						"1.7": [0, -22.5, 0],
						"1.85": [0, -22.5, 0],
						"1.95": [0, 0, 0]
					}
				},
				"Left_coil": {
					"rotation": {
						"0.45": [0, 0, 0],
						"0.65": [0, 0, -90],
						"1.5": [0, 0, -90],
						"1.7": [0, 0, 0]
					},
					"position": {
						"0.45": [0, 0, 0],
						"0.55": [-0.25, 0, 0],
						"1.6": [-0.25, 0, 0],
						"1.7": [0, 0, 0]
					}
				},
				"Left_coil2": {
					"rotation": {
						"0.35": [0, 0, 0],
						"0.45": [0, 0, 10],
						"1.5": [0, 0, 10],
						"1.6": [0, 0, 0]
					}
				}
			},
			"sound_effects": {
				"0.0": {
					"effect": "tacz:m700/m700_reload_raise"
				},
				"0.45": {
					"effect": "tacz:m700/m700_reload_magout"
				},
				"0.5": {
					"effect": "eos:eos_sr/elp_52_t3_reload1"
				},
				"1.25": {
					"effect": "eos:eos_sr/elp_52_t3_reload2"
				},
				"1.35": {
					"effect": "tacz:m700/m700_reload_magin"
				},
				"1.85": {
					"effect": "tacz:m700/m700_reload_end"
				}
			}
		},
		"reload_empty": {
			"animation_length": 2.4,
			"bones": {
				"root": {
					"rotation": {
						"0.0": {
							"post": [0, 0, 0],
							"lerp_mode": "catmullrom"
						},
						"0.1": {
							"post": [-4.01321, -0.61271, 2.49979],
							"lerp_mode": "catmullrom"
						},
						"0.2": {
							"post": [0.30334, -1.27694, -5.97444],
							"lerp_mode": "catmullrom"
						},
						"0.35": {
							"post": [-13.185, -4.26, -29.99],
							"lerp_mode": "catmullrom"
						},
						"0.5": [-15.79254, -11.38649, -37.82536],
						"0.6": [-15.2225, -7.97, -28.14],
						"0.75": [-15.415, -11.19, -38.2],
						"0.9": [-17.57594, -11.63739, -38.07783],
						"1.1": [-24.295, -11.12, -26.25],
						"1.3": {
							"pre": [-24.735, -17.71, -40.3275],
							"post": [-24.735, -17.71, -40.3275],
							"lerp_mode": "catmullrom"
						},
						"1.55": {
							"post": [-22.11, -17.71, -40.3275],
							"lerp_mode": "catmullrom"
						},
						"1.6": {
							"post": [-17.0325, -11.2525, -32.74],
							"lerp_mode": "catmullrom"
						},
						"1.65": [-20.125, -12.74, -37.4225],
						"1.7": [-15.1575, -12.31, -35.57],
						"1.8": [-12.53, -11.705, -32.9625],
						"1.95": {
							"pre": [2, -1, -1.4625],
							"post": [2, -1, -1.4625],
							"lerp_mode": "catmullrom"
						},
						"2.1": [4.0275, 0.3325, -0.905],
						"2.2": [1.9375, 0, 0.7],
						"2.3": {
							"pre": [0, 0, 0],
							"post": [0, 0, 0],
							"lerp_mode": "catmullrom"
						}
					},
					"position": {
						"0.0": {
							"post": [0, 0, 0],
							"lerp_mode": "catmullrom"
						},
						"0.1": {
							"post": [0.1, 0.125, 0.1],
							"lerp_mode": "catmullrom"
						},
						"0.25": {
							"post": [0.06, -0.66, -0.2],
							"lerp_mode": "catmullrom"
						},
						"0.4": [0.06, 1.12, -0.44],
						"0.65": [-0.08, 1.1275, -0.41],
						"0.85": {
							"pre": [-0.1, 1.075, -0.45],
							"post": [-0.1, 1.075, -0.45],
							"lerp_mode": "catmullrom"
						},
						"1.05": [0.01, 0.45, -0.45],
						"1.2": [-0.32, 0.4075, -0.45],
						"1.35": [-0.3, 1.18, -0.69],
						"1.5": [-0.43, 1.26, -0.54],
						"1.65": [-0.44, 1.285, -0.54],
						"1.7": [-0.37, 0.97, -0.6],
						"1.85": [0.12, -1.16, -0.98],
						"2.0": [-0.045, -1.175, -1.005],
						"2.1": {
							"pre": [-0.04, -0.2, 0.05],
							"post": [-0.04, -0.2, 0.05],
							"lerp_mode": "catmullrom"
						},
						"2.2": [0.01, 0.125, -0.005],
						"2.35": [0, 0, 0]
					}
				},
				"righthand": {
					"rotation": [99.13083, 12.94967, -178.84728],
					"position": [-4.75, -16.45, 11.375],
					"scale": [1, 1.5, 1]
				},
				"lefthand": {
					"rotation": {
						"0.0": [109.65024, -28.44535, -146.28441],
						"0.1": [109.65024, -28.44535, -146.28441],
						"0.25": [87.16538, -31.85421, -103.18335],
						"0.4": [94.94794, -31.02572, -118.26625],
						"1.1": [94.94794, -31.02572, -118.26625],
						"1.2": [98.25846, -58.85695, -122.79968],
						"1.3": [95.61877, -40.98361, -119.40308],
						"1.6": [94.94794, -31.02572, -118.26625],
						"1.75": [83.34776, -39.47233, -114.49811],
						"1.9": [109.65024, -28.44535, -146.28441]
					},
					"position": {
						"0.0": {
							"post": [7.5, -13, -7],
							"lerp_mode": "catmullrom"
						},
						"0.1": {
							"post": [7.5, -13, -7],
							"lerp_mode": "catmullrom"
						},
						"0.25": {
							"post": [8.67, -20.29, 2],
							"lerp_mode": "catmullrom"
						},
						"0.35": [6.57, -16.85, 2.66],
						"1.6": [6.57, -16.85, 2.66],
						"1.75": [7.2, -18.52, -0.19],
						"1.9": [7.5, -13, -7]
					},
					"scale": [1, 1.5, 1]
				},
				"camera": {
					"rotation": {
						"0.0": {
							"post": [0, 0, 0],
							"lerp_mode": "catmullrom"
						},
						"0.15": {
							"post": [1, 0.25, -0.5],
							"lerp_mode": "catmullrom"
						},
						"0.25": {
							"post": [1, -0.1875, 0.5],
							"lerp_mode": "catmullrom"
						},
						"0.35": {
							"post": [-1.25, -0.1875, 0.625],
							"lerp_mode": "catmullrom"
						},
						"0.5": {
							"post": [-1.25, 0.25, 0.5],
							"lerp_mode": "catmullrom"
						},
						"0.6": {
							"post": [1.25, 0.25, -1],
							"lerp_mode": "catmullrom"
						},
						"0.75": {
							"post": [0.75, 0.25, 0],
							"lerp_mode": "catmullrom"
						},
						"0.9": {
							"post": [1.25, -0.25, 0],
							"lerp_mode": "catmullrom"
						},
						"1.05": {
							"post": [1.25, -0.25, 0],
							"lerp_mode": "catmullrom"
						},
						"1.2": {
							"post": [1.25, 0.25, 1],
							"lerp_mode": "catmullrom"
						},
						"1.4": {
							"post": [1.25, 0.25, 1],
							"lerp_mode": "catmullrom"
						},
						"1.5": {
							"post": [0, 0, 0],
							"lerp_mode": "catmullrom"
						},
						"1.55": {
							"post": [1, -0.75, 1.25],
							"lerp_mode": "catmullrom"
						},
						"1.65": {
							"post": [-0.25, 0.25, -0.5],
							"lerp_mode": "catmullrom"
						},
						"1.75": {
							"post": [-0.25, 0, 0.25],
							"lerp_mode": "catmullrom"
						},
						"1.85": {
							"post": [1, -0.25, 0.25],
							"lerp_mode": "catmullrom"
						},
						"2.0": {
							"post": [1, -0.25, -0.5],
							"lerp_mode": "catmullrom"
						},
						"2.1": {
							"post": [-0.5, 0, 0.25],
							"lerp_mode": "catmullrom"
						},
						"2.2": {
							"post": [-0.5, 0.25, -0.125],
							"lerp_mode": "catmullrom"
						},
						"2.3": {
							"post": [0.125, 0, 0],
							"lerp_mode": "catmullrom"
						},
						"2.4": {
							"post": [0, 0, 0],
							"lerp_mode": "catmullrom"
						},
						"2.5": {
							"post": [0, 0, 0],
							"lerp_mode": "catmullrom"
						}
					}
				},
				"constraint": {
					"rotation": [0.05, 0.05, 0.1],
					"position": [0.01, 0.02, 0.05]
				},
				"L": {
					"rotation": {
						"0.45": {
							"pre": [0, 0, 0],
							"post": [0, 0, 0],
							"lerp_mode": "catmullrom"
						},
						"0.55": {
							"post": [0, 0, 0],
							"lerp_mode": "catmullrom"
						},
						"0.65": {
							"post": [0, 0, -25],
							"lerp_mode": "catmullrom"
						},
						"0.8": [0, 0, -35.5],
						"0.95": [0, 0, -46],
						"1.05": [0, 0, -46],
						"1.1": [0, 0, -35.5],
						"1.2": [0, 0, -25],
						"1.25": [2.25, 0, -15.71],
						"1.3": [0, 0, -8.33],
						"1.6": [0, 0, 0]
					},
					"position": {
						"0.45": [0, 0, 0],
						"0.55": [0, -2.3, 1.1],
						"0.65": [1.7, -9.3, 4],
						"0.8": [3.18, -20.5, 0],
						"0.95": [4.66, -31.7, 0],
						"1.05": [4.66, -31.7, 0],
						"1.1": [3.18, -20.5, 0],
						"1.2": {
							"pre": [1.7, -9.3, 4],
							"post": [1.7, -9.3, 4],
							"lerp_mode": "catmullrom"
						},
						"1.25": {
							"post": [0.57, -4.76, 2.02],
							"lerp_mode": "catmullrom"
						},
						"1.3": [0, -3.1, 1.4],
						"1.35": [0, -2.03, 1],
						"1.4": [0, -2.07, 1],
						"1.45": [0, -1.3825, 0.65],
						"1.55": [0, -1.07, 0.5],
						"1.6": [0, 0, 0]
					}
				},
				"Right_fin_1": {
					"rotation": {
						"0.35": [0, 0, 0],
						"0.45": [0, 0, -45],
						"1.7": [0, 0, -45],
						"1.8": [0, 0, 0]
					},
					"position": {
						"0.35": [0, 0, 0],
						"0.45": [0, -0.1, 0],
						"1.7": [0, -0.1, 0],
						"1.8": [0, 0, 0]
					}
				},
				"Right_fin_2": {
					"rotation": {
						"1.95": [0, 0, 0],
						"2.0": [0, 22.5, 0],
						"2.2": [0, 22.5, 0],
						"2.25": [0, 0, 0]
					}
				},
				"Right_fin_3": {
					"rotation": {
						"1.85": [0, 0, 0],
						"1.95": [0, 22.5, 0],
						"2.1": [0, 22.5, 0],
						"2.2": [0, 0, 0]
					}
				},
				"Right_fin_4": {
					"rotation": {
						"1.75": [0, 0, 0],
						"1.85": [0, 22.5, 0],
						"2.0": [0, 22.5, 0],
						"2.1": [0, 0, 0]
					}
				},
				"Right_fin_5": {
					"rotation": {
						"1.7": [0, 0, 0],
						"1.75": [0, 22.5, 0],
						"1.95": [0, 22.5, 0],
						"2.0": [0, 0, 0]
					}
				},
				"Right_fin_6": {
					"rotation": {
						"1.6": [0, 0, 0],
						"1.7": [0, 22.5, 0],
						"1.85": [0, 22.5, 0],
						"1.95": [0, 0, 0]
					}
				},
				"Right_coil": {
					"rotation": {
						"0.45": [0, 0, 0],
						"0.65": [0, 0, 90],
						"1.5": [0, 0, 90],
						"1.7": [0, 0, 0]
					},
					"position": {
						"0.45": [0, 0, 0],
						"0.55": [0.25, 0, 0],
						"1.6": [0.25, 0, 0],
						"1.7": [0, 0, 0]
					}
				},
				"Right_coil2": {
					"rotation": {
						"0.35": [0, 0, 0],
						"0.45": [0, 0, -10],
						"1.5": [0, 0, -10],
						"1.6": [0, 0, 0]
					}
				},
				"Left_fin_1": {
					"rotation": {
						"0.35": [0, 0, 0],
						"0.45": [0, 0, 45],
						"1.7": [0, 0, 45],
						"1.8": [0, 0, 0]
					},
					"position": {
						"0.35": [0, 0, 0],
						"0.45": [0, -0.1, 0],
						"1.7": [0, -0.1, 0],
						"1.8": [0, 0, 0]
					}
				},
				"Left_fin_2": {
					"rotation": {
						"1.95": [0, 0, 0],
						"2.0": [0, -22.5, 0],
						"2.2": [0, -22.5, 0],
						"2.25": [0, 0, 0]
					}
				},
				"Left_fin_3": {
					"rotation": {
						"1.85": [0, 0, 0],
						"1.95": [0, -22.5, 0],
						"2.1": [0, -22.5, 0],
						"2.2": [0, 0, 0]
					}
				},
				"Left_fin_4": {
					"rotation": {
						"1.75": [0, 0, 0],
						"1.85": [0, -22.5, 0],
						"2.0": [0, -22.5, 0],
						"2.1": [0, 0, 0]
					}
				},
				"Left_fin_5": {
					"rotation": {
						"1.7": [0, 0, 0],
						"1.75": [0, -22.5, 0],
						"1.95": [0, -22.5, 0],
						"2.0": [0, 0, 0]
					}
				},
				"Left_fin_6": {
					"rotation": {
						"1.6": [0, 0, 0],
						"1.7": [0, -22.5, 0],
						"1.85": [0, -22.5, 0],
						"1.95": [0, 0, 0]
					}
				},
				"Left_coil": {
					"rotation": {
						"0.45": [0, 0, 0],
						"0.65": [0, 0, -90],
						"1.5": [0, 0, -90],
						"1.7": [0, 0, 0]
					},
					"position": {
						"0.45": [0, 0, 0],
						"0.55": [-0.25, 0, 0],
						"1.6": [-0.25, 0, 0],
						"1.7": [0, 0, 0]
					}
				},
				"Left_coil2": {
					"rotation": {
						"0.35": [0, 0, 0],
						"0.45": [0, 0, 10],
						"1.5": [0, 0, 10],
						"1.6": [0, 0, 0]
					}
				}
			},
			"sound_effects": {
				"0.0": {
					"effect": "tacz:m700/m700_reload_raise"
				},
				"0.45": {
					"effect": "tacz:m700/m700_reload_magout"
				},
				"0.5": {
					"effect": "eos:eos_sr/elp_52_t3_reload1"
				},
				"1.25": {
					"effect": "eos:eos_sr/elp_52_t3_reload2"
				},
				"1.35": {
					"effect": "tacz:m700/m700_reload_magin"
				},
				"1.85": {
					"effect": "tacz:m700/m700_reload_end"
				}
			}
		},
		"inspect": {
			"animation_length": 4.65,
			"bones": {
				"root": {
					"rotation": {
						"0.0": {
							"post": [0, 0, 0],
							"lerp_mode": "catmullrom"
						},
						"0.2": {
							"post": [-15.30902, -2.26482, -10.8535],
							"lerp_mode": "catmullrom"
						},
						"0.3": {
							"post": [-19.87196, -3.17785, -17.95906],
							"lerp_mode": "catmullrom"
						},
						"0.4": {
							"post": [-21.02, -3.65, -14.43],
							"lerp_mode": "catmullrom"
						},
						"0.5": {
							"post": [-22.61825, -4.52968, -16.70733],
							"lerp_mode": "catmullrom"
						},
						"0.65": {
							"post": [-22.75, -4.41, -17.665],
							"lerp_mode": "catmullrom"
						},
						"0.85": {
							"post": [-22.62, -4.53, -17.96],
							"lerp_mode": "catmullrom"
						},
						"1.05": {
							"post": [-21.83419, -7.56045, -25.65573],
							"lerp_mode": "catmullrom"
						},
						"1.25": {
							"post": [-21.78, -7.76, -26.34],
							"lerp_mode": "catmullrom"
						},
						"1.5": {
							"post": [-21.78, -7.74, -26.81],
							"lerp_mode": "catmullrom"
						},
						"1.7": {
							"post": [-21.8, -7.68, -27.385],
							"lerp_mode": "catmullrom"
						},
						"2.0": {
							"post": [-21.83419, -7.56045, -25.65573],
							"lerp_mode": "catmullrom"
						},
						"2.1": {
							"post": [-21.83419, -7.56045, -14.65573],
							"lerp_mode": "catmullrom"
						},
						"2.3": {
							"post": [-24.9445, 7.90002, 43.15984],
							"lerp_mode": "catmullrom"
						},
						"2.4": {
							"post": [-24.9445, 7.90002, 59.65984],
							"lerp_mode": "catmullrom"
						},
						"2.55": {
							"post": [-24.95, 7.88, 61.47],
							"lerp_mode": "catmullrom"
						},
						"2.65": {
							"post": [-24.96, 7.86, 60.99],
							"lerp_mode": "catmullrom"
						},
						"2.9": {
							"post": [-25, 7.75, 61.77],
							"lerp_mode": "catmullrom"
						},
						"3.15": {
							"post": [-24.9445, 7.90002, 61.65984],
							"lerp_mode": "catmullrom"
						},
						"3.35": {
							"post": [-24.22873, 9.9815, 70.7622],
							"lerp_mode": "catmullrom"
						},
						"3.6": {
							"post": [-24.16, 10.35, 71.62],
							"lerp_mode": "catmullrom"
						},
						"3.85": {
							"post": [-23.86, 10.06, 70.09],
							"lerp_mode": "catmullrom"
						},
						"4.0": {
							"post": [-21.22873, 8.4815, 60.2622],
							"lerp_mode": "catmullrom"
						},
						"4.15": {
							"post": [-2.67436, -2.84081, 26.11685],
							"lerp_mode": "catmullrom"
						},
						"4.3": {
							"post": [2.37, -2.9, 0.4],
							"lerp_mode": "catmullrom"
						},
						"4.4": {
							"post": [0, 0, 1.25],
							"lerp_mode": "catmullrom"
						},
						"4.5": {
							"post": [0, 0, 0.5],
							"lerp_mode": "catmullrom"
						},
						"4.6": {
							"post": [0, 0, 0],
							"lerp_mode": "catmullrom"
						}
					},
					"position": {
						"0.0": {
							"post": [0, 0, 0],
							"lerp_mode": "catmullrom"
						},
						"0.2": {
							"post": [0.34, 0.6, -1.65],
							"lerp_mode": "catmullrom"
						},
						"0.3": {
							"post": [0.67385, 0.3, -0.8],
							"lerp_mode": "catmullrom"
						},
						"0.45": {
							"post": [0.67385, 0.4, -1],
							"lerp_mode": "catmullrom"
						},
						"2.05": {
							"post": [0.67385, 0.39886, -0.7],
							"lerp_mode": "catmullrom"
						},
						"2.4": {
							"post": [-1.07086, -0.3546, -1.4],
							"lerp_mode": "catmullrom"
						},
						"3.95": {
							"post": [-1.07086, -0.3546, -1.4],
							"lerp_mode": "catmullrom"
						},
						"4.3": {
							"post": [0, -0.425, -0.7],
							"lerp_mode": "catmullrom"
						},
						"4.45": {
							"post": [0.1, 0, 0.3],
							"lerp_mode": "catmullrom"
						},
						"4.55": {
							"post": [0, 0, 0],
							"lerp_mode": "catmullrom"
						}
					}
				},
				"righthand": {
					"rotation": [99.13083, 12.94967, -178.84728],
					"position": [-4.75, -16.45, 11.375],
					"scale": [1, 1.5, 1]
				},
				"lefthand": {
					"rotation": {
						"0.0": [109.65024, -28.44535, -146.28441],
						"0.25": [64.31957, -31.45581, -81.70831],
						"0.85": [64.31957, -31.45581, -81.70831],
						"1.1": [66.88922, -29.60855, -76.30018],
						"2.0": {
							"pre": [66.88922, -29.60855, -78.00018],
							"post": [66.88922, -29.60855, -78.00018],
							"lerp_mode": "catmullrom"
						},
						"2.15": {
							"post": [66.08922, -29.60855, -88.70018],
							"lerp_mode": "catmullrom"
						},
						"2.35": {
							"post": [63.4647, -32.23256, -145.95422],
							"lerp_mode": "catmullrom"
						},
						"2.45": [63.0647, -32.23256, -154.75422],
						"3.9": {
							"pre": [63.0647, -32.23256, -154.65422],
							"post": [63.0647, -32.23256, -154.65422],
							"lerp_mode": "catmullrom"
						},
						"4.15": {
							"post": [74.84965, -28.81342, -134.4397],
							"lerp_mode": "catmullrom"
						},
						"4.5": [109.65024, -28.44535, -146.28441]
					},
					"position": {
						"0.0": {
							"post": [7.5, -13, -7],
							"lerp_mode": "catmullrom"
						},
						"0.15": [7.04, -16.1, -1.45],
						"0.3": [6.5, -16, 3.2],
						"2.0": [6.5, -16, 3.2],
						"2.2": [7.76918, -16.14188, -3.75018],
						"2.35": [7.78228, -12.61198, -6.01911],
						"3.85": [7.78228, -12.61198, -6.01911],
						"4.15": [7.5, -13, -7],
						"4.5": {
							"pre": [7.5, -13, -7],
							"post": [7.5, -13, -7],
							"lerp_mode": "catmullrom"
						}
					},
					"scale": {
						"0.0": [1, 1.5, 1],
						"4.5": [1, 1.5, 1]
					}
				},
				"camera": {
					"rotation": {
						"0.0": {
							"post": [0, 0, 0],
							"lerp_mode": "catmullrom"
						},
						"0.1": {
							"post": [0.2525, 0, 0],
							"lerp_mode": "catmullrom"
						},
						"0.3": {
							"post": [-1.875, 0, 0],
							"lerp_mode": "catmullrom"
						},
						"0.7": {
							"post": [-2.3775, 0, 0],
							"lerp_mode": "catmullrom"
						},
						"1.05": {
							"post": [-3.8025, 0.9075, 0.02],
							"lerp_mode": "catmullrom"
						},
						"2.2": {
							"post": [-3.25, 0.8125, 0],
							"lerp_mode": "catmullrom"
						},
						"2.5": {
							"post": [0, 4.3125, -1],
							"lerp_mode": "catmullrom"
						},
						"3.0": {
							"post": [-0.0175, 5, -1.14],
							"lerp_mode": "catmullrom"
						},
						"3.25": {
							"post": [3.9875, 4.97, -1.13],
							"lerp_mode": "catmullrom"
						},
						"4.15": {
							"post": [4.125, 4.3175, -1],
							"lerp_mode": "catmullrom"
						},
						"4.4": {
							"post": [0.1825, -0.8675, 0.0625],
							"lerp_mode": "catmullrom"
						},
						"4.6": {
							"post": [0, 0, 0],
							"lerp_mode": "catmullrom"
						}
					}
				}
			},
			"sound_effects": {
				"0.0": {
					"effect": "tacz:m700/m700_inspect_up"
				},
				"2.0": {
					"effect": "tacz:m700/m700_inspect_rotate"
				},
				"3.05": {
					"effect": "tacz:m700/m700_reload_empty_rotate"
				},
				"3.8": {
					"effect": "tacz:m700/m700_inspect_end"
				}
			}
		},
		"inspect_empty": {
			"animation_length": 4.65,
			"bones": {
				"root": {
					"rotation": {
						"0.0": {
							"post": [0, 0, 0],
							"lerp_mode": "catmullrom"
						},
						"0.2": {
							"post": [-15.30902, -2.26482, -10.8535],
							"lerp_mode": "catmullrom"
						},
						"0.3": {
							"post": [-19.87196, -3.17785, -17.95906],
							"lerp_mode": "catmullrom"
						},
						"0.4": {
							"post": [-21.02, -3.65, -14.43],
							"lerp_mode": "catmullrom"
						},
						"0.5": {
							"post": [-22.61825, -4.52968, -16.70733],
							"lerp_mode": "catmullrom"
						},
						"0.65": {
							"post": [-22.75, -4.41, -17.665],
							"lerp_mode": "catmullrom"
						},
						"0.85": {
							"post": [-22.62, -4.53, -17.96],
							"lerp_mode": "catmullrom"
						},
						"1.05": {
							"post": [-21.83419, -7.56045, -25.65573],
							"lerp_mode": "catmullrom"
						},
						"1.25": {
							"post": [-21.78, -7.76, -26.34],
							"lerp_mode": "catmullrom"
						},
						"1.5": {
							"post": [-21.78, -7.74, -26.81],
							"lerp_mode": "catmullrom"
						},
						"1.7": {
							"post": [-21.8, -7.68, -27.385],
							"lerp_mode": "catmullrom"
						},
						"2.0": {
							"post": [-21.83419, -7.56045, -25.65573],
							"lerp_mode": "catmullrom"
						},
						"2.1": {
							"post": [-21.83419, -7.56045, -14.65573],
							"lerp_mode": "catmullrom"
						},
						"2.3": {
							"post": [-24.9445, 7.90002, 43.15984],
							"lerp_mode": "catmullrom"
						},
						"2.4": {
							"post": [-24.9445, 7.90002, 59.65984],
							"lerp_mode": "catmullrom"
						},
						"2.55": {
							"post": [-24.95, 7.88, 61.47],
							"lerp_mode": "catmullrom"
						},
						"2.65": {
							"post": [-24.96, 7.86, 60.99],
							"lerp_mode": "catmullrom"
						},
						"2.9": {
							"post": [-25, 7.75, 61.77],
							"lerp_mode": "catmullrom"
						},
						"3.15": {
							"post": [-24.9445, 7.90002, 61.65984],
							"lerp_mode": "catmullrom"
						},
						"3.35": {
							"post": [-24.22873, 9.9815, 70.7622],
							"lerp_mode": "catmullrom"
						},
						"3.6": {
							"post": [-24.16, 10.35, 71.62],
							"lerp_mode": "catmullrom"
						},
						"3.85": {
							"post": [-23.86, 10.06, 70.09],
							"lerp_mode": "catmullrom"
						},
						"4.0": {
							"post": [-21.22873, 8.4815, 60.2622],
							"lerp_mode": "catmullrom"
						},
						"4.15": {
							"post": [-2.67436, -2.84081, 26.11685],
							"lerp_mode": "catmullrom"
						},
						"4.3": {
							"post": [2.37, -2.9, 0.4],
							"lerp_mode": "catmullrom"
						},
						"4.4": {
							"post": [0, 0, 1.25],
							"lerp_mode": "catmullrom"
						},
						"4.5": {
							"post": [0, 0, 0.5],
							"lerp_mode": "catmullrom"
						},
						"4.6": {
							"post": [0, 0, 0],
							"lerp_mode": "catmullrom"
						}
					},
					"position": {
						"0.0": {
							"post": [0, 0, 0],
							"lerp_mode": "catmullrom"
						},
						"0.2": {
							"post": [0.34, 0.6, -1.65],
							"lerp_mode": "catmullrom"
						},
						"0.3": {
							"post": [0.67385, 0.3, -0.8],
							"lerp_mode": "catmullrom"
						},
						"0.45": {
							"post": [0.67385, 0.4, -1],
							"lerp_mode": "catmullrom"
						},
						"2.05": {
							"post": [0.67385, 0.39886, -0.7],
							"lerp_mode": "catmullrom"
						},
						"2.4": {
							"post": [-1.07086, -0.3546, -1.4],
							"lerp_mode": "catmullrom"
						},
						"3.95": {
							"post": [-1.07086, -0.3546, -1.4],
							"lerp_mode": "catmullrom"
						},
						"4.3": {
							"post": [0, -0.3, -0.7],
							"lerp_mode": "catmullrom"
						},
						"4.45": {
							"post": [0.1, 0, 0.3],
							"lerp_mode": "catmullrom"
						},
						"4.55": {
							"post": [0, 0, 0],
							"lerp_mode": "catmullrom"
						}
					}
				},
				"righthand": {
					"rotation": [99.13083, 12.94967, -178.84728],
					"position": [-4.75, -16.45, 11.375],
					"scale": [1, 1.5, 1]
				},
				"lefthand": {
					"rotation": {
						"0.0": [109.65024, -28.44535, -146.28441],
						"0.25": [64.31957, -31.45581, -81.70831],
						"0.85": [64.31957, -31.45581, -81.70831],
						"1.1": [66.88922, -29.60855, -76.30018],
						"2.0": {
							"pre": [66.88922, -29.60855, -78.00018],
							"post": [66.88922, -29.60855, -78.00018],
							"lerp_mode": "catmullrom"
						},
						"2.15": {
							"post": [66.08922, -29.60855, -88.70018],
							"lerp_mode": "catmullrom"
						},
						"2.35": {
							"post": [63.4647, -32.23256, -145.95422],
							"lerp_mode": "catmullrom"
						},
						"2.45": [63.0647, -32.23256, -154.75422],
						"3.9": {
							"pre": [63.0647, -32.23256, -154.65422],
							"post": [63.0647, -32.23256, -154.65422],
							"lerp_mode": "catmullrom"
						},
						"4.15": {
							"post": [74.84965, -28.81342, -134.4397],
							"lerp_mode": "catmullrom"
						},
						"4.5": [109.65024, -28.44535, -146.28441]
					},
					"position": {
						"0.0": {
							"post": [7.5, -13, -7],
							"lerp_mode": "catmullrom"
						},
						"0.15": [7.04, -16.1, -1.45],
						"0.3": [6.5, -16, 3.2],
						"2.0": [6.5, -16, 3.2],
						"2.2": [7.76918, -16.14188, -3.75018],
						"2.35": [7.78228, -12.61198, -6.01911],
						"3.85": [7.78228, -12.61198, -6.01911],
						"4.15": [7.5, -13, -7],
						"4.5": {
							"pre": [7.5, -13, -7],
							"post": [7.5, -13, -7],
							"lerp_mode": "catmullrom"
						}
					},
					"scale": {
						"0.0": [1, 1.5, 1],
						"4.5": [1, 1.5, 1]
					}
				},
				"camera": {
					"rotation": {
						"0.0": {
							"post": [0, 0, 0],
							"lerp_mode": "catmullrom"
						},
						"0.1": {
							"post": [0.2525, 0, 0],
							"lerp_mode": "catmullrom"
						},
						"0.3": {
							"post": [-1.875, 0, 0],
							"lerp_mode": "catmullrom"
						},
						"0.7": {
							"post": [-2.3775, 0, 0],
							"lerp_mode": "catmullrom"
						},
						"1.05": {
							"post": [-3.8025, 0.9075, 0.02],
							"lerp_mode": "catmullrom"
						},
						"2.2": {
							"post": [-3.25, 0.8125, 0],
							"lerp_mode": "catmullrom"
						},
						"2.5": {
							"post": [0, 4.3125, -1],
							"lerp_mode": "catmullrom"
						},
						"3.0": {
							"post": [-0.0175, 5, -1.14],
							"lerp_mode": "catmullrom"
						},
						"3.25": {
							"post": [3.9875, 4.97, -1.13],
							"lerp_mode": "catmullrom"
						},
						"4.15": {
							"post": [4.125, 4.3175, -1],
							"lerp_mode": "catmullrom"
						},
						"4.4": {
							"post": [0.1825, -0.8675, 0.0625],
							"lerp_mode": "catmullrom"
						},
						"4.6": {
							"post": [0, 0, 0],
							"lerp_mode": "catmullrom"
						}
					}
				},
				"striker": {
					"position": [0, 0, -0.17187]
				}
			},
			"sound_effects": {
				"0.0": {
					"effect": "tacz:m700/m700_inspect_up"
				},
				"2.0": {
					"effect": "tacz:m700/m700_inspect_rotate"
				},
				"3.05": {
					"effect": "tacz:m700/m700_reload_empty_rotate"
				},
				"3.8": {
					"effect": "tacz:m700/m700_inspect_end"
				}
			}
		},
		"shoot": {
			"animation_length": 1.75,
			"bones": {
				"camera": {
					"rotation": {
						"0.0": [0, 0, 0],
						"0.875": [0, 0, 0],
						"0.9167": {
							"pre": [0.25, -0.25, -0.25],
							"post": [0.25, -0.25, -0.25],
							"lerp_mode": "catmullrom"
						},
						"0.9583": {
							"post": [0, 0, -2.875],
							"lerp_mode": "catmullrom"
						},
						"1.0": {
							"post": [-0.15, 0.85, 0.5],
							"lerp_mode": "catmullrom"
						},
						"1.0833": {
							"post": [-0.65, 0.25, -0.05],
							"lerp_mode": "catmullrom"
						},
						"1.2083": {
							"post": [0, 0, 0],
							"lerp_mode": "catmullrom"
						}
					},
					"position": {
						"0.0": [0, 0, 0],
						"0.875": [0, 0, 0],
						"0.9583": {
							"pre": [0, 0, -0.2],
							"post": [0, 0, -0.2],
							"lerp_mode": "catmullrom"
						},
						"1.0": {
							"post": [0, 0, 0],
							"lerp_mode": "catmullrom"
						}
					}
				},
				"root": {
					"rotation": {
						"0.0": [0, 0, 0],
						"0.875": [0, 0, 0],
						"0.9583": {
							"pre": [0.15, 0, 0.5],
							"post": [0.15, 0, 0.5],
							"lerp_mode": "catmullrom"
						},
						"1.0417": {
							"post": [-1.4, -0.25, -0.95],
							"lerp_mode": "catmullrom"
						},
						"1.0833": {
							"post": [-0.85, 0.1, -0.15],
							"lerp_mode": "catmullrom"
						},
						"1.2083": {
							"post": [0.1, 0.05, -0.25],
							"lerp_mode": "catmullrom"
						},
						"1.3333": {
							"post": [0, 0, 0],
							"lerp_mode": "catmullrom"
						}
					},
					"position": {
						"0.0": [0, 0, 0],
						"0.875": [0, 0, 0],
						"0.9167": {
							"pre": [0, 0.1, 1.5],
							"post": [0, 0.1, 1.5],
							"lerp_mode": "catmullrom"
						},
						"0.9583": {
							"post": [0, 0.3, 0.9],
							"lerp_mode": "catmullrom"
						},
						"1.0417": {
							"post": [0, 0.2, -0.1],
							"lerp_mode": "catmullrom"
						},
						"1.1667": {
							"post": [0, -0.15, -0.2],
							"lerp_mode": "catmullrom"
						},
						"1.3333": {
							"post": [0, 0, 0],
							"lerp_mode": "catmullrom"
						}
					}
				},
				"flash_illuminated": {
					"rotation": {
						"0.875": [0, 0, 0],
						"1.3333": [0, 0, 360]
					},
					"position": {
						"0.0": [0, 0, 0],
						"0.875": {
							"pre": [0, 0, 0],
							"post": [0, 0, -16]
						},
						"1.0417": [0, 0, -16],
						"1.0833": {
							"pre": [0, 0, -16],
							"post": [0, 0, 0]
						}
					},
					"scale": {
						"0.0": [1, 1, 1],
						"0.875": {
							"pre": [1, 1, 1],
							"post": [4, 4, 50]
						},
						"1.0417": [0.1, 0.1, 50],
						"1.0833": {
							"pre": [0.1, 0.1, 50],
							"post": [1, 1, 1]
						}
					}
				},
				"Right_fin_2": {
					"rotation": {
						"1.1667": [0, 0, 0],
						"1.25": [0, 22.5, 0],
						"1.4167": [0, 22.5, 0],
						"1.5": [0, 0, 0]
					}
				},
				"Right_fin_3": {
					"rotation": {
						"1.0833": [0, 0, 0],
						"1.1667": [0, 22.5, 0],
						"1.3333": [0, 22.5, 0],
						"1.4167": [0, 0, 0]
					}
				},
				"Right_fin_4": {
					"rotation": {
						"1.0": [0, 0, 0],
						"1.0833": [0, 22.5, 0],
						"1.25": [0, 22.5, 0],
						"1.3333": [0, 0, 0]
					}
				},
				"Right_fin_5": {
					"rotation": {
						"0.9167": [0, 0, 0],
						"1.0": [0, 22.5, 0],
						"1.1667": [0, 22.5, 0],
						"1.25": [0, 0, 0]
					}
				},
				"Right_fin_6": {
					"rotation": {
						"0.8333": [0, 0, 0],
						"0.9167": [0, 22.5, 0],
						"1.0833": [0, 22.5, 0],
						"1.1667": [0, 0, 0]
					}
				},
				"ocular_ring_illuminated": {
					"rotation": [0.05, 0, 0],
					"position": {
						"0.0": [0, 3, -0.0004],
						"0.875": [0, 3, 0.0005],
						"0.9167": {
							"pre": [0, 3, 0.0005],
							"post": [0, 0, 0]
						}
					}
				},
				"Right_coil": {
					"rotation": {
						"0.0": {
							"post": [0, 0, 0],
							"lerp_mode": "catmullrom"
						},
						"0.875": {
							"post": [0, 0, -360],
							"lerp_mode": "catmullrom"
						},
						"1.0833": {
							"post": [0, 0, -649.81],
							"lerp_mode": "catmullrom"
						},
						"1.2917": {
							"post": [0, 0, -708.88],
							"lerp_mode": "catmullrom"
						},
						"1.5": {
							"post": [0, 0, -720],
							"lerp_mode": "catmullrom"
						}
					}
				},
				"Left_fin_2": {
					"rotation": {
						"1.1667": [0, 0, 0],
						"1.25": [0, -22.5, 0],
						"1.4167": [0, -22.5, 0],
						"1.5": [0, 0, 0]
					}
				},
				"Left_fin_3": {
					"rotation": {
						"1.0833": [0, 0, 0],
						"1.1667": [0, -22.5, 0],
						"1.3333": [0, -22.5, 0],
						"1.4167": [0, 0, 0]
					}
				},
				"Left_fin_4": {
					"rotation": {
						"1.0": [0, 0, 0],
						"1.0833": [0, -22.5, 0],
						"1.25": [0, -22.5, 0],
						"1.3333": [0, 0, 0]
					}
				},
				"Left_fin_5": {
					"rotation": {
						"0.9167": [0, 0, 0],
						"1.0": [0, -22.5, 0],
						"1.1667": [0, -22.5, 0],
						"1.25": [0, 0, 0]
					}
				},
				"Left_fin_6": {
					"rotation": {
						"0.8333": [0, 0, 0],
						"0.9167": [0, -22.5, 0],
						"1.0833": [0, -22.5, 0],
						"1.1667": [0, 0, 0]
					}
				},
				"Left_coil": {
					"rotation": {
						"0.875": {
							"pre": [0, 0, 0],
							"post": [0, 0, 0],
							"lerp_mode": "catmullrom"
						},
						"1.5": {
							"post": [0, 0, 360],
							"lerp_mode": "catmullrom"
						}
					}
				}
			},
			"sound_effects": {
				"0.0": {
					"effect": "eos:eos_sr/elp_52_t3_energy"
				},
				"0.875": {
					"effect": "eos:eos_sr/elp_52_t3_shoot"
				}
			}
		}
	}
}