{
	"format_version": "1.12.0",
	"minecraft:geometry": [
		{
			"description": {
				"identifier": "geometry.GunSmith_bench",
				"texture_width": 128,
				"texture_height": 128,
				"visible_bounds_width": 10,
				"visible_bounds_height": 8,
				"visible_bounds_offset": [0, 1, 0]
			},
			"bones": [
				{
					"name": "bone",
					"pivot": [8, 12, 1],
					"rotation": [22.5, 0, 0],
					"cubes": [
						{
							"origin": [-4.5, 11, 3],
							"size": [8, 2, 2],
							"uv": {
								"north": {"uv": [12, 88], "uv_size": [8, 2]},
								"east": {"uv": [30, 119], "uv_size": [2, 2]},
								"south": {"uv": [12, 91], "uv_size": [8, 2]},
								"up": {"uv": [12, 94], "uv_size": [8, 2]},
								"down": {"uv": [10, 99], "uv_size": [8, -2]}
							}
						},
						{
							"origin": [3.5, 11, 4],
							"size": [1, 2, 1],
							"uv": {
								"south": {"uv": [38, 108], "uv_size": [1, 2]},
								"west": {"uv": [39, 85], "uv_size": [1, 2]},
								"up": {"uv": [5, 114], "uv_size": [1, 1]},
								"down": {"uv": [10, 127], "uv_size": [1, -1]}
							}
						},
						{
							"origin": [3.08579, 11.0125, 4],
							"size": [1.41421, 1.975, 1],
							"pivot": [4.5, 12, 4],
							"rotation": [0, -45, 0],
							"uv": {
								"north": {"uv": [39, 88], "uv_size": [1, 2]},
								"up": {"uv": [41, 95], "uv_size": [1, 1]},
								"down": {"uv": [12, 127], "uv_size": [1, -1]}
							}
						},
						{
							"origin": [-0.5, 11.5, 2],
							"size": [9, 1, 1.5],
							"uv": {
								"north": {"uv": [27, 100], "uv_size": [9, 1]},
								"east": {"uv": [17, 113], "uv_size": [2, 1]},
								"south": {"uv": [27, 102], "uv_size": [9, 1]},
								"up": {"uv": [0, 97], "uv_size": [9, 2]},
								"down": {"uv": [12, 87], "uv_size": [9, -2]}
							}
						},
						{
							"origin": [6.5, 11.25, 3],
							"size": [4, 1.5, 1],
							"uv": {
								"north": {"uv": [6, 111], "uv_size": [4, 2]},
								"east": {"uv": [39, 93], "uv_size": [1, 2]},
								"south": {"uv": [20, 112], "uv_size": [4, 2]},
								"west": {"uv": [39, 96], "uv_size": [1, 2]},
								"up": {"uv": [34, 117], "uv_size": [4, 1]},
								"down": {"uv": [33, 120], "uv_size": [4, -1]}
							}
						},
						{
							"origin": [-3.5, 12.5, 2.5],
							"size": [5, 1, 1.5],
							"uv": {
								"north": {"uv": [32, 109], "uv_size": [5, 1]},
								"east": {"uv": [37, 102], "uv_size": [2, 1]},
								"west": {"uv": [38, 119], "uv_size": [2, 1]},
								"up": {"uv": [21, 94], "uv_size": [5, 2]},
								"down": {"uv": [20, 108], "uv_size": [5, -2]}
							}
						},
						{
							"origin": [-3.5, 12, 3.79289],
							"size": [5, 1, 0.70711],
							"pivot": [0, 13, 4.5],
							"rotation": [-45, 0, 0],
							"uv": {
								"east": {"uv": [41, 97], "uv_size": [1, 1]},
								"west": {"uv": [41, 103], "uv_size": [1, 1]},
								"up": {"uv": [28, 117], "uv_size": [5, 1]}
							}
						},
						{
							"origin": [-3.5, 10.5, 2.5],
							"size": [5, 1, 1.5],
							"uv": {
								"north": {"uv": [0, 118], "uv_size": [5, 1]},
								"east": {"uv": [23, 124], "uv_size": [2, 1]},
								"west": {"uv": [39, 116], "uv_size": [2, 1]},
								"up": {"uv": [0, 107], "uv_size": [5, 2]},
								"down": {"uv": [22, 87], "uv_size": [5, -2]}
							}
						},
						{
							"origin": [-3.5, 11, 3.79289],
							"size": [5, 1, 0.70711],
							"pivot": [0, 11, 4.5],
							"rotation": [45, 0, 0],
							"uv": {
								"east": {"uv": [41, 105], "uv_size": [1, 1]},
								"west": {"uv": [22, 126], "uv_size": [1, 1]},
								"down": {"uv": [33, 86], "uv_size": [5, -1]}
							}
						},
						{
							"origin": [-3.5, 11, -1],
							"size": [6, 2, 1],
							"uv": {
								"north": {"uv": [19, 97], "uv_size": [6, 2]},
								"east": {"uv": [26, 124], "uv_size": [1, 2]},
								"south": {"uv": [20, 100], "uv_size": [6, 2]},
								"up": {"uv": [30, 112], "uv_size": [6, 1]},
								"down": {"uv": [0, 117], "uv_size": [6, -1]}
							}
						},
						{
							"origin": [0.5, 11.0125, -6.65685],
							"size": [1, 1.975, 5.65685],
							"pivot": [0.5, 12.5, -1],
							"rotation": [0, -45, 0],
							"uv": {
								"east": {"uv": [20, 103], "uv_size": [6, 2]},
								"up": {"uv": [7, 114], "uv_size": [1, 6]},
								"down": {"uv": [9, 120], "uv_size": [1, -6]}
							}
						},
						{
							"origin": [4.5, 11, -5],
							"size": [2, 2, 1],
							"uv": {
								"north": {"uv": [0, 120], "uv_size": [2, 2]},
								"west": {"uv": [33, 124], "uv_size": [1, 2]},
								"up": {"uv": [35, 124], "uv_size": [2, 1]},
								"down": {"uv": [39, 122], "uv_size": [2, -1]}
							}
						},
						{
							"origin": [4, 11.5, -0.5],
							"size": [5, 1, 1.5],
							"uv": {
								"north": {"uv": [33, 87], "uv_size": [5, 1]},
								"south": {"uv": [33, 89], "uv_size": [5, 1]},
								"west": {"uv": [38, 124], "uv_size": [2, 1]},
								"up": {"uv": [20, 109], "uv_size": [5, 2]},
								"down": {"uv": [0, 112], "uv_size": [5, -2]}
							}
						},
						{
							"origin": [-3, 11.25, -0.5],
							"size": [7, 1.5, 1.5],
							"uv": {
								"east": {"uv": [3, 120], "uv_size": [2, 2]},
								"south": {"uv": [12, 100], "uv_size": [7, 2]},
								"up": {"uv": [12, 103], "uv_size": [7, 2]},
								"down": {"uv": [0, 106], "uv_size": [7, -2]}
							}
						},
						{
							"origin": [-1, 11.25, 0.75],
							"size": [4, 1.5, 1.5],
							"pivot": [1, 12, 1.5],
							"rotation": [-45, 0, 0],
							"uv": {
								"north": {"uv": [25, 112], "uv_size": [4, 2]},
								"east": {"uv": [11, 120], "uv_size": [2, 2]},
								"south": {"uv": [0, 113], "uv_size": [4, 2]},
								"west": {"uv": [14, 120], "uv_size": [2, 2]},
								"up": {"uv": [28, 85], "uv_size": [4, 2]},
								"down": {"uv": [28, 90], "uv_size": [4, -2]}
							}
						},
						{
							"origin": [7, 11.5, -4],
							"size": [4, 1, 1],
							"uv": {
								"north": {"uv": [35, 114], "uv_size": [4, 1]},
								"east": {"uv": [24, 126], "uv_size": [1, 1]},
								"south": {"uv": [6, 121], "uv_size": [4, 1]},
								"west": {"uv": [41, 118], "uv_size": [1, 1]},
								"up": {"uv": [36, 104], "uv_size": [4, 1]},
								"down": {"uv": [36, 107], "uv_size": [4, -1]}
							}
						},
						{
							"origin": [1.8, 11.2375, -4.65685],
							"size": [2.2, 1.525, 5.65685],
							"pivot": [4, 12.5, 1],
							"rotation": [0, -45, 0],
							"uv": {
								"north": {"uv": [33, 121], "uv_size": [2, 2]},
								"west": {"uv": [21, 88], "uv_size": [6, 2]},
								"up": {"uv": [8, 104], "uv_size": [2, 6]},
								"down": {"uv": [11, 112], "uv_size": [2, -6]}
							}
						},
						{
							"origin": [6.5, 11.5125, -5.65685],
							"size": [2, 0.975, 5.65685],
							"pivot": [6.5, 12.5, 0],
							"rotation": [0, -45, 0],
							"uv": {
								"east": {"uv": [32, 97], "uv_size": [6, 1]},
								"west": {"uv": [17, 117], "uv_size": [6, 1]},
								"up": {"uv": [14, 106], "uv_size": [2, 6]},
								"down": {"uv": [17, 112], "uv_size": [2, -6]}
							}
						},
						{
							"origin": [11, 11.5, -4],
							"size": [1.5, 1, 2],
							"uv": {
								"north": {"uv": [40, 99], "uv_size": [2, 1]},
								"south": {"uv": [40, 101], "uv_size": [2, 1]},
								"up": {"uv": [36, 121], "uv_size": [2, 2]},
								"down": {"uv": [37, 101], "uv_size": [2, -2]}
							}
						},
						{
							"origin": [1.3, 10.9875, -5.65685],
							"size": [1.2, 2.025, 5.65685],
							"pivot": [2.5, 12.5, 0],
							"rotation": [0, -45, 0],
							"uv": {
								"west": {"uv": [21, 91], "uv_size": [6, 2]},
								"up": {"uv": [24, 117], "uv_size": [1, 6]},
								"down": {"uv": [26, 123], "uv_size": [1, -6]}
							}
						},
						{
							"origin": [12.5, 11.5125, -4],
							"size": [5, 0.975, 2],
							"pivot": [12.5, 12.5, -4],
							"rotation": [0, -45, 0],
							"uv": {
								"north": {"uv": [33, 93], "uv_size": [5, 1]},
								"south": {"uv": [33, 95], "uv_size": [5, 1]},
								"up": {"uv": [26, 97], "uv_size": [5, 2]},
								"down": {"uv": [26, 108], "uv_size": [5, -2]}
							}
						},
						{
							"origin": [17.75, 11.2625, -2.06066],
							"size": [2.16421, 1.475, 4.06066],
							"pivot": [17.75, 12.5, -1],
							"rotation": [0, -45, 0],
							"uv": {
								"east": {"uv": [37, 91], "uv_size": [4, 1]},
								"up": {"uv": [11, 113], "uv_size": [2, 4]},
								"down": {"uv": [14, 117], "uv_size": [2, -4]}
							}
						},
						{
							"origin": [14.5, 11.5, -1.5],
							"size": [5, 1, 2.5],
							"uv": {
								"north": {"uv": [11, 118], "uv_size": [5, 1]},
								"up": {"uv": [0, 100], "uv_size": [5, 3]},
								"down": {"uv": [6, 103], "uv_size": [5, -3]}
							}
						},
						{
							"origin": [-4.5, 11.5, 1],
							"size": [8, 1, 1],
							"pivot": [1, 12, 1.5],
							"rotation": [-45, 0, 0],
							"uv": {
								"north": {"uv": [27, 104], "uv_size": [8, 1]},
								"east": {"uv": [35, 126], "uv_size": [1, 1]},
								"south": {"uv": [28, 91], "uv_size": [8, 1]},
								"west": {"uv": [37, 126], "uv_size": [1, 1]},
								"up": {"uv": [17, 115], "uv_size": [8, 1]},
								"down": {"uv": [26, 116], "uv_size": [8, -1]}
							}
						},
						{
							"origin": [7.5, 11.25, 1],
							"size": [11, 1.5, 2],
							"uv": {
								"north": {"uv": [0, 85], "uv_size": [11, 2]},
								"east": {"uv": [37, 111], "uv_size": [2, 2]},
								"south": {"uv": [0, 88], "uv_size": [11, 2]},
								"west": {"uv": [30, 122], "uv_size": [2, 2]},
								"up": {"uv": [0, 91], "uv_size": [11, 2]},
								"down": {"uv": [0, 96], "uv_size": [11, -2]}
							}
						},
						{
							"origin": [5.5, 11.25, 0],
							"size": [2, 1.5, 1],
							"uv": {
								"north": {"uv": [0, 123], "uv_size": [2, 2]},
								"east": {"uv": [17, 125], "uv_size": [1, 2]},
								"up": {"uv": [19, 125], "uv_size": [2, 1]},
								"down": {"uv": [40, 109], "uv_size": [2, -1]}
							}
						},
						{
							"origin": [7.5, 11.2625, 0],
							"size": [2, 1.475, 0.70731],
							"pivot": [7.5, 12, 0],
							"rotation": [0, -45, 0],
							"uv": {
								"north": {"uv": [40, 110], "uv_size": [2, 1]},
								"up": {"uv": [40, 112], "uv_size": [2, 1]},
								"down": {"uv": [28, 126], "uv_size": [2, -1]}
							}
						},
						{
							"origin": [7.5, 11.2375, 0.17157],
							"size": [1.41421, 1.525, 2.82843],
							"pivot": [7.5, 12, 3],
							"rotation": [0, 45, 0],
							"uv": {
								"east": {"uv": [32, 106], "uv_size": [3, 2]},
								"up": {"uv": [6, 107], "uv_size": [1, 3]},
								"down": {"uv": [15, 126], "uv_size": [1, -3]}
							}
						},
						{
							"origin": [18.5, 11.25, -1.75],
							"size": [1, 1.5, 4.75],
							"uv": {
								"north": {"uv": [31, 125], "uv_size": [1, 2]},
								"south": {"uv": [0, 126], "uv_size": [1, 2]},
								"up": {"uv": [17, 119], "uv_size": [1, 5]},
								"down": {"uv": [19, 124], "uv_size": [1, -5]}
							}
						},
						{
							"origin": [19.5, 11, -2],
							"size": [1, 2, 5],
							"uv": {
								"north": {"uv": [41, 85], "uv_size": [1, 2]},
								"east": {"uv": [26, 109], "uv_size": [5, 2]},
								"south": {"uv": [2, 126], "uv_size": [1, 2]},
								"west": {"uv": [27, 94], "uv_size": [5, 2]},
								"up": {"uv": [21, 119], "uv_size": [1, 5]},
								"down": {"uv": [28, 124], "uv_size": [1, -5]}
							}
						},
						{
							"origin": [4.5, 11.5125, -1.65685],
							"size": [2, 0.975, 2],
							"pivot": [4.5, 12.5, 4],
							"rotation": [0, -45, 0],
							"uv": {
								"north": {"uv": [40, 114], "uv_size": [2, 1]},
								"east": {"uv": [41, 88], "uv_size": [2, 1]},
								"south": {"uv": [4, 126], "uv_size": [2, 1]},
								"west": {"uv": [7, 126], "uv_size": [2, 1]},
								"up": {"uv": [3, 123], "uv_size": [2, 2]},
								"down": {"uv": [6, 125], "uv_size": [2, -2]}
							}
						},
						{
							"origin": [10.5, 11.5125, -1.65685],
							"size": [2, 0.975, 2],
							"pivot": [10.5, 12.5, 4],
							"rotation": [0, -45, 0],
							"uv": {
								"east": {"uv": [41, 93], "uv_size": [2, 1]},
								"up": {"uv": [9, 123], "uv_size": [2, 2]},
								"down": {"uv": [12, 125], "uv_size": [2, -2]}
							}
						}
					]
				},
				{
					"name": "bone2",
					"pivot": [0.5, 1, 0],
					"cubes": [
						{
							"origin": [-6, 9, -8],
							"size": [28, 2, 2],
							"uv": {
								"north": {"uv": [50, 42], "uv_size": [28, 2]},
								"south": {"uv": [54, 21], "uv_size": [28, 2]},
								"up": {"uv": [24, 54], "uv_size": [28, 2]}
							}
						},
						{
							"origin": [-1, 9, 1],
							"size": [1, 3, 1],
							"uv": {
								"north": {"uv": [7, 74], "uv_size": [1, 4]},
								"east": {"uv": [7, 74], "uv_size": [1, 4]},
								"south": {"uv": [7, 74], "uv_size": [1, 4]},
								"west": {"uv": [7, 74], "uv_size": [1, 4]},
								"up": {"uv": [77, 38], "uv_size": [1, 1]}
							}
						},
						{
							"origin": [-1, 9, -1],
							"size": [1, 2, 1],
							"uv": {
								"north": {"uv": [7, 74], "uv_size": [1, 4]},
								"east": {"uv": [7, 74], "uv_size": [1, 4]},
								"south": {"uv": [7, 74], "uv_size": [1, 4]},
								"west": {"uv": [7, 74], "uv_size": [1, 4]},
								"up": {"uv": [77, 38], "uv_size": [1, 1]}
							}
						},
						{
							"origin": [16, 9, -1],
							"size": [1, 2, 1],
							"uv": {
								"north": {"uv": [8, 74], "uv_size": [-1, 4]},
								"east": {"uv": [8, 74], "uv_size": [-1, 4]},
								"south": {"uv": [8, 74], "uv_size": [-1, 4]},
								"west": {"uv": [8, 74], "uv_size": [-1, 4]},
								"up": {"uv": [78, 38], "uv_size": [-1, 1]}
							}
						},
						{
							"origin": [16, 9, 1],
							"size": [1, 3, 1],
							"uv": {
								"north": {"uv": [8, 74], "uv_size": [-1, 4]},
								"east": {"uv": [8, 74], "uv_size": [-1, 4]},
								"south": {"uv": [8, 74], "uv_size": [-1, 4]},
								"west": {"uv": [8, 74], "uv_size": [-1, 4]},
								"up": {"uv": [78, 38], "uv_size": [-1, 1]}
							}
						},
						{
							"origin": [-3, 4, -9],
							"size": [1, 1, 18],
							"uv": {
								"north": {"uv": [39, 77], "uv_size": [1, 1]},
								"east": {"uv": [33, 11], "uv_size": [18, 1]},
								"south": {"uv": [51, 77], "uv_size": [1, 1]},
								"west": {"uv": [66, 59], "uv_size": [18, 1]},
								"down": {"uv": [9, 85], "uv_size": [1, -18]}
							}
						},
						{
							"origin": [-5, 2, -8],
							"size": [3, 3, 16],
							"uv": {
								"north": {"uv": [34, 71], "uv_size": [3, 3]},
								"east": {"uv": [31, 57], "uv_size": [16, 3]},
								"south": {"uv": [34, 71], "uv_size": [3, 3]},
								"west": {"uv": [57, 45], "uv_size": [16, 3]}
							}
						},
						{
							"origin": [-5, 0, -6],
							"size": [3, 2, 12],
							"uv": {
								"east": {"uv": [16, 66], "uv_size": [12, 2]},
								"west": {"uv": [66, 53], "uv_size": [12, 2]},
								"down": {"uv": [48, 69], "uv_size": [3, -12]}
							}
						},
						{
							"origin": [-5.001, 0, -8.82843],
							"size": [3.002, 2, 2.82843],
							"pivot": [-3, 0, -6],
							"rotation": [-45, 0, 0],
							"uv": {
								"east": {"uv": [28, 74], "uv_size": [3, 2]},
								"west": {"uv": [75, 18], "uv_size": [3, 2]},
								"down": {"uv": [38, 74], "uv_size": [3, -3]}
							}
						},
						{
							"origin": [-8, 5, -8],
							"size": [10, 4, 16],
							"uv": {
								"north": {"uv": [13, 60], "uv_size": [10, 4]},
								"east": {"uv": [54, 11], "uv_size": [16, 4]},
								"south": {"uv": [24, 61], "uv_size": [10, 4]},
								"west": {"uv": [54, 16], "uv_size": [16, 4]},
								"up": {"uv": [13, 39], "uv_size": [10, 16]}
							}
						},
						{
							"origin": [2, 6, -8],
							"size": [12, 3, 16],
							"uv": {
								"north": {"uv": [35, 61], "uv_size": [12, 3]},
								"south": {"uv": [35, 61], "uv_size": [12, 3]},
								"up": {"uv": [37, 28], "uv_size": [12, 16]},
								"down": {"uv": [0, 55], "uv_size": [12, -16]}
							}
						},
						{
							"origin": [2, 4, -7],
							"size": [12, 2, 14],
							"uv": {
								"north": {"uv": [66, 56], "uv_size": [12, 2]},
								"south": {"uv": [29, 68], "uv_size": [12, 2]}
							}
						},
						{
							"origin": [-8.001, 2.17157, -8],
							"size": [10.002, 2.82843, 2],
							"pivot": [8, 5, -8],
							"rotation": [45, 0, 0],
							"uv": {
								"north": {"uv": [61, 49], "uv_size": [10, 3]},
								"east": {"uv": [32, 75], "uv_size": [2, 3]},
								"west": {"uv": [75, 32], "uv_size": [2, 3]}
							}
						},
						{
							"origin": [2, 2.17157, -8],
							"size": [12, 1.41422, 2],
							"pivot": [-2, 5, -8],
							"rotation": [45, 0, 0],
							"uv": {
								"north": {"uv": [71, 10], "uv_size": [12, 1]}
							}
						},
						{
							"origin": [-8, 1, -6],
							"size": [32, 4, 12],
							"uv": {
								"north": {"uv": [24, 45], "uv_size": [32, 4]},
								"east": {"uv": [24, 39], "uv_size": [12, 4]},
								"south": {"uv": [24, 45], "uv_size": [32, 4]},
								"west": {"uv": [24, 39], "uv_size": [12, 4]},
								"down": {"uv": [0, 12], "uv_size": [32, -12]}
							}
						},
						{
							"origin": [-10, 2, -5],
							"size": [36, 3, 10],
							"uv": {
								"north": {"uv": [24, 50], "uv_size": [36, 3]},
								"east": {"uv": [57, 61], "uv_size": [10, 3]},
								"south": {"uv": [24, 50], "uv_size": [36, 3]},
								"west": {"uv": [57, 61], "uv_size": [10, 3]},
								"up": {"uv": [0, 28], "uv_size": [36, 10]},
								"down": {"uv": [33, 10], "uv_size": [36, -10]}
							}
						},
						{
							"origin": [-10.001, 2.17157, -7],
							"size": [36.002, 2.82843, 1.41421],
							"pivot": [8, 5, -7],
							"rotation": [45, 0, 0],
							"uv": {
								"north": {"uv": [50, 28], "uv_size": [36, 3]},
								"east": {"uv": [76, 12], "uv_size": [1, 3]},
								"west": {"uv": [16, 76], "uv_size": [1, 3]}
							}
						},
						{
							"origin": [-10.001, 2.17157, 5.58579],
							"size": [36.002, 2.82843, 1.41421],
							"pivot": [8, 5, 7],
							"rotation": [-45, 0, 0],
							"uv": {
								"east": {"uv": [77, 12], "uv_size": [-1, 3]},
								"south": {"uv": [86, 28], "uv_size": [-36, 3]},
								"west": {"uv": [17, 76], "uv_size": [-1, 3]}
							}
						},
						{
							"origin": [2, 2.17157, 6],
							"size": [12, 1.41422, 2],
							"pivot": [-2, 5, 8],
							"rotation": [-45, 0, 0],
							"uv": {
								"south": {"uv": [83, 10], "uv_size": [-12, 1]}
							}
						},
						{
							"origin": [-6, 9, 6],
							"size": [28, 2, 2],
							"uv": {
								"north": {"uv": [82, 21], "uv_size": [-28, 2]},
								"south": {"uv": [78, 42], "uv_size": [-28, 2]},
								"up": {"uv": [24, 56], "uv_size": [28, -2]}
							}
						},
						{
							"origin": [-9, 5, -4],
							"size": [3, 6, 8],
							"uv": {
								"east": {"uv": [57, 54], "uv_size": [8, 6]},
								"west": {"uv": [4, 60], "uv_size": [8, 6]}
							}
						},
						{
							"origin": [-9.29289, 8.17157, -4],
							"size": [2.12132, 2.12132, 8.001],
							"pivot": [-10, 11, 3],
							"rotation": [0, 0, -45],
							"uv": {
								"west": {"uv": [16, 69], "uv_size": [8, 2]},
								"up": {"uv": [25, 69], "uv_size": [2, 8]}
							}
						},
						{
							"origin": [-5, 4, -9],
							"size": [1, 1, 18],
							"uv": {
								"north": {"uv": [53, 77], "uv_size": [1, 1]},
								"east": {"uv": [61, 68], "uv_size": [18, 1]},
								"south": {"uv": [61, 77], "uv_size": [1, 1]},
								"west": {"uv": [68, 61], "uv_size": [18, 1]},
								"down": {"uv": [11, 85], "uv_size": [1, -18]}
							}
						},
						{
							"origin": [-8.82843, 8.17157, -8.001],
							"size": [2.82843, 2.82843, 5.001],
							"pivot": [-6, 11, 0],
							"rotation": [0, 0, -45],
							"uv": {
								"north": {"uv": [51, 73], "uv_size": [3, 3]},
								"south": {"uv": [61, 73], "uv_size": [3, 3]},
								"west": {"uv": [69, 32], "uv_size": [5, 3]},
								"up": {"uv": [69, 36], "uv_size": [3, 5]}
							}
						},
						{
							"origin": [-8.82843, 8.17157, -2],
							"size": [2.82843, 2.82843, 4],
							"pivot": [-6, 11, -3],
							"rotation": [0, 0, -45],
							"uv": {
								"north": {"uv": [65, 73], "uv_size": [3, 3]},
								"south": {"uv": [69, 73], "uv_size": [3, 3]},
								"west": {"uv": [71, 12], "uv_size": [4, 3]}
							}
						},
						{
							"origin": [-5, 5, -9],
							"size": [3, 4, 18],
							"uv": {
								"north": {"uv": [71, 16], "uv_size": [3, 4]},
								"east": {"uv": [50, 32], "uv_size": [18, 4]},
								"south": {"uv": [71, 16], "uv_size": [3, 4]},
								"west": {"uv": [50, 37], "uv_size": [18, 4]},
								"up": {"uv": [53, 54], "uv_size": [3, 18]},
								"down": {"uv": [0, 74], "uv_size": [3, -18]}
							}
						},
						{
							"origin": [-4, 11, -8],
							"size": [5, 1, 2],
							"uv": {
								"north": {"uv": [29, 66], "uv_size": [5, 1]},
								"south": {"uv": [35, 75], "uv_size": [5, 1]},
								"up": {"uv": [28, 71], "uv_size": [5, 2]}
							}
						},
						{
							"origin": [-5.91421, 10.37868, -8.001],
							"size": [1.41421, 1.41421, 2.002],
							"pivot": [-4.5, 12.5, -7.5],
							"rotation": [0, 0, -45],
							"uv": {
								"north": {"uv": [63, 77], "uv_size": [1, 1]},
								"south": {"uv": [65, 77], "uv_size": [1, 1]},
								"up": {"uv": [22, 76], "uv_size": [1, 2]}
							}
						},
						{
							"origin": [-0.91421, 10.37868, -8.001],
							"size": [1.41421, 1.41421, 2.002],
							"pivot": [0.5, 12.5, -7.5],
							"rotation": [0, 0, -45],
							"uv": {
								"north": {"uv": [67, 77], "uv_size": [1, 1]},
								"south": {"uv": [69, 77], "uv_size": [1, 1]},
								"west": {"uv": [76, 49], "uv_size": [2, 1]}
							}
						},
						{
							"origin": [-8.001, 2.17157, 6],
							"size": [10.002, 2.82843, 2],
							"pivot": [8, 5, 8],
							"rotation": [-45, 0, 0],
							"uv": {
								"east": {"uv": [34, 75], "uv_size": [-2, 3]},
								"south": {"uv": [71, 49], "uv_size": [-10, 3]},
								"west": {"uv": [77, 32], "uv_size": [-2, 3]}
							}
						},
						{
							"origin": [-5.001, 0, 6],
							"size": [3.002, 2, 2.82843],
							"pivot": [-3, 0, 6],
							"rotation": [45, 0, 0],
							"uv": {
								"east": {"uv": [31, 74], "uv_size": [-3, 2]},
								"west": {"uv": [78, 18], "uv_size": [-3, 2]},
								"down": {"uv": [38, 71], "uv_size": [3, 3]}
							}
						},
						{
							"origin": [-0.91421, 10.37868, 5.999],
							"size": [1.41421, 1.41421, 2.002],
							"pivot": [0.5, 12.5, 7.5],
							"rotation": [0, 0, -45],
							"uv": {
								"north": {"uv": [70, 77], "uv_size": [-1, 1]},
								"south": {"uv": [68, 77], "uv_size": [-1, 1]},
								"west": {"uv": [78, 49], "uv_size": [-2, 1]}
							}
						},
						{
							"origin": [-5.91421, 10.37868, 5.999],
							"size": [1.41421, 1.41421, 2.002],
							"pivot": [-4.5, 12.5, 7.5],
							"rotation": [0, 0, -45],
							"uv": {
								"north": {"uv": [66, 77], "uv_size": [-1, 1]},
								"south": {"uv": [64, 77], "uv_size": [-1, 1]},
								"up": {"uv": [22, 78], "uv_size": [1, -2]}
							}
						},
						{
							"origin": [-4, 11, 6],
							"size": [5, 1, 2],
							"uv": {
								"north": {"uv": [40, 75], "uv_size": [-5, 1]},
								"south": {"uv": [34, 66], "uv_size": [-5, 1]},
								"up": {"uv": [28, 73], "uv_size": [5, -2]}
							}
						},
						{
							"origin": [-8.82843, 8.17157, 3],
							"size": [2.82843, 2.82843, 5.001],
							"pivot": [-6, 11, 0],
							"rotation": [0, 0, -45],
							"uv": {
								"north": {"uv": [64, 73], "uv_size": [-3, 3]},
								"south": {"uv": [54, 73], "uv_size": [-3, 3]},
								"west": {"uv": [74, 32], "uv_size": [-5, 3]},
								"up": {"uv": [69, 41], "uv_size": [3, -5]}
							}
						},
						{
							"origin": [18, 4, -9],
							"size": [1, 1, 18],
							"uv": {
								"north": {"uv": [40, 77], "uv_size": [-1, 1]},
								"east": {"uv": [84, 59], "uv_size": [-18, 1]},
								"south": {"uv": [52, 77], "uv_size": [-1, 1]},
								"west": {"uv": [51, 11], "uv_size": [-18, 1]},
								"down": {"uv": [10, 85], "uv_size": [-1, -18]}
							}
						},
						{
							"origin": [18, 2, -8],
							"size": [3, 3, 16],
							"uv": {
								"north": {"uv": [37, 71], "uv_size": [-3, 3]},
								"east": {"uv": [73, 45], "uv_size": [-16, 3]},
								"south": {"uv": [37, 71], "uv_size": [-3, 3]},
								"west": {"uv": [47, 57], "uv_size": [-16, 3]}
							}
						},
						{
							"origin": [20, 4, -9],
							"size": [1, 1, 18],
							"uv": {
								"north": {"uv": [54, 77], "uv_size": [-1, 1]},
								"east": {"uv": [86, 61], "uv_size": [-18, 1]},
								"south": {"uv": [62, 77], "uv_size": [-1, 1]},
								"west": {"uv": [79, 68], "uv_size": [-18, 1]},
								"down": {"uv": [12, 85], "uv_size": [-1, -18]}
							}
						},
						{
							"origin": [18, 5, -9],
							"size": [3, 4, 18],
							"uv": {
								"north": {"uv": [74, 16], "uv_size": [-3, 4]},
								"east": {"uv": [68, 37], "uv_size": [-18, 4]},
								"south": {"uv": [74, 16], "uv_size": [-3, 4]},
								"west": {"uv": [68, 32], "uv_size": [-18, 4]},
								"up": {"uv": [56, 54], "uv_size": [-3, 18]},
								"down": {"uv": [3, 74], "uv_size": [-3, -18]}
							}
						},
						{
							"origin": [14, 5, -8],
							"size": [10, 4, 16],
							"uv": {
								"north": {"uv": [24, 61], "uv_size": [10, 4]},
								"east": {"uv": [54, 16], "uv_size": [16, 4]},
								"south": {"uv": [13, 60], "uv_size": [10, 4]},
								"west": {"uv": [54, 11], "uv_size": [16, 4]},
								"up": {"uv": [23, 55], "uv_size": [-10, -16]}
							}
						},
						{
							"origin": [18, 0, -6],
							"size": [3, 2, 12],
							"uv": {
								"east": {"uv": [78, 53], "uv_size": [-12, 2]},
								"west": {"uv": [28, 66], "uv_size": [-12, 2]},
								"down": {"uv": [51, 69], "uv_size": [-3, -12]}
							}
						},
						{
							"origin": [13.999, 2.17157, -8],
							"size": [10.002, 2.82843, 2],
							"pivot": [8, 5, -8],
							"rotation": [45, 0, 0],
							"uv": {
								"north": {"uv": [71, 49], "uv_size": [-10, 3]},
								"east": {"uv": [77, 32], "uv_size": [-2, 3]},
								"west": {"uv": [34, 75], "uv_size": [-2, 3]}
							}
						},
						{
							"origin": [17.999, 0, -8.82843],
							"size": [3.002, 2, 2.82843],
							"pivot": [19, 0, -6],
							"rotation": [-45, 0, 0],
							"uv": {
								"east": {"uv": [78, 18], "uv_size": [-3, 2]},
								"west": {"uv": [31, 74], "uv_size": [-3, 2]},
								"down": {"uv": [41, 74], "uv_size": [-3, -3]}
							}
						},
						{
							"origin": [18.08579, 10.37868, -8.001],
							"size": [1.41421, 1.41421, 2.002],
							"pivot": [19.5, 12.5, -7.5],
							"rotation": [0, 0, -45],
							"uv": {
								"north": {"uv": [67, 77], "uv_size": [1, 1]},
								"south": {"uv": [69, 77], "uv_size": [1, 1]},
								"west": {"uv": [76, 49], "uv_size": [2, 1]}
							}
						},
						{
							"origin": [13.08579, 10.37868, -8.001],
							"size": [1.41421, 1.41421, 2.002],
							"pivot": [14.5, 12.5, -7.5],
							"rotation": [0, 0, -45],
							"uv": {
								"north": {"uv": [63, 77], "uv_size": [1, 1]},
								"south": {"uv": [65, 77], "uv_size": [1, 1]},
								"up": {"uv": [22, 76], "uv_size": [1, 2]}
							}
						},
						{
							"origin": [15, 11, -8],
							"size": [5, 1, 2],
							"uv": {
								"north": {"uv": [34, 66], "uv_size": [-5, 1]},
								"south": {"uv": [40, 75], "uv_size": [-5, 1]},
								"up": {"uv": [33, 71], "uv_size": [-5, 2]}
							}
						},
						{
							"origin": [23.17157, 8.17157, -4],
							"size": [2.12132, 2.12132, 8.001],
							"pivot": [26, 11, 3],
							"rotation": [0, 0, 45],
							"uv": {
								"east": {"uv": [24, 69], "uv_size": [-8, 2]},
								"up": {"uv": [27, 69], "uv_size": [-2, 8]}
							}
						},
						{
							"origin": [23.17157, 8.17157, -7.002],
							"size": [2.82843, 2.82843, 3.003],
							"pivot": [26, 11, 0],
							"rotation": [0, 0, 45],
							"uv": {
								"north": {"uv": [19, 72], "uv_size": [-3, 3]},
								"east": {"uv": [75, 49], "uv_size": [-3, 3]},
								"south": {"uv": [23, 72], "uv_size": [-3, 3]},
								"up": {"uv": [76, 36], "uv_size": [-3, 3]}
							}
						},
						{
							"origin": [22, 5, -7.001],
							"size": [4, 6, 3.002],
							"uv": {
								"north": {"uv": [8, 67], "uv_size": [-4, 6]},
								"south": {"uv": [46, 68], "uv_size": [-4, 6]},
								"west": {"uv": [60, 68], "uv_size": [-3, 6]}
							}
						},
						{
							"origin": [22, 5, 3.999],
							"size": [4, 6, 3.002],
							"uv": {
								"north": {"uv": [42, 68], "uv_size": [4, 6]},
								"south": {"uv": [4, 67], "uv_size": [4, 6]},
								"west": {"uv": [57, 68], "uv_size": [3, 6]}
							}
						},
						{
							"origin": [23.17157, 8.17157, 3.999],
							"size": [2.82843, 2.82843, 3.003],
							"pivot": [26, 11, 0],
							"rotation": [0, 0, 45],
							"uv": {
								"north": {"uv": [20, 72], "uv_size": [3, 3]},
								"east": {"uv": [72, 49], "uv_size": [3, 3]},
								"south": {"uv": [16, 72], "uv_size": [3, 3]},
								"up": {"uv": [76, 39], "uv_size": [-3, -3]}
							}
						},
						{
							"origin": [-10, 5, -7.001],
							"size": [4, 6, 3.002],
							"uv": {
								"north": {"uv": [4, 67], "uv_size": [4, 6]},
								"east": {"uv": [57, 68], "uv_size": [3, 6]},
								"south": {"uv": [42, 68], "uv_size": [4, 6]}
							}
						},
						{
							"origin": [-10, 8.17157, -7.002],
							"size": [2.82843, 2.82843, 3.003],
							"pivot": [-10, 11, 0],
							"rotation": [0, 0, -45],
							"uv": {
								"north": {"uv": [16, 72], "uv_size": [3, 3]},
								"south": {"uv": [20, 72], "uv_size": [3, 3]},
								"west": {"uv": [72, 49], "uv_size": [3, 3]},
								"up": {"uv": [73, 36], "uv_size": [3, 3]}
							}
						},
						{
							"origin": [-10, 8.17157, 3.999],
							"size": [2.82843, 2.82843, 3.003],
							"pivot": [-10, 11, 0],
							"rotation": [0, 0, -45],
							"uv": {
								"north": {"uv": [23, 72], "uv_size": [-3, 3]},
								"south": {"uv": [19, 72], "uv_size": [-3, 3]},
								"west": {"uv": [75, 49], "uv_size": [-3, 3]},
								"up": {"uv": [73, 39], "uv_size": [3, -3]}
							}
						},
						{
							"origin": [-10, 5, 3.999],
							"size": [4, 6, 3.002],
							"uv": {
								"north": {"uv": [46, 68], "uv_size": [-4, 6]},
								"east": {"uv": [60, 68], "uv_size": [-3, 6]},
								"south": {"uv": [8, 67], "uv_size": [-4, 6]}
							}
						},
						{
							"origin": [22, 5, -4],
							"size": [3, 6, 8],
							"uv": {
								"east": {"uv": [12, 60], "uv_size": [-8, 6]},
								"west": {"uv": [65, 54], "uv_size": [-8, 6]}
							}
						},
						{
							"origin": [22, 8.17157, -2],
							"size": [2.82843, 2.82843, 4],
							"pivot": [22, 11, -3],
							"rotation": [0, 0, 45],
							"uv": {
								"north": {"uv": [68, 73], "uv_size": [-3, 3]},
								"east": {"uv": [75, 12], "uv_size": [-4, 3]},
								"south": {"uv": [72, 73], "uv_size": [-3, 3]}
							}
						},
						{
							"origin": [22, 8.17157, -8.001],
							"size": [2.82843, 2.82843, 5.001],
							"pivot": [22, 11, 0],
							"rotation": [0, 0, 45],
							"uv": {
								"north": {"uv": [54, 73], "uv_size": [-3, 3]},
								"east": {"uv": [74, 32], "uv_size": [-5, 3]},
								"south": {"uv": [64, 73], "uv_size": [-3, 3]},
								"up": {"uv": [72, 36], "uv_size": [-3, 5]}
							}
						},
						{
							"origin": [22, 8.17157, 3],
							"size": [2.82843, 2.82843, 5.001],
							"pivot": [22, 11, 0],
							"rotation": [0, 0, 45],
							"uv": {
								"north": {"uv": [61, 73], "uv_size": [3, 3]},
								"east": {"uv": [69, 32], "uv_size": [5, 3]},
								"south": {"uv": [51, 73], "uv_size": [3, 3]},
								"up": {"uv": [72, 41], "uv_size": [-3, -5]}
							}
						},
						{
							"origin": [15, 11, 6],
							"size": [5, 1, 2],
							"uv": {
								"north": {"uv": [35, 75], "uv_size": [5, 1]},
								"south": {"uv": [29, 66], "uv_size": [5, 1]},
								"up": {"uv": [33, 73], "uv_size": [-5, -2]}
							}
						},
						{
							"origin": [13.08579, 10.37868, 5.999],
							"size": [1.41421, 1.41421, 2.002],
							"pivot": [14.5, 12.5, 7.5],
							"rotation": [0, 0, -45],
							"uv": {
								"north": {"uv": [66, 77], "uv_size": [-1, 1]},
								"south": {"uv": [64, 77], "uv_size": [-1, 1]},
								"up": {"uv": [22, 78], "uv_size": [1, -2]}
							}
						},
						{
							"origin": [18.08579, 10.37868, 5.999],
							"size": [1.41421, 1.41421, 2.002],
							"pivot": [19.5, 12.5, 7.5],
							"rotation": [0, 0, -45],
							"uv": {
								"north": {"uv": [70, 77], "uv_size": [-1, 1]},
								"south": {"uv": [68, 77], "uv_size": [-1, 1]},
								"west": {"uv": [78, 49], "uv_size": [-2, 1]}
							}
						},
						{
							"origin": [17.999, 0, 6],
							"size": [3.002, 2, 2.82843],
							"pivot": [19, 0, 6],
							"rotation": [45, 0, 0],
							"uv": {
								"east": {"uv": [75, 18], "uv_size": [3, 2]},
								"west": {"uv": [28, 74], "uv_size": [3, 2]},
								"down": {"uv": [41, 71], "uv_size": [-3, 3]}
							}
						},
						{
							"origin": [13.999, 2.17157, 6],
							"size": [10.002, 2.82843, 2],
							"pivot": [8, 5, 8],
							"rotation": [-45, 0, 0],
							"uv": {
								"east": {"uv": [75, 32], "uv_size": [2, 3]},
								"south": {"uv": [61, 49], "uv_size": [10, 3]},
								"west": {"uv": [32, 75], "uv_size": [2, 3]}
							}
						}
					]
				},
				{
					"name": "bone5",
					"parent": "bone2",
					"pivot": [8, 11.5, 6.5],
					"rotation": [-95, 0, 0],
					"cubes": [
						{
							"origin": [-6, 11, -7],
							"size": [1, 3, 14],
							"uv": {
								"north": {"uv": [73, 75], "uv_size": [1, 3]},
								"south": {"uv": [75, 75], "uv_size": [1, 3]},
								"up": {"uv": [47, 70], "uv_size": [1, 14]},
								"down": {"uv": [49, 84], "uv_size": [1, -14]}
							}
						},
						{
							"origin": [-5, 12, -7],
							"size": [26, 2, 14],
							"uv": {
								"north": {"uv": [54, 24], "uv_size": [26, 2]},
								"south": {"uv": [4, 57], "uv_size": [26, 2]},
								"up": {"uv": [0, 13], "uv_size": [26, 14]},
								"down": {"uv": [27, 27], "uv_size": [26, -14]}
							}
						},
						{
							"origin": [2, 11, -7],
							"size": [12, 1, 2],
							"uv": {
								"north": {"uv": [70, 0], "uv_size": [12, 1]},
								"south": {"uv": [70, 2], "uv_size": [12, 1]},
								"down": {"uv": [35, 67], "uv_size": [12, -2]}
							}
						},
						{
							"origin": [2, 11, 5],
							"size": [12, 1, 2],
							"uv": {
								"north": {"uv": [82, 2], "uv_size": [-12, 1]},
								"south": {"uv": [82, 0], "uv_size": [-12, 1]},
								"down": {"uv": [35, 65], "uv_size": [12, 2]}
							}
						},
						{
							"origin": [-5, 11, -6],
							"size": [7, 1, 1],
							"uv": {
								"north": {"uv": [72, 65], "uv_size": [7, 1]},
								"south": {"uv": [73, 40], "uv_size": [7, 1]},
								"down": {"uv": [73, 74], "uv_size": [7, -1]}
							}
						},
						{
							"origin": [-7.17157, 8.17157, -7.002],
							"size": [2.12132, 2.12132, 14.004],
							"pivot": [-10, 11, 0],
							"rotation": [0, 0, -45],
							"uv": {
								"north": {"uv": [41, 75], "uv_size": [2, 2]},
								"east": {"uv": [57, 65], "uv_size": [14, 2]},
								"south": {"uv": [44, 75], "uv_size": [2, 2]},
								"up": {"uv": [13, 65], "uv_size": [2, 14]}
							}
						},
						{
							"origin": [-6.41421, 11, -7.001],
							"size": [1.41421, 1.41421, 14.001],
							"pivot": [-5, 11, 0],
							"rotation": [0, 0, 45],
							"uv": {
								"north": {"uv": [52, 11], "uv_size": [1, 1]},
								"south": {"uv": [55, 73], "uv_size": [1, 1]},
								"west": {"uv": [68, 63], "uv_size": [14, 1]}
							}
						},
						{
							"origin": [2, 11, -7.001],
							"size": [1.41421, 1.41421, 1.001],
							"pivot": [2, 11, 0],
							"rotation": [0, 0, -45],
							"uv": {
								"north": {"uv": [76, 51], "uv_size": [1, 1]},
								"east": {"uv": [0, 77], "uv_size": [1, 1]}
							}
						},
						{
							"origin": [-5, 11, 5],
							"size": [7, 1, 1],
							"uv": {
								"north": {"uv": [80, 40], "uv_size": [-7, 1]},
								"south": {"uv": [79, 65], "uv_size": [-7, 1]},
								"down": {"uv": [73, 73], "uv_size": [7, 1]}
							}
						},
						{
							"origin": [2, 11, 6],
							"size": [1.41421, 1.41421, 1.001],
							"pivot": [2, 11, 0],
							"rotation": [0, 0, -45],
							"uv": {
								"east": {"uv": [1, 77], "uv_size": [-1, 1]},
								"south": {"uv": [77, 51], "uv_size": [-1, 1]}
							}
						},
						{
							"origin": [21, 11, -7],
							"size": [1, 3, 14],
							"uv": {
								"north": {"uv": [74, 75], "uv_size": [-1, 3]},
								"south": {"uv": [76, 75], "uv_size": [-1, 3]},
								"up": {"uv": [48, 70], "uv_size": [-1, 14]},
								"down": {"uv": [50, 84], "uv_size": [-1, -14]}
							}
						},
						{
							"origin": [14, 11, -6],
							"size": [7, 1, 1],
							"uv": {
								"north": {"uv": [79, 65], "uv_size": [-7, 1]},
								"south": {"uv": [80, 40], "uv_size": [-7, 1]},
								"down": {"uv": [80, 74], "uv_size": [-7, -1]}
							}
						},
						{
							"origin": [12.58579, 11, -7.001],
							"size": [1.41421, 1.41421, 1.001],
							"pivot": [14, 11, 0],
							"rotation": [0, 0, 45],
							"uv": {
								"north": {"uv": [77, 51], "uv_size": [-1, 1]},
								"west": {"uv": [1, 77], "uv_size": [-1, 1]}
							}
						},
						{
							"origin": [21, 11, -7.001],
							"size": [1.41421, 1.41421, 14.001],
							"pivot": [21, 11, 0],
							"rotation": [0, 0, -45],
							"uv": {
								"north": {"uv": [53, 11], "uv_size": [-1, 1]},
								"east": {"uv": [82, 63], "uv_size": [-14, 1]},
								"south": {"uv": [56, 73], "uv_size": [-1, 1]}
							}
						},
						{
							"origin": [21.05025, 8.17157, -7.002],
							"size": [2.12132, 2.12132, 14.004],
							"pivot": [26, 11, 0],
							"rotation": [0, 0, 45],
							"uv": {
								"north": {"uv": [43, 75], "uv_size": [-2, 2]},
								"south": {"uv": [46, 75], "uv_size": [-2, 2]},
								"west": {"uv": [71, 65], "uv_size": [-14, 2]},
								"up": {"uv": [15, 65], "uv_size": [-2, 14]}
							}
						},
						{
							"origin": [12.58579, 11, 6],
							"size": [1.41421, 1.41421, 1.001],
							"pivot": [14, 11, 0],
							"rotation": [0, 0, 45],
							"uv": {
								"south": {"uv": [76, 51], "uv_size": [1, 1]},
								"west": {"uv": [0, 77], "uv_size": [1, 1]}
							}
						},
						{
							"origin": [14, 11, 5],
							"size": [7, 1, 1],
							"uv": {
								"north": {"uv": [73, 40], "uv_size": [7, 1]},
								"south": {"uv": [72, 65], "uv_size": [7, 1]},
								"down": {"uv": [80, 73], "uv_size": [-7, 1]}
							}
						}
					]
				},
				{
					"name": "bone_illuminated",
					"parent": "bone5",
					"pivot": [8, 12.499, 0],
					"cubes": [
						{
							"origin": [-2, 11.999, -3],
							"size": [20, 1, 6],
							"uv": {
								"down": {"uv": [30, 23], "uv_size": [20, -6]}
							}
						}
					]
				},
				{
					"name": "bone1_illuminated",
					"parent": "bone2",
					"pivot": [8, 1, 0],
					"cubes": [
						{
							"origin": [-3, 8.001, -5],
							"size": [22, 1, 10],
							"uv": {
								"up": {"uv": [77, 103], "uv_size": [-22, -10]}
							}
						}
					]
				},
				{
					"name": "bone6",
					"parent": "bone2",
					"pivot": [0, 10, 1],
					"cubes": [
						{
							"origin": [-3.999, 9, -4.5],
							"size": [5.998, 2, 2],
							"uv": {
								"east": {"uv": [55, 75], "uv_size": [2, 2]},
								"west": {"uv": [58, 75], "uv_size": [2, 2]},
								"up": {"uv": [70, 4], "uv_size": [6, 2]},
								"down": {"uv": [70, 9], "uv_size": [6, -2]}
							}
						},
						{
							"origin": [-4, 9.38268, -4.42388],
							"size": [6, 1.84776, 0.76537],
							"pivot": [-1, 9, -3.5],
							"rotation": [22.5, 0, 0],
							"uv": {
								"north": {"uv": [61, 70], "uv_size": [6, 2]},
								"east": {"uv": [51, 70], "uv_size": [1, 2]},
								"west": {"uv": [75, 70], "uv_size": [1, 2]},
								"up": {"uv": [74, 45], "uv_size": [6, 1]},
								"down": {"uv": [74, 48], "uv_size": [6, -1]}
							}
						},
						{
							"origin": [0.5, 9.88268, -5.42388],
							"size": [1, 0.84776, 1],
							"pivot": [-1, 9, -3.5],
							"rotation": [22.5, 0, 0],
							"uv": {
								"north": {"uv": [2, 77], "uv_size": [1, 1]},
								"east": {"uv": [4, 77], "uv_size": [1, 1]},
								"west": {"uv": [77, 4], "uv_size": [1, 1]},
								"up": {"uv": [77, 6], "uv_size": [1, 1]},
								"down": {"uv": [77, 9], "uv_size": [1, -1]}
							}
						},
						{
							"origin": [-4, 9.38268, -4.42388],
							"size": [6, 1.84776, 0.76537],
							"pivot": [-1, 9, -3.5],
							"rotation": [-157.5, 0, -180],
							"uv": {
								"north": {"uv": [68, 70], "uv_size": [6, 2]},
								"east": {"uv": [18, 76], "uv_size": [1, 2]},
								"west": {"uv": [20, 76], "uv_size": [1, 2]},
								"up": {"uv": [0, 75], "uv_size": [6, 1]},
								"down": {"uv": [75, 17], "uv_size": [6, -1]}
							}
						},
						{
							"origin": [-3.5, 9.88268, -5.42388],
							"size": [1, 0.84776, 1],
							"pivot": [-1, 9, -3.5],
							"rotation": [-157.5, 0, -180],
							"uv": {
								"north": {"uv": [28, 77], "uv_size": [1, 1]},
								"east": {"uv": [30, 77], "uv_size": [1, 1]},
								"west": {"uv": [35, 77], "uv_size": [1, 1]},
								"up": {"uv": [77, 36], "uv_size": [1, 1]},
								"down": {"uv": [37, 78], "uv_size": [1, -1]}
							}
						},
						{
							"origin": [-1.5, 9.88268, -5.42388],
							"size": [1, 0.84776, 1],
							"pivot": [-3, 9, -3.5],
							"rotation": [22.5, 0, 0],
							"uv": {
								"north": {"uv": [2, 77], "uv_size": [1, 1]},
								"east": {"uv": [4, 77], "uv_size": [1, 1]},
								"west": {"uv": [77, 4], "uv_size": [1, 1]},
								"up": {"uv": [77, 6], "uv_size": [1, 1]},
								"down": {"uv": [77, 9], "uv_size": [1, -1]}
							}
						},
						{
							"origin": [-5.5, 9.88268, -5.42388],
							"size": [1, 0.84776, 1],
							"pivot": [-3, 9, -3.5],
							"rotation": [-157.5, 0, -180],
							"uv": {
								"north": {"uv": [28, 77], "uv_size": [1, 1]},
								"east": {"uv": [30, 77], "uv_size": [1, 1]},
								"west": {"uv": [35, 77], "uv_size": [1, 1]},
								"up": {"uv": [77, 36], "uv_size": [1, 1]},
								"down": {"uv": [37, 78], "uv_size": [1, -1]}
							}
						}
					]
				}
			]
		}
	]
}