{
	"format_version": "1.21.0",
	"minecraft:geometry": [
		{
			"description": {
				"identifier": "geometry.unknown",
				"texture_width": 128,
				"texture_height": 128,
				"visible_bounds_width": 5,
				"visible_bounds_height": 1.5,
				"visible_bounds_offset": [0, 0.25, 0]
			},
			"bones": [
				{
					"name": "SWORD",
					"pivot": [0, -1.5, 8],
					"cubes": [
						{
							"origin": [-0.25888, -2.125, 0],
							"size": [0.51777, 1.25, 15],
							"pivot": [0, -1.5, 11],
							"rotation": [0, 0, 135],
							"uv": {
								"up": {"uv": [30, 30], "uv_size": [-1, -30]},
								"down": {"uv": [34, 0], "uv_size": [-1, 30]}
							}
						},
						{
							"origin": [-0.41421, -2.5, 7.5],
							"size": [0.82843, 2, 1],
							"uv": {
								"north": {"uv": [4, 3], "uv_size": [1, 1]},
								"south": {"uv": [4, 3], "uv_size": [1, 1]},
								"up": {"uv": [7, 4], "uv_size": [-1, -1]},
								"down": {"uv": [3, 4], "uv_size": [-1, -1]}
							}
						},
						{
							"origin": [-0.41421, -2.5, 7.5],
							"size": [0.82843, 2, 1],
							"pivot": [0, -1.5, 11.5],
							"rotation": [0, 0, 90],
							"uv": {
								"north": {"uv": [4, 3], "uv_size": [1, 1]},
								"south": {"uv": [4, 3], "uv_size": [1, 1]},
								"up": {"uv": [5, 4], "uv_size": [-1, -1]},
								"down": {"uv": [5, 4], "uv_size": [-1, -1]}
							}
						},
						{
							"origin": [-0.41421, -2.5, 7.5],
							"size": [0.82843, 2, 1],
							"pivot": [0, -1.5, 11.5],
							"rotation": [0, 0, 45],
							"uv": {
								"north": {"uv": [4, 3], "uv_size": [1, 1]},
								"south": {"uv": [4, 3], "uv_size": [1, 1]},
								"up": {"uv": [7, 4], "uv_size": [-1, -1]},
								"down": {"uv": [3, 4], "uv_size": [-1, -1]}
							}
						},
						{
							"origin": [-0.41421, -2.5, 7.5],
							"size": [0.82843, 2, 1],
							"pivot": [0, -1.5, 11.5],
							"rotation": [0, 0, 135],
							"uv": {
								"north": {"uv": [4, 3], "uv_size": [1, 1]},
								"south": {"uv": [4, 3], "uv_size": [1, 1]},
								"up": {"uv": [3, 4], "uv_size": [-1, -1]},
								"down": {"uv": [7, 4], "uv_size": [-1, -1]}
							}
						},
						{
							"origin": [-0.41421, -2.5, -1],
							"size": [0.82843, 2, 0.75],
							"pivot": [0, -1.5, 3],
							"rotation": [0, 0, 135],
							"uv": {
								"south": {"uv": [10, 0], "uv_size": [1, 1]},
								"up": {"uv": [9, 1], "uv_size": [-1, -1]},
								"down": {"uv": [13, 1], "uv_size": [-1, -1]}
							}
						},
						{
							"origin": [-0.41421, -2.5, -1],
							"size": [0.82843, 2, 0.75],
							"uv": {
								"south": {"uv": [10, 0], "uv_size": [1, 1]},
								"up": {"uv": [13, 1], "uv_size": [-1, -1]},
								"down": {"uv": [9, 1], "uv_size": [-1, -1]}
							}
						},
						{
							"origin": [-0.31066, 0.18328, -0.68951],
							"size": [0.62132, 1, 0.28402],
							"pivot": [0, -1.5, 3],
							"rotation": [26.56505, 0, 0],
							"uv": {
								"up": {"uv": [13, 1], "uv_size": [-1, -1]}
							}
						},
						{
							"origin": [-0.36066, 0.18328, -0.4055],
							"size": [0.72132, 1, 0.275],
							"pivot": [0, -1.5, 3],
							"rotation": [26.56505, 0, 0],
							"uv": {
								"up": {"uv": [13, 1], "uv_size": [-1, -1]}
							}
						},
						{
							"origin": [-0.36066, 0.18328, -0.4055],
							"size": [0.72132, 1, 0.275],
							"pivot": [0, -1.5, 3],
							"rotation": [26.56505, 0, 45],
							"uv": {
								"up": {"uv": [13, 1], "uv_size": [-1, -1]}
							}
						},
						{
							"origin": [-0.31066, 0.18328, -0.68951],
							"size": [0.62132, 1, 0.28402],
							"pivot": [0, -1.5, 3],
							"rotation": [26.56505, 0, 45],
							"uv": {
								"up": {"uv": [13, 1], "uv_size": [-1, -1]}
							}
						},
						{
							"origin": [0.89172, 0.19429, -1.07121],
							"size": [0.055, 1, 1.06853],
							"pivot": [0, -1.5, 3],
							"rotation": [27.0485, 9.07847, 50.32741],
							"uv": {
								"up": {"uv": [13, 1], "uv_size": [-1, -1]}
							}
						},
						{
							"origin": [-0.94672, 0.19429, -1.07121],
							"size": [0.055, 1, 1.06853],
							"pivot": [0, -1.5, 3],
							"rotation": [27.0485, -9.07847, 39.67259],
							"uv": {
								"up": {"uv": [12, 1], "uv_size": [1, -1]}
							}
						},
						{
							"origin": [0.89172, 0.19429, -1.07121],
							"size": [0.055, 1, 1.06853],
							"pivot": [0, -1.5, 3],
							"rotation": [27.0485, 9.07847, 5.32741],
							"uv": {
								"up": {"uv": [13, 1], "uv_size": [-1, -1]}
							}
						},
						{
							"origin": [-0.94672, 0.19429, -1.07121],
							"size": [0.055, 1, 1.06853],
							"pivot": [0, -1.5, 3],
							"rotation": [27.0485, -9.07847, -5.32741],
							"uv": {
								"up": {"uv": [12, 1], "uv_size": [1, -1]}
							}
						},
						{
							"origin": [0.89172, 0.19429, -1.07121],
							"size": [0.055, 1, 1.06853],
							"pivot": [0, -1.5, 3],
							"rotation": [27.0485, 9.07847, -84.67259],
							"uv": {
								"up": {"uv": [11, 1], "uv_size": [-1, -1]}
							}
						},
						{
							"origin": [-0.94672, 0.19429, -1.07121],
							"size": [0.055, 1, 1.06853],
							"pivot": [0, -1.5, 3],
							"rotation": [27.0485, -9.07847, -95.32741],
							"uv": {
								"up": {"uv": [10, 1], "uv_size": [1, -1]}
							}
						},
						{
							"origin": [-0.94672, 0.19429, -1.07121],
							"size": [0.055, 1, 1.06853],
							"pivot": [0, -1.5, 3],
							"rotation": [27.0485, -9.07847, -50.32741],
							"uv": {
								"up": {"uv": [12, 1], "uv_size": [1, -1]}
							}
						},
						{
							"origin": [0.89172, 0.19429, -1.07121],
							"size": [0.055, 1, 1.06853],
							"pivot": [0, -1.5, 3],
							"rotation": [27.0485, 9.07847, -39.67259],
							"uv": {
								"up": {"uv": [13, 1], "uv_size": [-1, -1]}
							}
						},
						{
							"origin": [0.89172, 0.19429, -1.07121],
							"size": [0.055, 1, 1.06853],
							"pivot": [0, -1.5, 3],
							"rotation": [27.0485, 9.07847, 95.32741],
							"uv": {
								"up": {"uv": [11, 1], "uv_size": [-1, -1]}
							}
						},
						{
							"origin": [-0.94672, 0.19429, -1.07121],
							"size": [0.055, 1, 1.06853],
							"pivot": [0, -1.5, 3],
							"rotation": [27.0485, -9.07847, 84.67259],
							"uv": {
								"up": {"uv": [10, 1], "uv_size": [1, -1]}
							}
						},
						{
							"origin": [-0.94672, 0.19429, -1.07121],
							"size": [0.055, 1, 1.06853],
							"pivot": [0, -1.5, 3],
							"rotation": [27.0485, -9.07847, 129.67259],
							"uv": {
								"up": {"uv": [8, 1], "uv_size": [1, -1]}
							}
						},
						{
							"origin": [0.89172, 0.19429, -1.07121],
							"size": [0.055, 1, 1.06853],
							"pivot": [0, -1.5, 3],
							"rotation": [27.0485, 9.07847, 140.32741],
							"uv": {
								"up": {"uv": [9, 1], "uv_size": [-1, -1]}
							}
						},
						{
							"origin": [0.89172, 0.19429, -1.07121],
							"size": [0.055, 1, 1.06853],
							"pivot": [0, -1.5, 3],
							"rotation": [27.0485, 9.07847, -174.67259],
							"uv": {
								"up": {"uv": [9, 1], "uv_size": [-1, -1]}
							}
						},
						{
							"origin": [-0.94672, 0.19429, -1.07121],
							"size": [0.055, 1, 1.06853],
							"pivot": [0, -1.5, 3],
							"rotation": [27.0485, -9.07847, -140.32741],
							"uv": {
								"up": {"uv": [8, 1], "uv_size": [1, -1]}
							}
						},
						{
							"origin": [0.89172, 0.19429, -1.07121],
							"size": [0.055, 1, 1.06853],
							"pivot": [0, -1.5, 3],
							"rotation": [27.0485, 9.07847, -129.67259],
							"uv": {
								"up": {"uv": [9, 1], "uv_size": [-1, -1]}
							}
						},
						{
							"origin": [-0.94672, 0.19429, -1.07121],
							"size": [0.055, 1, 1.06853],
							"pivot": [0, -1.5, 3],
							"rotation": [27.0485, -9.07847, 174.67259],
							"uv": {
								"up": {"uv": [8, 1], "uv_size": [1, -1]}
							}
						},
						{
							"origin": [-0.36066, 0.18328, -0.4055],
							"size": [0.72132, 1, 0.275],
							"pivot": [0, -1.5, 3],
							"rotation": [26.56505, 0, 135],
							"uv": {
								"up": {"uv": [9, 1], "uv_size": [-1, -1]}
							}
						},
						{
							"origin": [-0.31066, 0.18328, -0.68951],
							"size": [0.62132, 1, 0.28402],
							"pivot": [0, -1.5, 3],
							"rotation": [26.56505, 0, 135],
							"uv": {
								"up": {"uv": [9, 1], "uv_size": [-1, -1]}
							}
						},
						{
							"origin": [-0.36066, 0.18328, -0.4055],
							"size": [0.72132, 1, 0.275],
							"pivot": [0, -1.5, 3],
							"rotation": [26.56505, 0, 90],
							"uv": {
								"up": {"uv": [11, 1], "uv_size": [-1, -1]}
							}
						},
						{
							"origin": [-0.31066, 0.18328, -0.68951],
							"size": [0.62132, 1, 0.28402],
							"pivot": [0, -1.5, 3],
							"rotation": [26.56505, 0, 90],
							"uv": {
								"up": {"uv": [11, 1], "uv_size": [-1, -1]}
							}
						},
						{
							"origin": [-0.36066, 0.18328, -0.4055],
							"size": [0.72132, 1, 0.275],
							"pivot": [0, -1.5, 3],
							"rotation": [26.56505, 0, -45],
							"uv": {
								"up": {"uv": [13, 1], "uv_size": [-1, -1]}
							}
						},
						{
							"origin": [-0.31066, 0.18328, -0.68951],
							"size": [0.62132, 1, 0.28402],
							"pivot": [0, -1.5, 3],
							"rotation": [26.56505, 0, -45],
							"uv": {
								"up": {"uv": [13, 1], "uv_size": [-1, -1]}
							}
						},
						{
							"origin": [-0.36066, 0.18328, -0.4055],
							"size": [0.72132, 1, 0.275],
							"pivot": [0, -1.5, 3],
							"rotation": [26.56505, 0, -90],
							"uv": {
								"up": {"uv": [11, 1], "uv_size": [-1, -1]}
							}
						},
						{
							"origin": [-0.31066, 0.18328, -0.68951],
							"size": [0.62132, 1, 0.28402],
							"pivot": [0, -1.5, 3],
							"rotation": [26.56505, 0, -90],
							"uv": {
								"up": {"uv": [11, 1], "uv_size": [-1, -1]}
							}
						},
						{
							"origin": [-0.31066, 0.18328, -0.68951],
							"size": [0.62132, 1, 0.28402],
							"pivot": [0, -1.5, 3],
							"rotation": [26.56505, 0, -135],
							"uv": {
								"up": {"uv": [9, 1], "uv_size": [-1, -1]}
							}
						},
						{
							"origin": [-0.36066, 0.18328, -0.4055],
							"size": [0.72132, 1, 0.275],
							"pivot": [0, -1.5, 3],
							"rotation": [26.56505, 0, -135],
							"uv": {
								"up": {"uv": [9, 1], "uv_size": [-1, -1]}
							}
						},
						{
							"origin": [-0.31066, 0.18328, -0.68951],
							"size": [0.62132, 1, 0.28402],
							"pivot": [0, -1.5, 3],
							"rotation": [26.56505, 0, -180],
							"uv": {
								"up": {"uv": [9, 1], "uv_size": [-1, -1]}
							}
						},
						{
							"origin": [-0.26066, 0.18328, -0.93951],
							"size": [0.52132, 1, 0.25],
							"pivot": [0, -1.5, 3],
							"rotation": [26.56505, 0, -45],
							"uv": {
								"up": {"uv": [13, 1], "uv_size": [-1, -1]}
							}
						},
						{
							"origin": [-0.26066, 0.18328, -0.93951],
							"size": [0.52132, 1, 0.25],
							"pivot": [0, -1.5, 3],
							"rotation": [26.56505, 0, -90],
							"uv": {
								"up": {"uv": [11, 1], "uv_size": [-1, -1]}
							}
						},
						{
							"origin": [-0.26066, 0.18328, -0.93951],
							"size": [0.52132, 1, 0.25],
							"pivot": [0, -1.5, 3],
							"rotation": [26.56505, 0, -135],
							"uv": {
								"up": {"uv": [9, 1], "uv_size": [-1, -1]}
							}
						},
						{
							"origin": [-0.26066, 0.18328, -0.93951],
							"size": [0.52132, 1, 0.25],
							"pivot": [0, -1.5, 3],
							"rotation": [26.56505, 0, 135],
							"uv": {
								"up": {"uv": [9, 1], "uv_size": [-1, -1]}
							}
						},
						{
							"origin": [-0.26066, 0.18328, -0.93951],
							"size": [0.52132, 1, 0.25],
							"pivot": [0, -1.5, 3],
							"rotation": [26.56505, 0, 90],
							"uv": {
								"up": {"uv": [11, 1], "uv_size": [-1, -1]}
							}
						},
						{
							"origin": [-0.26066, 0.18328, -0.93951],
							"size": [0.52132, 1, 0.25],
							"pivot": [0, -1.5, 3],
							"rotation": [26.56505, 0, 45],
							"uv": {
								"up": {"uv": [13, 1], "uv_size": [-1, -1]}
							}
						},
						{
							"origin": [-0.21959, 0.18328, -1.18115],
							"size": [0.43918, 1, 0.24164],
							"pivot": [0, -1.5, 3],
							"rotation": [26.56505, 0, 45],
							"uv": {
								"north": {"uv": [10, 0], "uv_size": [1, 1]},
								"up": {"uv": [13, 1], "uv_size": [-1, -1]}
							}
						},
						{
							"origin": [-0.21959, 0.18328, -1.18115],
							"size": [0.43918, 1, 0.24164],
							"pivot": [0, -1.5, 3],
							"rotation": [26.56505, 0, -45],
							"uv": {
								"north": {"uv": [10, 0], "uv_size": [1, 1]},
								"up": {"uv": [13, 1], "uv_size": [-1, -1]}
							}
						},
						{
							"origin": [-0.21959, 0.18328, -1.18115],
							"size": [0.43918, 1, 0.24164],
							"pivot": [0, -1.5, 3],
							"rotation": [26.56505, 0, -90],
							"uv": {
								"north": {"uv": [10, 0], "uv_size": [1, 1]},
								"up": {"uv": [11, 1], "uv_size": [-1, -1]}
							}
						},
						{
							"origin": [-0.21959, 0.18328, -1.18115],
							"size": [0.43918, 1, 0.24164],
							"pivot": [0, -1.5, 3],
							"rotation": [26.56505, 0, -135],
							"uv": {
								"north": {"uv": [10, 0], "uv_size": [1, 1]},
								"up": {"uv": [9, 1], "uv_size": [-1, -1]}
							}
						},
						{
							"origin": [-0.21959, 0.18328, -1.18115],
							"size": [0.43918, 1, 0.24164],
							"pivot": [0, -1.5, 3],
							"rotation": [26.56505, 0, 135],
							"uv": {
								"north": {"uv": [10, 0], "uv_size": [1, 1]},
								"up": {"uv": [9, 1], "uv_size": [-1, -1]}
							}
						},
						{
							"origin": [-0.21959, 0.18328, -1.18115],
							"size": [0.43918, 1, 0.24164],
							"pivot": [0, -1.5, 3],
							"rotation": [26.56505, 0, 90],
							"uv": {
								"north": {"uv": [10, 0], "uv_size": [1, 1]},
								"up": {"uv": [11, 1], "uv_size": [-1, -1]}
							}
						},
						{
							"origin": [-0.36066, 0.18328, -0.4055],
							"size": [0.72132, 1, 0.275],
							"pivot": [0, -1.5, 3],
							"rotation": [26.56505, 0, -180],
							"uv": {
								"up": {"uv": [9, 1], "uv_size": [-1, -1]}
							}
						},
						{
							"origin": [-0.41421, -2.5, -1],
							"size": [0.82843, 2, 0.75],
							"pivot": [0, -1.5, 3],
							"rotation": [0, 0, 90],
							"uv": {
								"south": {"uv": [10, 0], "uv_size": [1, 1]},
								"up": {"uv": [11, 1], "uv_size": [-1, -1]},
								"down": {"uv": [11, 1], "uv_size": [-1, -1]}
							}
						},
						{
							"origin": [-0.41421, -2.5, -1],
							"size": [0.82843, 2, 0.75],
							"pivot": [0, -1.5, 3],
							"rotation": [0, 0, 45],
							"uv": {
								"south": {"uv": [10, 0], "uv_size": [1, 1]},
								"up": {"uv": [13, 1], "uv_size": [-1, -1]},
								"down": {"uv": [9, 1], "uv_size": [-1, -1]}
							}
						},
						{
							"origin": [-0.31066, -2.25, 15],
							"size": [0.62132, 1.5, 1],
							"pivot": [0, -1.5, 12],
							"rotation": [0, 0, 90],
							"uv": {
								"north": {"uv": [4, 3], "uv_size": [1, 1]},
								"south": {"uv": [4, 3], "uv_size": [1, 1]},
								"up": {"uv": [5, 4], "uv_size": [-1, -1]},
								"down": {"uv": [5, 4], "uv_size": [-1, -1]}
							}
						},
						{
							"origin": [-0.31066, -2.25, 15],
							"size": [0.62132, 1.5, 1],
							"pivot": [0, -1.5, 12],
							"rotation": [0, 0, 45],
							"uv": {
								"north": {"uv": [4, 3], "uv_size": [1, 1]},
								"south": {"uv": [4, 3], "uv_size": [1, 1]},
								"up": {"uv": [7, 4], "uv_size": [-1, -1]},
								"down": {"uv": [3, 4], "uv_size": [-1, -1]}
							}
						},
						{
							"origin": [-0.31066, -2.25, 15],
							"size": [0.62132, 1.5, 1],
							"uv": {
								"north": {"uv": [4, 3], "uv_size": [1, 1]},
								"south": {"uv": [4, 3], "uv_size": [1, 1]},
								"up": {"uv": [7, 4], "uv_size": [-1, -1]},
								"down": {"uv": [3, 4], "uv_size": [-1, -1]}
							}
						},
						{
							"origin": [-0.31066, -2.25, 15],
							"size": [0.62132, 1.5, 1],
							"pivot": [0, -1.5, 12],
							"rotation": [0, 0, 135],
							"uv": {
								"north": {"uv": [4, 3], "uv_size": [1, 1]},
								"south": {"uv": [4, 3], "uv_size": [1, 1]},
								"up": {"uv": [3, 4], "uv_size": [-1, -1]},
								"down": {"uv": [7, 4], "uv_size": [-1, -1]}
							}
						},
						{
							"origin": [-0.31066, -2.25, 0.5],
							"size": [0.62132, 1.5, 0.5],
							"pivot": [0, -1.5, -3.5],
							"rotation": [0, 0, 90],
							"uv": {
								"north": {"uv": [4, 3], "uv_size": [1, 1]},
								"south": {"uv": [4, 3], "uv_size": [1, 1]},
								"up": {"uv": [5, 4], "uv_size": [-1, -1]},
								"down": {"uv": [5, 4], "uv_size": [-1, -1]}
							}
						},
						{
							"origin": [-0.31066, -2.25, 0.5],
							"size": [0.62132, 1.5, 0.5],
							"pivot": [0, -1.5, -3.5],
							"rotation": [0, 0, 45],
							"uv": {
								"north": {"uv": [4, 3], "uv_size": [1, 1]},
								"south": {"uv": [4, 3], "uv_size": [1, 1]},
								"up": {"uv": [7, 4], "uv_size": [-1, -1]},
								"down": {"uv": [3, 4], "uv_size": [-1, -1]}
							}
						},
						{
							"origin": [-0.31066, -2.25, 0.5],
							"size": [0.62132, 1.5, 0.5],
							"uv": {
								"north": {"uv": [4, 3], "uv_size": [1, 1]},
								"south": {"uv": [4, 3], "uv_size": [1, 1]},
								"up": {"uv": [7, 4], "uv_size": [-1, -1]},
								"down": {"uv": [3, 4], "uv_size": [-1, -1]}
							}
						},
						{
							"origin": [-0.31066, -2.25, 0.5],
							"size": [0.62132, 1.5, 0.5],
							"pivot": [0, -1.5, -3.5],
							"rotation": [0, 0, 135],
							"uv": {
								"north": {"uv": [4, 3], "uv_size": [1, 1]},
								"south": {"uv": [4, 3], "uv_size": [1, 1]},
								"up": {"uv": [3, 4], "uv_size": [-1, -1]},
								"down": {"uv": [7, 4], "uv_size": [-1, -1]}
							}
						},
						{
							"origin": [-0.31066, -2.25, -0.25],
							"size": [0.62132, 1.5, 0.5],
							"pivot": [0, -1.5, -3.25],
							"rotation": [0, 0, 135],
							"uv": {
								"south": {"uv": [4, 3], "uv_size": [1, 1]},
								"up": {"uv": [3, 4], "uv_size": [-1, -1]},
								"down": {"uv": [7, 4], "uv_size": [-1, -1]}
							}
						},
						{
							"origin": [-0.31066, -2.25, -0.25],
							"size": [0.62132, 1.5, 0.5],
							"uv": {
								"south": {"uv": [4, 3], "uv_size": [1, 1]},
								"up": {"uv": [7, 4], "uv_size": [-1, -1]},
								"down": {"uv": [3, 4], "uv_size": [-1, -1]}
							}
						},
						{
							"origin": [-0.31066, -2.25, -0.25],
							"size": [0.62132, 1.5, 0.5],
							"pivot": [0, -1.5, -3.25],
							"rotation": [0, 0, 45],
							"uv": {
								"south": {"uv": [4, 3], "uv_size": [1, 1]},
								"up": {"uv": [7, 4], "uv_size": [-1, -1]},
								"down": {"uv": [3, 4], "uv_size": [-1, -1]}
							}
						},
						{
							"origin": [-0.31066, -2.25, -0.25],
							"size": [0.62132, 1.5, 0.5],
							"pivot": [0, -1.5, -3.25],
							"rotation": [0, 0, 90],
							"uv": {
								"south": {"uv": [4, 3], "uv_size": [1, 1]},
								"up": {"uv": [5, 4], "uv_size": [-1, -1]},
								"down": {"uv": [5, 4], "uv_size": [-1, -1]}
							}
						},
						{
							"origin": [-0.31066, -2.25, 7.25],
							"size": [0.62132, 1.5, 1.5],
							"pivot": [0, -1.5, 4],
							"rotation": [0, 0, 90],
							"uv": {
								"north": {"uv": [10, 0], "uv_size": [1, 1]},
								"south": {"uv": [10, 0], "uv_size": [1, 1]},
								"up": {"uv": [11, 1], "uv_size": [-1, -1]},
								"down": {"uv": [11, 1], "uv_size": [-1, -1]}
							}
						},
						{
							"origin": [-0.31066, -2.25, 7.25],
							"size": [0.62132, 1.5, 1.5],
							"pivot": [0, -1.5, 4],
							"rotation": [0, 0, 45],
							"uv": {
								"north": {"uv": [10, 0], "uv_size": [1, 1]},
								"south": {"uv": [10, 0], "uv_size": [1, 1]},
								"up": {"uv": [13, 1], "uv_size": [-1, -1]},
								"down": {"uv": [9, 1], "uv_size": [-1, -1]}
							}
						},
						{
							"origin": [-0.31066, -2.25, 7.25],
							"size": [0.62132, 1.5, 1.5],
							"uv": {
								"north": {"uv": [10, 0], "uv_size": [1, 1]},
								"south": {"uv": [10, 0], "uv_size": [1, 1]},
								"up": {"uv": [13, 1], "uv_size": [-1, -1]},
								"down": {"uv": [9, 1], "uv_size": [-1, -1]}
							}
						},
						{
							"origin": [-0.31066, -2.25, 7.25],
							"size": [0.62132, 1.5, 1.5],
							"pivot": [0, -1.5, 4],
							"rotation": [0, 0, 135],
							"uv": {
								"north": {"uv": [10, 0], "uv_size": [1, 1]},
								"south": {"uv": [10, 0], "uv_size": [1, 1]},
								"up": {"uv": [9, 1], "uv_size": [-1, -1]},
								"down": {"uv": [13, 1], "uv_size": [-1, -1]}
							}
						},
						{
							"origin": [-0.31066, -2.25, 9],
							"size": [0.62132, 1.5, 0.5],
							"pivot": [0, -1.5, 4],
							"rotation": [0, 0, 45],
							"uv": {
								"north": {"uv": [4, 3], "uv_size": [1, 1]},
								"south": {"uv": [4, 3], "uv_size": [1, 1]},
								"up": {"uv": [7, 4], "uv_size": [-1, -1]},
								"down": {"uv": [3, 4], "uv_size": [-1, -1]}
							}
						},
						{
							"origin": [-0.31066, -2.25, 9],
							"size": [0.62132, 1.5, 0.5],
							"pivot": [0, -1.5, 4],
							"rotation": [0, 0, 90],
							"uv": {
								"north": {"uv": [4, 3], "uv_size": [1, 1]},
								"south": {"uv": [4, 3], "uv_size": [1, 1]},
								"up": {"uv": [5, 4], "uv_size": [-1, -1]},
								"down": {"uv": [5, 4], "uv_size": [-1, -1]}
							}
						},
						{
							"origin": [-0.31066, -2.25, 9],
							"size": [0.62132, 1.5, 0.5],
							"pivot": [0, -1.5, 4],
							"rotation": [0, 0, 135],
							"uv": {
								"north": {"uv": [4, 3], "uv_size": [1, 1]},
								"south": {"uv": [4, 3], "uv_size": [1, 1]},
								"up": {"uv": [3, 4], "uv_size": [-1, -1]},
								"down": {"uv": [7, 4], "uv_size": [-1, -1]}
							}
						},
						{
							"origin": [-0.31066, -2.25, 9],
							"size": [0.62132, 1.5, 0.5],
							"uv": {
								"north": {"uv": [4, 3], "uv_size": [1, 1]},
								"south": {"uv": [4, 3], "uv_size": [1, 1]},
								"up": {"uv": [7, 4], "uv_size": [-1, -1]},
								"down": {"uv": [3, 4], "uv_size": [-1, -1]}
							}
						},
						{
							"origin": [-0.31066, -2.25, 6.5],
							"size": [0.62132, 1.5, 0.5],
							"pivot": [0, -1.5, 1.5],
							"rotation": [0, 0, 45],
							"uv": {
								"north": {"uv": [4, 3], "uv_size": [1, 1]},
								"south": {"uv": [4, 3], "uv_size": [1, 1]},
								"up": {"uv": [7, 4], "uv_size": [-1, -1]},
								"down": {"uv": [3, 4], "uv_size": [-1, -1]}
							}
						},
						{
							"origin": [-0.31066, -2.25, 6.5],
							"size": [0.62132, 1.5, 0.5],
							"pivot": [0, -1.5, 1.5],
							"rotation": [0, 0, 90],
							"uv": {
								"north": {"uv": [4, 3], "uv_size": [1, 1]},
								"south": {"uv": [4, 3], "uv_size": [1, 1]},
								"up": {"uv": [5, 4], "uv_size": [-1, -1]},
								"down": {"uv": [5, 4], "uv_size": [-1, -1]}
							}
						},
						{
							"origin": [-0.31066, -2.25, 6.5],
							"size": [0.62132, 1.5, 0.5],
							"pivot": [0, -1.5, 1.5],
							"rotation": [0, 0, 135],
							"uv": {
								"north": {"uv": [4, 3], "uv_size": [1, 1]},
								"south": {"uv": [4, 3], "uv_size": [1, 1]},
								"up": {"uv": [3, 4], "uv_size": [-1, -1]},
								"down": {"uv": [7, 4], "uv_size": [-1, -1]}
							}
						},
						{
							"origin": [-0.31066, -2.25, 6.5],
							"size": [0.62132, 1.5, 0.5],
							"uv": {
								"north": {"uv": [4, 3], "uv_size": [1, 1]},
								"south": {"uv": [4, 3], "uv_size": [1, 1]},
								"up": {"uv": [7, 4], "uv_size": [-1, -1]},
								"down": {"uv": [3, 4], "uv_size": [-1, -1]}
							}
						},
						{
							"origin": [-0.25888, -2.125, 0],
							"size": [0.51777, 1.25, 15],
							"pivot": [0, -1.5, 11],
							"rotation": [0, 0, 90],
							"uv": {
								"up": {"uv": [32, 30], "uv_size": [-1, -30]},
								"down": {"uv": [32, 0], "uv_size": [-1, 30]}
							}
						},
						{
							"origin": [-0.25888, -2.125, 0],
							"size": [0.51777, 1.25, 15],
							"uv": {
								"up": {"uv": [34, 30], "uv_size": [-1, -30]},
								"down": {"uv": [30, 0], "uv_size": [-1, 30]}
							}
						},
						{
							"origin": [-0.25888, -2.125, 0],
							"size": [0.51777, 1.25, 15],
							"pivot": [0, -1.5, 11],
							"rotation": [0, 0, 45],
							"uv": {
								"up": {"uv": [34, 30], "uv_size": [-1, -30]},
								"down": {"uv": [30, 0], "uv_size": [-1, 30]}
							}
						},
						{
							"origin": [-0.03388, -2.1375, 1],
							"size": [0.06777, 1.275, 14],
							"pivot": [0, -1.5, 11],
							"rotation": [0, 0, 45],
							"uv": {
								"up": {"uv": [4, 4], "uv_size": [-1, -1]},
								"down": {"uv": [4, 4], "uv_size": [-1, -1]}
							}
						},
						{
							"origin": [-0.03388, -2.1375, 1],
							"size": [0.06777, 1.275, 14],
							"pivot": [0, -1.5, 11],
							"rotation": [0, 0, 135],
							"uv": {
								"up": {"uv": [4, 4], "uv_size": [-1, -1]},
								"down": {"uv": [4, 4], "uv_size": [-1, -1]}
							}
						}
					]
				},
				{
					"name": "muzzle_pos",
					"parent": "SWORD",
					"pivot": [0, 0, 8]
				},
				{
					"name": "SWORD2",
					"parent": "SWORD",
					"pivot": [0, -1.625, -3],
					"cubes": [
						{
							"origin": [-0.2, -0.85, -1.65],
							"size": [0.4, 0.1, 1.15],
							"pivot": [0, -1.5, -2],
							"rotation": [25, 0, 0],
							"uv": {
								"north": {"uv": [6, 0], "uv_size": [1, 1]},
								"south": {"uv": [6, 0], "uv_size": [1, 1]},
								"up": {"uv": [9, 1], "uv_size": [-1, -1]}
							}
						},
						{
							"origin": [-0.025, -1.05, -8],
							"size": [0.225, 0.225, 6.25],
							"pivot": [0.2, -0.625, -3],
							"rotation": [0, 0, -20],
							"uv": {
								"east": {"uv": [6, 0], "uv_size": [1, 1]},
								"west": {"uv": [8, 0], "uv_size": [1, 1]},
								"up": {"uv": [7, 1], "uv_size": [-1, -1]},
								"down": {"uv": [7, 1], "uv_size": [-1, -1]}
							}
						},
						{
							"origin": [-0.025, -1.25, -8],
							"size": [0.225, 0.2, 0.5],
							"pivot": [0.2, -0.625, -3],
							"rotation": [0, 0, -20],
							"uv": {
								"east": {"uv": [6, 0], "uv_size": [1, 1]},
								"west": {"uv": [8, 0], "uv_size": [1, 1]},
								"down": {"uv": [7, 1], "uv_size": [-1, -1]}
							}
						},
						{
							"origin": [-0.025, 2.46859, -6.97748],
							"size": [0.225, 0.44194, 0.44194],
							"pivot": [0.2, -0.625, -3],
							"rotation": [45, 0, -20],
							"uv": {
								"north": {"uv": [6, 0], "uv_size": [1, 1]},
								"east": {"uv": [6, 0], "uv_size": [1, 1]},
								"south": {"uv": [6, 0], "uv_size": [1, 1]},
								"west": {"uv": [8, 0], "uv_size": [1, 1]}
							}
						},
						{
							"origin": [-0.025, 2.46859, -6.47748],
							"size": [0.225, 0.19194, 0.29194],
							"pivot": [0.2, -0.625, -2.5],
							"rotation": [45, 0, -20],
							"uv": {
								"east": {"uv": [6, 0], "uv_size": [1, 1]},
								"west": {"uv": [8, 0], "uv_size": [1, 1]},
								"down": {"uv": [7, 1], "uv_size": [-1, -1]}
							}
						},
						{
							"origin": [-0.025, -0.9375, -8.3125],
							"size": [0.225, 0.3125, 0.3125],
							"pivot": [0.2, -0.625, -3],
							"rotation": [0, 0, -20],
							"uv": {
								"east": {"uv": [6, 0], "uv_size": [1, 1]},
								"west": {"uv": [8, 0], "uv_size": [1, 1]}
							}
						},
						{
							"origin": [-0.025, 2.91053, -6.97748],
							"size": [0.225, 0.22097, 0.22097],
							"pivot": [0.2, -0.625, -3],
							"rotation": [45, 0, -20],
							"uv": {
								"north": {"uv": [6, 0], "uv_size": [1, 1]},
								"east": {"uv": [6, 0], "uv_size": [1, 1]},
								"west": {"uv": [8, 0], "uv_size": [1, 1]}
							}
						},
						{
							"origin": [-0.025, -0.78125, -8.46875],
							"size": [0.225, 0.15625, 0.15625],
							"pivot": [0.2, -0.625, -3],
							"rotation": [0, 0, -20],
							"uv": {
								"east": {"uv": [6, 0], "uv_size": [1, 1]},
								"west": {"uv": [8, 0], "uv_size": [1, 1]}
							}
						},
						{
							"origin": [-0.025, 3.1315, -6.97748],
							"size": [0.225, 0.11049, 0.11049],
							"pivot": [0.2, -0.625, -3],
							"rotation": [45, 0, -20],
							"uv": {
								"north": {"uv": [6, 0], "uv_size": [1, 1]},
								"east": {"uv": [6, 0], "uv_size": [1, 1]},
								"west": {"uv": [8, 0], "uv_size": [1, 1]}
							}
						},
						{
							"origin": [-0.025, -0.70312, -8.54687],
							"size": [0.225, 0.07812, 0.07812],
							"pivot": [0.2, -0.625, -3],
							"rotation": [0, 0, -20],
							"uv": {
								"north": {"uv": [6, 0], "uv_size": [1, 1]},
								"east": {"uv": [6, 0], "uv_size": [1, 1]},
								"west": {"uv": [8, 0], "uv_size": [1, 1]}
							}
						},
						{
							"origin": [-0.2, 2.46859, -6.97748],
							"size": [0.225, 0.44194, 0.44194],
							"pivot": [-0.2, -0.625, -3],
							"rotation": [45, 0, 20],
							"uv": {
								"north": {"uv": [7, 0], "uv_size": [-1, 1]},
								"east": {"uv": [9, 0], "uv_size": [-1, 1]},
								"south": {"uv": [7, 0], "uv_size": [-1, 1]},
								"west": {"uv": [7, 0], "uv_size": [-1, 1]}
							}
						},
						{
							"origin": [-0.2, -0.70312, -8.54687],
							"size": [0.225, 0.07812, 0.07812],
							"pivot": [-0.2, -0.625, -3],
							"rotation": [0, 0, 20],
							"uv": {
								"north": {"uv": [7, 0], "uv_size": [-1, 1]},
								"east": {"uv": [9, 0], "uv_size": [-1, 1]},
								"west": {"uv": [7, 0], "uv_size": [-1, 1]}
							}
						},
						{
							"origin": [-0.2, 3.1315, -6.97748],
							"size": [0.225, 0.11049, 0.11049],
							"pivot": [-0.2, -0.625, -3],
							"rotation": [45, 0, 20],
							"uv": {
								"north": {"uv": [7, 0], "uv_size": [-1, 1]},
								"east": {"uv": [9, 0], "uv_size": [-1, 1]},
								"west": {"uv": [7, 0], "uv_size": [-1, 1]}
							}
						},
						{
							"origin": [-0.2, -0.78125, -8.46875],
							"size": [0.225, 0.15625, 0.15625],
							"pivot": [-0.2, -0.625, -3],
							"rotation": [0, 0, 20],
							"uv": {
								"east": {"uv": [9, 0], "uv_size": [-1, 1]},
								"west": {"uv": [7, 0], "uv_size": [-1, 1]}
							}
						},
						{
							"origin": [-0.2, -0.9375, -8.3125],
							"size": [0.225, 0.3125, 0.3125],
							"pivot": [-0.2, -0.625, -3],
							"rotation": [0, 0, 20],
							"uv": {
								"east": {"uv": [9, 0], "uv_size": [-1, 1]},
								"west": {"uv": [7, 0], "uv_size": [-1, 1]}
							}
						},
						{
							"origin": [-0.2, 2.91053, -6.97748],
							"size": [0.225, 0.22097, 0.22097],
							"pivot": [-0.2, -0.625, -3],
							"rotation": [45, 0, 20],
							"uv": {
								"north": {"uv": [7, 0], "uv_size": [-1, 1]},
								"east": {"uv": [9, 0], "uv_size": [-1, 1]},
								"west": {"uv": [7, 0], "uv_size": [-1, 1]}
							}
						},
						{
							"origin": [-0.2, -1.05, -8],
							"size": [0.225, 0.225, 6.25],
							"pivot": [-0.2, -0.625, -3],
							"rotation": [0, 0, 20],
							"uv": {
								"east": {"uv": [9, 0], "uv_size": [-1, 1]},
								"west": {"uv": [7, 0], "uv_size": [-1, 1]},
								"up": {"uv": [6, 1], "uv_size": [1, -1]},
								"down": {"uv": [6, 1], "uv_size": [1, -1]}
							}
						},
						{
							"origin": [-0.2, -0.7, -8.54687],
							"size": [0.4, 0.075, 0.54688],
							"uv": {
								"north": {"uv": [7, 0], "uv_size": [-1, 1]},
								"south": {"uv": [7, 0], "uv_size": [-1, 1]},
								"up": {"uv": [8, 1], "uv_size": [1, -1]}
							}
						},
						{
							"origin": [-0.025, -0.95048, -2.04894],
							"size": [0.225, 0.4, 0.975],
							"pivot": [0.2, -0.45048, -1.52394],
							"rotation": [23.66235, 8.31087, -18.25612],
							"uv": {
								"east": {"uv": [6, 0], "uv_size": [1, 1]},
								"west": {"uv": [8, 0], "uv_size": [1, 1]}
							}
						},
						{
							"origin": [-0.025, -0.60705, -1.01179],
							"size": [0.225, 0.35, 0.125],
							"pivot": [0.2, -0.18634, -0.9575],
							"rotation": [-21.33765, 8.31087, -18.25612],
							"uv": {
								"east": {"uv": [6, 0], "uv_size": [1, 1]},
								"south": {"uv": [6, 0], "uv_size": [1, 1]},
								"west": {"uv": [8, 0], "uv_size": [1, 1]}
							}
						},
						{
							"origin": [-0.025, -0.55048, -2.04894],
							"size": [0.225, 0.1, 1.15],
							"pivot": [0.2, -0.45048, -1.52394],
							"rotation": [23.66235, 8.31087, -18.25612],
							"uv": {
								"east": {"uv": [6, 0], "uv_size": [1, 1]},
								"south": {"uv": [6, 0], "uv_size": [1, 1]},
								"west": {"uv": [8, 0], "uv_size": [1, 1]}
							}
						},
						{
							"origin": [-0.2, -0.95048, -2.04894],
							"size": [0.225, 0.4, 0.975],
							"pivot": [-0.2, -0.45048, -1.52394],
							"rotation": [23.66235, -8.31087, 18.25612],
							"uv": {
								"east": {"uv": [9, 0], "uv_size": [-1, 1]},
								"west": {"uv": [7, 0], "uv_size": [-1, 1]}
							}
						},
						{
							"origin": [-0.2, -0.55048, -2.04894],
							"size": [0.225, 0.1, 1.15],
							"pivot": [-0.2, -0.45048, -1.52394],
							"rotation": [23.66235, -8.31087, 18.25612],
							"uv": {
								"east": {"uv": [9, 0], "uv_size": [-1, 1]},
								"south": {"uv": [7, 0], "uv_size": [-1, 1]},
								"west": {"uv": [7, 0], "uv_size": [-1, 1]}
							}
						},
						{
							"origin": [-0.20678, -0.95723, -2.23349],
							"size": [0.225, 0.25, 0.25],
							"pivot": [-0.09428, -0.70723, -1.98349],
							"rotation": [43.66235, -8.31087, 18.25612],
							"uv": {
								"east": {"uv": [9, 0], "uv_size": [-1, 1]},
								"west": {"uv": [7, 0], "uv_size": [-1, 1]},
								"up": {"uv": [6, 1], "uv_size": [1, -1]}
							}
						},
						{
							"origin": [-0.01822, -0.95723, -2.23349],
							"size": [0.225, 0.25, 0.25],
							"pivot": [0.09428, -0.70723, -1.98349],
							"rotation": [43.66235, 8.31087, -18.25612],
							"uv": {
								"east": {"uv": [6, 0], "uv_size": [1, 1]},
								"west": {"uv": [8, 0], "uv_size": [1, 1]},
								"up": {"uv": [7, 1], "uv_size": [-1, -1]}
							}
						},
						{
							"origin": [-0.01822, -2.29277, -2.23349],
							"size": [0.225, 0.25, 0.25],
							"pivot": [0.09428, -2.29277, -1.98349],
							"rotation": [-43.66235, 8.31087, 18.25612],
							"uv": {
								"east": {"uv": [6, 1], "uv_size": [1, -1]},
								"west": {"uv": [4, 1], "uv_size": [1, -1]},
								"down": {"uv": [7, 0], "uv_size": [-1, 1]}
							}
						},
						{
							"origin": [-0.20678, -2.29277, -2.23349],
							"size": [0.225, 0.25, 0.25],
							"pivot": [-0.09428, -2.29277, -1.98349],
							"rotation": [-43.66235, -8.31087, -18.25612],
							"uv": {
								"east": {"uv": [5, 1], "uv_size": [-1, -1]},
								"west": {"uv": [7, 1], "uv_size": [-1, -1]},
								"down": {"uv": [6, 0], "uv_size": [1, 1]}
							}
						},
						{
							"origin": [-0.2, -0.60705, -1.01179],
							"size": [0.225, 0.35, 0.125],
							"pivot": [-0.2, -0.18634, -0.9575],
							"rotation": [-21.33765, -8.31087, 18.25612],
							"uv": {
								"east": {"uv": [9, 0], "uv_size": [-1, 1]},
								"south": {"uv": [7, 0], "uv_size": [-1, 1]},
								"west": {"uv": [7, 0], "uv_size": [-1, 1]}
							}
						},
						{
							"origin": [-0.025, -2.375, -8.3125],
							"size": [0.225, 0.3125, 0.3125],
							"pivot": [0.2, -2.375, -3],
							"rotation": [0, 0, 20],
							"uv": {
								"east": {"uv": [6, 1], "uv_size": [1, -1]},
								"west": {"uv": [4, 1], "uv_size": [1, -1]}
							}
						},
						{
							"origin": [-0.025, -5.91053, -6.97748],
							"size": [0.225, 0.44194, 0.44194],
							"pivot": [0.2, -2.375, -3],
							"rotation": [-45, 0, 20],
							"uv": {
								"north": {"uv": [6, 1], "uv_size": [1, -1]},
								"east": {"uv": [6, 1], "uv_size": [1, -1]},
								"south": {"uv": [6, 1], "uv_size": [1, -1]},
								"west": {"uv": [4, 1], "uv_size": [1, -1]}
							}
						},
						{
							"origin": [-0.025, -5.66053, -6.47748],
							"size": [0.225, 0.19194, 0.29194],
							"pivot": [0.2, -2.375, -2.5],
							"rotation": [-45, 0, 20],
							"uv": {
								"east": {"uv": [6, 1], "uv_size": [1, -1]},
								"west": {"uv": [4, 1], "uv_size": [1, -1]},
								"up": {"uv": [7, 0], "uv_size": [-1, 1]}
							}
						},
						{
							"origin": [-0.025, -2.375, -8.46875],
							"size": [0.225, 0.15625, 0.15625],
							"pivot": [0.2, -2.375, -3],
							"rotation": [0, 0, 20],
							"uv": {
								"east": {"uv": [6, 1], "uv_size": [1, -1]},
								"west": {"uv": [4, 1], "uv_size": [1, -1]}
							}
						},
						{
							"origin": [-0.025, -6.1315, -6.97748],
							"size": [0.225, 0.22097, 0.22097],
							"pivot": [0.2, -2.375, -3],
							"rotation": [-45, 0, 20],
							"uv": {
								"north": {"uv": [6, 1], "uv_size": [1, -1]},
								"east": {"uv": [6, 1], "uv_size": [1, -1]},
								"west": {"uv": [4, 1], "uv_size": [1, -1]}
							}
						},
						{
							"origin": [-0.025, -6.24199, -6.97748],
							"size": [0.225, 0.11049, 0.11049],
							"pivot": [0.2, -2.375, -3],
							"rotation": [-45, 0, 20],
							"uv": {
								"north": {"uv": [6, 1], "uv_size": [1, -1]},
								"east": {"uv": [6, 1], "uv_size": [1, -1]},
								"west": {"uv": [4, 1], "uv_size": [1, -1]}
							}
						},
						{
							"origin": [-0.025, -2.375, -8.54687],
							"size": [0.225, 0.07812, 0.07812],
							"pivot": [0.2, -2.375, -3],
							"rotation": [0, 0, 20],
							"uv": {
								"north": {"uv": [6, 1], "uv_size": [1, -1]},
								"east": {"uv": [6, 1], "uv_size": [1, -1]},
								"west": {"uv": [4, 1], "uv_size": [1, -1]}
							}
						},
						{
							"origin": [-0.2, -2.375, -8.54687],
							"size": [0.4, 0.075, 0.54688],
							"uv": {
								"north": {"uv": [7, 1], "uv_size": [-1, -1]},
								"south": {"uv": [7, 1], "uv_size": [-1, -1]},
								"down": {"uv": [4, 0], "uv_size": [1, 1]}
							}
						},
						{
							"origin": [-0.025, -2.175, -8],
							"size": [0.225, 0.225, 6.25],
							"pivot": [0.2, -2.375, -3],
							"rotation": [0, 0, 20],
							"uv": {
								"east": {"uv": [6, 1], "uv_size": [1, -1]},
								"west": {"uv": [4, 1], "uv_size": [1, -1]},
								"up": {"uv": [7, 0], "uv_size": [-1, 1]},
								"down": {"uv": [7, 0], "uv_size": [-1, 1]}
							}
						},
						{
							"origin": [-0.025, -1.95, -8],
							"size": [0.225, 0.2, 0.5],
							"pivot": [0.2, -2.375, -3],
							"rotation": [0, 0, 20],
							"uv": {
								"east": {"uv": [6, 1], "uv_size": [1, -1]},
								"west": {"uv": [4, 1], "uv_size": [1, -1]},
								"up": {"uv": [7, 0], "uv_size": [-1, 1]}
							}
						},
						{
							"origin": [-0.2, -1.95, -8],
							"size": [0.225, 0.2, 0.5],
							"pivot": [-0.2, -2.375, -3],
							"rotation": [0, 0, -20],
							"uv": {
								"east": {"uv": [5, 1], "uv_size": [-1, -1]},
								"west": {"uv": [7, 1], "uv_size": [-1, -1]},
								"up": {"uv": [6, 0], "uv_size": [1, 1]}
							}
						},
						{
							"origin": [-0.2, -5.66053, -6.47748],
							"size": [0.225, 0.19194, 0.29194],
							"pivot": [-0.2, -2.375, -2.5],
							"rotation": [-45, 0, -20],
							"uv": {
								"east": {"uv": [5, 1], "uv_size": [-1, -1]},
								"west": {"uv": [7, 1], "uv_size": [-1, -1]},
								"up": {"uv": [6, 0], "uv_size": [1, 1]}
							}
						},
						{
							"origin": [-0.2, -1.25, -8],
							"size": [0.225, 0.2, 0.5],
							"pivot": [-0.2, -0.625, -3],
							"rotation": [0, 0, 20],
							"uv": {
								"east": {"uv": [9, 0], "uv_size": [-1, 1]},
								"west": {"uv": [7, 0], "uv_size": [-1, 1]},
								"down": {"uv": [6, 1], "uv_size": [1, -1]}
							}
						},
						{
							"origin": [-0.2, 2.46859, -6.47748],
							"size": [0.225, 0.19194, 0.29194],
							"pivot": [-0.2, -0.625, -2.5],
							"rotation": [45, 0, 20],
							"uv": {
								"east": {"uv": [9, 0], "uv_size": [-1, 1]},
								"west": {"uv": [7, 0], "uv_size": [-1, 1]},
								"down": {"uv": [6, 1], "uv_size": [1, -1]}
							}
						},
						{
							"origin": [-0.025, -2.44952, -2.04894],
							"size": [0.225, 0.4, 0.975],
							"pivot": [0.2, -2.54952, -1.52394],
							"rotation": [-23.66235, 8.31087, 18.25612],
							"uv": {
								"east": {"uv": [6, 1], "uv_size": [1, -1]},
								"west": {"uv": [4, 1], "uv_size": [1, -1]}
							}
						},
						{
							"origin": [-0.025, -2.74295, -1.01179],
							"size": [0.225, 0.35, 0.125],
							"pivot": [0.2, -2.81366, -0.9575],
							"rotation": [21.33765, 8.31087, 18.25612],
							"uv": {
								"east": {"uv": [6, 1], "uv_size": [1, -1]},
								"south": {"uv": [6, 1], "uv_size": [1, -1]},
								"west": {"uv": [4, 1], "uv_size": [1, -1]}
							}
						},
						{
							"origin": [-0.025, -2.54952, -2.04894],
							"size": [0.225, 0.1, 1.15],
							"pivot": [0.2, -2.54952, -1.52394],
							"rotation": [-23.66235, 8.31087, 18.25612],
							"uv": {
								"east": {"uv": [6, 1], "uv_size": [1, -1]},
								"south": {"uv": [6, 1], "uv_size": [1, -1]},
								"west": {"uv": [4, 1], "uv_size": [1, -1]}
							}
						},
						{
							"origin": [-0.2, -2.25, -1.65],
							"size": [0.4, 0.1, 1.15],
							"pivot": [0, -1.5, -2],
							"rotation": [-25, 0, 0],
							"uv": {
								"north": {"uv": [6, 1], "uv_size": [1, -1]},
								"south": {"uv": [6, 1], "uv_size": [1, -1]},
								"down": {"uv": [5, 0], "uv_size": [-1, 1]}
							}
						},
						{
							"origin": [-0.2, -2.74295, -1.01179],
							"size": [0.225, 0.35, 0.125],
							"pivot": [-0.2, -2.81366, -0.9575],
							"rotation": [21.33765, -8.31087, -18.25612],
							"uv": {
								"east": {"uv": [5, 1], "uv_size": [-1, -1]},
								"south": {"uv": [7, 1], "uv_size": [-1, -1]},
								"west": {"uv": [7, 1], "uv_size": [-1, -1]}
							}
						},
						{
							"origin": [-0.2, -2.54952, -2.04894],
							"size": [0.225, 0.1, 1.15],
							"pivot": [-0.2, -2.54952, -1.52394],
							"rotation": [-23.66235, -8.31087, -18.25612],
							"uv": {
								"east": {"uv": [5, 1], "uv_size": [-1, -1]},
								"south": {"uv": [7, 1], "uv_size": [-1, -1]},
								"west": {"uv": [7, 1], "uv_size": [-1, -1]}
							}
						},
						{
							"origin": [-0.2, -2.44952, -2.04894],
							"size": [0.225, 0.4, 0.975],
							"pivot": [-0.2, -2.54952, -1.52394],
							"rotation": [-23.66235, -8.31087, -18.25612],
							"uv": {
								"east": {"uv": [5, 1], "uv_size": [-1, -1]},
								"west": {"uv": [7, 1], "uv_size": [-1, -1]}
							}
						},
						{
							"origin": [-0.2, -2.375, -8.54687],
							"size": [0.225, 0.07812, 0.07812],
							"pivot": [-0.2, -2.375, -3],
							"rotation": [0, 0, -20],
							"uv": {
								"north": {"uv": [7, 1], "uv_size": [-1, -1]},
								"east": {"uv": [5, 1], "uv_size": [-1, -1]},
								"west": {"uv": [7, 1], "uv_size": [-1, -1]}
							}
						},
						{
							"origin": [-0.2, -6.24199, -6.97748],
							"size": [0.225, 0.11049, 0.11049],
							"pivot": [-0.2, -2.375, -3],
							"rotation": [-45, 0, -20],
							"uv": {
								"north": {"uv": [7, 1], "uv_size": [-1, -1]},
								"east": {"uv": [5, 1], "uv_size": [-1, -1]},
								"west": {"uv": [7, 1], "uv_size": [-1, -1]}
							}
						},
						{
							"origin": [-0.2, -6.1315, -6.97748],
							"size": [0.225, 0.22097, 0.22097],
							"pivot": [-0.2, -2.375, -3],
							"rotation": [-45, 0, -20],
							"uv": {
								"north": {"uv": [7, 1], "uv_size": [-1, -1]},
								"east": {"uv": [5, 1], "uv_size": [-1, -1]},
								"west": {"uv": [7, 1], "uv_size": [-1, -1]}
							}
						},
						{
							"origin": [-0.2, -2.375, -8.46875],
							"size": [0.225, 0.15625, 0.15625],
							"pivot": [-0.2, -2.375, -3],
							"rotation": [0, 0, -20],
							"uv": {
								"east": {"uv": [5, 1], "uv_size": [-1, -1]},
								"west": {"uv": [7, 1], "uv_size": [-1, -1]}
							}
						},
						{
							"origin": [-0.2, -5.91053, -6.97748],
							"size": [0.225, 0.44194, 0.44194],
							"pivot": [-0.2, -2.375, -3],
							"rotation": [-45, 0, -20],
							"uv": {
								"north": {"uv": [7, 1], "uv_size": [-1, -1]},
								"east": {"uv": [5, 1], "uv_size": [-1, -1]},
								"south": {"uv": [7, 1], "uv_size": [-1, -1]},
								"west": {"uv": [7, 1], "uv_size": [-1, -1]}
							}
						},
						{
							"origin": [-0.2, -2.375, -8.3125],
							"size": [0.225, 0.3125, 0.3125],
							"pivot": [-0.2, -2.375, -3],
							"rotation": [0, 0, -20],
							"uv": {
								"east": {"uv": [5, 1], "uv_size": [-1, -1]},
								"west": {"uv": [7, 1], "uv_size": [-1, -1]}
							}
						},
						{
							"origin": [-0.2, -2.175, -8],
							"size": [0.225, 0.225, 6.25],
							"pivot": [-0.2, -2.375, -3],
							"rotation": [0, 0, -20],
							"uv": {
								"east": {"uv": [5, 1], "uv_size": [-1, -1]},
								"west": {"uv": [7, 1], "uv_size": [-1, -1]},
								"up": {"uv": [6, 0], "uv_size": [1, 1]},
								"down": {"uv": [6, 0], "uv_size": [1, 1]}
							}
						},
						{
							"origin": [0, -1.5, -8.625],
							"size": [0.25, 0.25, 6.875],
							"pivot": [0.25, -1.5, -5.125],
							"rotation": [0, 0, -12.5],
							"uv": {
								"west": {"uv": [6, 3], "uv_size": [1, 1]},
								"up": {"uv": [5, 4], "uv_size": [-1, -1]}
							}
						},
						{
							"origin": [0, -1.75, -8.625],
							"size": [0.25, 0.25, 6.875],
							"pivot": [0.25, -1.5, -5.125],
							"rotation": [0, 0, 12.5],
							"uv": {
								"west": {"uv": [2, 4], "uv_size": [1, -1]},
								"down": {"uv": [5, 3], "uv_size": [-1, 1]}
							}
						},
						{
							"origin": [-0.25, -1.5, -8.625],
							"size": [0.25, 0.25, 6.875],
							"pivot": [-0.25, -1.5, -5.125],
							"rotation": [0, 0, 12.5],
							"uv": {
								"east": {"uv": [7, 3], "uv_size": [-1, 1]},
								"up": {"uv": [4, 4], "uv_size": [1, -1]}
							}
						},
						{
							"origin": [-0.15, -2.13388, -9.125],
							"size": [0.3, 0.63388, 0.63388],
							"pivot": [-0.15, -1.5, -9.125],
							"rotation": [45, -15, 0],
							"uv": {
								"north": {"uv": [7, 3], "uv_size": [-1, 1]},
								"east": {"uv": [7, 3], "uv_size": [-1, 1]},
								"south": {"uv": [7, 3], "uv_size": [-1, 1]},
								"up": {"uv": [6, 4], "uv_size": [1, -1]},
								"down": {"uv": [6, 4], "uv_size": [1, -1]}
							}
						},
						{
							"origin": [-0.15, -2.13388, -9.125],
							"size": [0.3, 0.63388, 0.63388],
							"pivot": [0.15, -1.5, -9.125],
							"rotation": [45, 15, 0],
							"uv": {
								"north": {"uv": [6, 3], "uv_size": [1, 1]},
								"south": {"uv": [6, 3], "uv_size": [1, 1]},
								"west": {"uv": [6, 3], "uv_size": [1, 1]},
								"up": {"uv": [7, 4], "uv_size": [-1, -1]},
								"down": {"uv": [7, 4], "uv_size": [-1, -1]}
							}
						},
						{
							"origin": [-0.25, -1.75, -8.625],
							"size": [0.25, 0.25, 6.875],
							"pivot": [-0.25, -1.5, -5.125],
							"rotation": [0, 0, -12.5],
							"uv": {
								"east": {"uv": [3, 4], "uv_size": [-1, -1]},
								"down": {"uv": [4, 3], "uv_size": [1, 1]}
							}
						}
					]
				},
				{
					"name": "SWORD2_illuminated",
					"parent": "SWORD2",
					"pivot": [-0.15, -0.675, -5.02344],
					"cubes": [
						{
							"origin": [-0.15, -2.325, -8.04687],
							"size": [0.3, 1.65, 6.04687],
							"uv": {
								"up": {"uv": [10, 17], "uv_size": [11, -1], "uv_rotation": 90},
								"down": {"uv": [10, 17], "uv_size": [11, -1], "uv_rotation": 90}
							}
						},
						{
							"origin": [0.05, -0.925, -8.04687],
							"size": [0.1, 0.25, 6.04688],
							"pivot": [0.15, -0.675, -5.02344],
							"rotation": [0, 0, -20],
							"uv": {
								"east": {"uv": [6, 0], "uv_size": [1, 1]},
								"west": {"uv": [10, 16], "uv_size": [11, 1]}
							}
						},
						{
							"origin": [-0.15, -0.925, -8.04687],
							"size": [0.1, 0.25, 6.04688],
							"pivot": [-0.15, -0.675, -5.02344],
							"rotation": [0, 0, 20],
							"uv": {
								"east": {"uv": [21, 16], "uv_size": [-11, 1]},
								"west": {"uv": [7, 0], "uv_size": [-1, 1]}
							}
						},
						{
							"origin": [0.05, -2.325, -8.04687],
							"size": [0.1, 0.25, 6.04688],
							"pivot": [0.15, -2.325, -5.02344],
							"rotation": [0, 0, 20],
							"uv": {
								"east": {"uv": [6, 1], "uv_size": [1, -1]},
								"west": {"uv": [10, 17], "uv_size": [11, -1]}
							}
						},
						{
							"origin": [-0.15, -2.325, -8.04687],
							"size": [0.1, 0.25, 6.04688],
							"pivot": [-0.15, -2.325, -5.02344],
							"rotation": [0, 0, -20],
							"uv": {
								"east": {"uv": [21, 17], "uv_size": [-11, -1]},
								"west": {"uv": [7, 1], "uv_size": [-1, -1]}
							}
						}
					]
				},
				{
					"name": "SWORD3",
					"parent": "SWORD",
					"pivot": [0.15, -1.5, -5.375],
					"cubes": [
						{
							"origin": [-0.15, -1.31276, -16],
							"size": [0.15, 0.68776, 5.25],
							"pivot": [0, -0.625, -10.25],
							"rotation": [0, 0, -9.72758],
							"uv": {
								"west": {"uv": [14, 0], "uv_size": [1, 1]},
								"down": {"uv": [13, 1], "uv_size": [-1, -1]}
							}
						},
						{
							"origin": [-0.15, -1.19952, -31.99848],
							"size": [0.15, 0.4, 6],
							"pivot": [0, -0.79952, -25.99848],
							"rotation": [2.46576, 0.41249, -9.49112],
							"uv": {
								"west": {"uv": [14, 0], "uv_size": [1, 1]}
							}
						},
						{
							"origin": [-0.15, -1.65674, -31.99277],
							"size": [0.15, 0.5955, 0.025],
							"pivot": [0, -1.06124, -31.99277],
							"rotation": [-45.71517, 8.97808, -9.09038],
							"uv": {
								"west": {"uv": [14, 0], "uv_size": [1, 1]}
							}
						},
						{
							"origin": [-0.15, -1.125, -26],
							"size": [0.15, 0.5, 10],
							"pivot": [0, -0.625, -16],
							"rotation": [0.98629, 0.16504, -9.49858],
							"uv": {
								"west": {"uv": [14, 0], "uv_size": [1, 1]}
							}
						},
						{
							"origin": [-0.15, -1.5, -32.40653],
							"size": [0.15, 0.025, 0.4455],
							"pivot": [0, -1.5, -32.43153],
							"rotation": [-1.5, 8.97808, -9.09038],
							"uv": {
								"west": {"uv": [14, 0], "uv_size": [1, 1]}
							}
						},
						{
							"origin": [-0.0036, -1.5, -26],
							"size": [0.15, 0.5, 9],
							"pivot": [0.1464, -1.5, -16],
							"rotation": [-0.025, 0.16504, -9.49858],
							"uv": {
								"west": {"uv": [14, 0], "uv_size": [1, 1]}
							}
						},
						{
							"origin": [-0.0328, -1.50045, -31.97496],
							"size": [0.15, 0.35, 5.975],
							"pivot": [0.1172, -1.50045, -25.99996],
							"rotation": [-0.075, 0.41249, -9.49112],
							"uv": {
								"west": {"uv": [14, 0], "uv_size": [1, 1]}
							}
						},
						{
							"origin": [-0.0036, -1.3, -17],
							"size": [0.15, 0.3, 1],
							"pivot": [0.1464, -1.5, -16],
							"rotation": [-0.025, 0.16504, -9.49858],
							"uv": {
								"west": {"uv": [14, 0], "uv_size": [1, 1]},
								"down": {"uv": [13, 1], "uv_size": [-1, -1]}
							}
						},
						{
							"origin": [-0.00548, -1.51242, -17.14978],
							"size": [0.15, 0.3, 0.15],
							"pivot": [0.06952, -1.51242, -16.99978],
							"rotation": [-45.025, 0.16504, -9.49858],
							"uv": {
								"south": {"uv": [12, 0], "uv_size": [1, 1]},
								"west": {"uv": [14, 0], "uv_size": [1, 1]}
							}
						},
						{
							"origin": [-0.05, -1.86872, -17.11872],
							"size": [0.1, 0.73744, 6.5],
							"uv": {
								"east": {"uv": [8, 0], "uv_size": [1, 1]},
								"west": {"uv": [8, 0], "uv_size": [1, 1]}
							}
						},
						{
							"origin": [-0.07373, -1.51227, -31.98025],
							"size": [0.15, 0.425, 0.025],
							"pivot": [0.00127, -1.51227, -31.95525],
							"rotation": [2.5, 8.97808, -9.09038],
							"uv": {
								"west": {"uv": [14, 0], "uv_size": [1, 1]}
							}
						},
						{
							"origin": [-0.0005, -1.5125, -32.42635],
							"size": [0.001, 0.025, 0.025],
							"pivot": [0, -1.5, -32.41385],
							"rotation": [-45, 0, 0],
							"uv": {
								"north": {"uv": [12, 0], "uv_size": [1, 1]},
								"east": {"uv": [12, 0], "uv_size": [1, 1]},
								"south": {"uv": [12, 0], "uv_size": [1, 1]},
								"west": {"uv": [12, 0], "uv_size": [1, 1]},
								"up": {"uv": [13, 1], "uv_size": [-1, -1]},
								"down": {"uv": [13, 1], "uv_size": [-1, -1]}
							}
						},
						{
							"origin": [-0.15, -1.475, -32.37653],
							"size": [0.15, 0.4, 0.4],
							"pivot": [0, -1.5, -32.43153],
							"rotation": [-1.5, 8.97808, -9.09038],
							"uv": {
								"west": {"uv": [84, 24], "uv_size": [24, -24]}
							}
						},
						{
							"origin": [-0.15, -1.60674, -31.96777],
							"size": [0.15, 0.4955, 0.05],
							"pivot": [0, -1.06124, -31.99277],
							"rotation": [-45.71517, 8.97808, -9.09038],
							"uv": {
								"west": {"uv": [14, 0], "uv_size": [1, 1]}
							}
						},
						{
							"origin": [-0.15, -1.88876, -31.96777],
							"size": [0.15, 0.4955, 0.05],
							"pivot": [0, -1.93876, -31.99277],
							"rotation": [45.71517, 8.97808, 9.09038],
							"uv": {
								"west": {"uv": [10, 1], "uv_size": [1, -1]}
							}
						},
						{
							"origin": [-0.15, -1.925, -32.37653],
							"size": [0.15, 0.4, 0.4],
							"pivot": [0, -1.5, -32.43153],
							"rotation": [1.5, 8.97808, 9.09038],
							"uv": {
								"west": {"uv": [60, 0], "uv_size": [24, 24]}
							}
						},
						{
							"origin": [-0.07373, -1.91273, -31.98025],
							"size": [0.15, 0.425, 0.025],
							"pivot": [0.00127, -1.48773, -31.95525],
							"rotation": [-2.5, 8.97808, 9.09038],
							"uv": {
								"west": {"uv": [10, 1], "uv_size": [1, -1]}
							}
						},
						{
							"origin": [-0.00548, -1.78758, -17.14978],
							"size": [0.15, 0.3, 0.15],
							"pivot": [0.06952, -1.48758, -16.99978],
							"rotation": [45.025, 0.16504, 9.49858],
							"uv": {
								"south": {"uv": [12, 1], "uv_size": [1, -1]},
								"west": {"uv": [10, 1], "uv_size": [1, -1]}
							}
						},
						{
							"origin": [-0.0036, -2, -17],
							"size": [0.15, 0.3, 1],
							"pivot": [0.1464, -1.5, -16],
							"rotation": [0.025, 0.16504, 9.49858],
							"uv": {
								"west": {"uv": [10, 1], "uv_size": [1, -1]},
								"up": {"uv": [13, 0], "uv_size": [-1, 1]}
							}
						},
						{
							"origin": [-0.0328, -1.84955, -31.97496],
							"size": [0.15, 0.35, 5.975],
							"pivot": [0.1172, -1.49955, -25.99996],
							"rotation": [0.075, 0.41249, 9.49112],
							"uv": {
								"west": {"uv": [10, 1], "uv_size": [1, -1]}
							}
						},
						{
							"origin": [-0.0036, -2, -26],
							"size": [0.15, 0.5, 9],
							"pivot": [0.1464, -1.5, -16],
							"rotation": [0.025, 0.16504, 9.49858],
							"uv": {
								"west": {"uv": [10, 1], "uv_size": [1, -1]}
							}
						},
						{
							"origin": [-0.15, -1.525, -32.40653],
							"size": [0.15, 0.025, 0.4455],
							"pivot": [0, -1.5, -32.43153],
							"rotation": [1.5, 8.97808, 9.09038],
							"uv": {
								"west": {"uv": [10, 1], "uv_size": [1, -1]}
							}
						},
						{
							"origin": [-0.15, -2.375, -26],
							"size": [0.15, 0.5, 10],
							"pivot": [0, -2.375, -16],
							"rotation": [-0.98629, 0.16504, 9.49858],
							"uv": {
								"west": {"uv": [10, 1], "uv_size": [1, -1]}
							}
						},
						{
							"origin": [-0.15, -1.93876, -31.99277],
							"size": [0.15, 0.5955, 0.025],
							"pivot": [0, -1.93876, -31.99277],
							"rotation": [45.71517, 8.97808, 9.09038],
							"uv": {
								"west": {"uv": [10, 1], "uv_size": [1, -1]}
							}
						},
						{
							"origin": [-0.15, -2.20048, -31.99848],
							"size": [0.15, 0.4, 6],
							"pivot": [0, -2.20048, -25.99848],
							"rotation": [-2.46576, 0.41249, 9.49112],
							"uv": {
								"west": {"uv": [10, 1], "uv_size": [1, -1]}
							}
						},
						{
							"origin": [-0.15, -2.375, -16],
							"size": [0.15, 0.68776, 5.25],
							"pivot": [0, -2.375, -10.25],
							"rotation": [0, 0, 9.72758],
							"uv": {
								"west": {"uv": [10, 1], "uv_size": [1, -1]},
								"up": {"uv": [13, 0], "uv_size": [-1, 1]}
							}
						},
						{
							"origin": [0.00108, -1.51267, -11.25],
							"size": [0.15, 0.25, 0.5],
							"pivot": [0.07608, -1.51267, -10.75],
							"rotation": [-45, 0, -9.72758],
							"uv": {
								"west": {"uv": [14, 0], "uv_size": [1, 1]},
								"down": {"uv": [13, 1], "uv_size": [-1, -1]}
							}
						},
						{
							"origin": [0.00108, -1.73733, -11.25],
							"size": [0.15, 0.25, 0.5],
							"pivot": [0.07608, -1.48733, -10.75],
							"rotation": [45, 0, 9.72758],
							"uv": {
								"west": {"uv": [10, 1], "uv_size": [1, -1]},
								"up": {"uv": [13, 0], "uv_size": [-1, 1]}
							}
						},
						{
							"origin": [-0.15, -1.51276, -10.75],
							"size": [0.15, 0.88776, 0.5],
							"pivot": [0, -0.625, -10.25],
							"rotation": [0, 0, -9.72758],
							"uv": {
								"west": {"uv": [14, 0], "uv_size": [1, 1]},
								"down": {"uv": [13, 1], "uv_size": [-1, -1]}
							}
						},
						{
							"origin": [-0.15, -2.375, -10.75],
							"size": [0.15, 0.88776, 0.5],
							"pivot": [0, -2.375, -10.25],
							"rotation": [0, 0, 9.72758],
							"uv": {
								"west": {"uv": [10, 1], "uv_size": [1, -1]},
								"up": {"uv": [13, 0], "uv_size": [-1, 1]}
							}
						},
						{
							"origin": [-0.08664, -1.50539, -10.25],
							"size": [0.17328, 0.375, 1.65],
							"uv": {
								"north": {"uv": [12, 0], "uv_size": [1, 1]},
								"east": {"uv": [12, 0], "uv_size": [1, 1]},
								"south": {"uv": [12, 0], "uv_size": [1, 1]},
								"west": {"uv": [12, 0], "uv_size": [1, 1]},
								"up": {"uv": [15, 1], "uv_size": [-1, -1]},
								"down": {"uv": [13, 1], "uv_size": [-1, -1]}
							}
						},
						{
							"origin": [-0.15, -1.36276, -10.65],
							"size": [0.15, 0.73776, 0.4],
							"pivot": [0, -0.625, -10.25],
							"rotation": [45, 0, -9.72758],
							"uv": {
								"west": {"uv": [14, 0], "uv_size": [1, 1]}
							}
						},
						{
							"origin": [-0.29586, -1.41001, -9],
							"size": [0.3, 0.5, 0.5],
							"pivot": [-0.14586, -0.91001, -9],
							"rotation": [-45, 0, -13.49573],
							"uv": {
								"west": {"uv": [14, 0], "uv_size": [1, 1]}
							}
						},
						{
							"origin": [-0.15, -2.375, -10.65],
							"size": [0.15, 0.73776, 0.4],
							"pivot": [0, -2.375, -10.25],
							"rotation": [-45, 0, 9.72758],
							"uv": {
								"west": {"uv": [10, 1], "uv_size": [1, -1]}
							}
						},
						{
							"origin": [-0.1, -1.875, -10.25],
							"size": [0.25, 0.375, 1.65],
							"pivot": [0.15, -1.5, -9.5],
							"rotation": [0, 0, 9.7276],
							"uv": {
								"west": {"uv": [10, 1], "uv_size": [1, -1]}
							}
						},
						{
							"origin": [-0.29586, -2.08999, -9],
							"size": [0.3, 0.5, 0.5],
							"pivot": [-0.14586, -2.08999, -9],
							"rotation": [45, 0, 13.49573],
							"uv": {
								"west": {"uv": [10, 1], "uv_size": [1, -1]}
							}
						},
						{
							"origin": [-0.15, -2.14275, -9],
							"size": [0.3, 0.64275, 7.25],
							"pivot": [0.15, -1.5, -5.375],
							"rotation": [0, 0, 13.49573],
							"uv": {
								"west": {"uv": [10.5, 1], "uv_size": [-2.5, -1]}
							}
						},
						{
							"origin": [-0.00414, -2.08999, -9],
							"size": [0.3, 0.5, 0.5],
							"pivot": [0.14586, -2.08999, -9],
							"rotation": [45, 0, -13.49573],
							"uv": {
								"east": {"uv": [11, 1], "uv_size": [-1, -1]}
							}
						},
						{
							"origin": [-0.15, -2.14275, -9],
							"size": [0.3, 0.64275, 7.25],
							"pivot": [-0.15, -1.5, -5.375],
							"rotation": [0, 0, -13.49573],
							"uv": {
								"east": {"uv": [8, 1], "uv_size": [2.5, -1]}
							}
						},
						{
							"origin": [-0.15, -1.5, -9],
							"size": [0.3, 0.64275, 7.25],
							"pivot": [-0.15, -1.5, -5.375],
							"rotation": [0, 0, 13.49573],
							"uv": {
								"east": {"uv": [12, 0], "uv_size": [2.5, 1]}
							}
						},
						{
							"origin": [-0.00414, -1.41001, -9],
							"size": [0.3, 0.5, 0.5],
							"pivot": [0.14586, -0.91001, -9],
							"rotation": [-45, 0, 13.49573],
							"uv": {
								"east": {"uv": [15, 0], "uv_size": [-1, 1]}
							}
						},
						{
							"origin": [-0.15, -1.875, -10.25],
							"size": [0.25, 0.375, 1.65],
							"pivot": [-0.15, -1.5, -9.5],
							"rotation": [0, 0, -9.7276],
							"uv": {
								"east": {"uv": [11, 1], "uv_size": [-1, -1]}
							}
						},
						{
							"origin": [0, -2.375, -10.65],
							"size": [0.15, 0.73776, 0.4],
							"pivot": [0, -2.375, -10.25],
							"rotation": [-45, 0, -9.72758],
							"uv": {
								"east": {"uv": [11, 1], "uv_size": [-1, -1]}
							}
						},
						{
							"origin": [0, -1.36276, -10.65],
							"size": [0.15, 0.73776, 0.4],
							"pivot": [0, -0.625, -10.25],
							"rotation": [45, 0, 9.72758],
							"uv": {
								"east": {"uv": [15, 0], "uv_size": [-1, 1]}
							}
						},
						{
							"origin": [-0.1, -1.5, -10.25],
							"size": [0.25, 0.375, 1.65],
							"pivot": [0.15, -1.5, -9.5],
							"rotation": [0, 0, -9.7276],
							"uv": {
								"west": {"uv": [14, 0], "uv_size": [1, 1]}
							}
						},
						{
							"origin": [-0.15, -1.5, -10.25],
							"size": [0.25, 0.375, 1.65],
							"pivot": [-0.15, -1.5, -9.5],
							"rotation": [0, 0, 9.7276],
							"uv": {
								"east": {"uv": [15, 0], "uv_size": [-1, 1]}
							}
						},
						{
							"origin": [0, -2.375, -10.75],
							"size": [0.15, 0.88776, 0.5],
							"pivot": [0, -2.375, -10.25],
							"rotation": [0, 0, -9.72758],
							"uv": {
								"east": {"uv": [11, 1], "uv_size": [-1, -1]},
								"up": {"uv": [12, 0], "uv_size": [1, 1]}
							}
						},
						{
							"origin": [0, -1.51276, -10.75],
							"size": [0.15, 0.88776, 0.5],
							"pivot": [0, -0.625, -10.25],
							"rotation": [0, 0, 9.72758],
							"uv": {
								"east": {"uv": [15, 0], "uv_size": [-1, 1]},
								"down": {"uv": [12, 1], "uv_size": [1, -1]}
							}
						},
						{
							"origin": [-0.15108, -1.73733, -11.25],
							"size": [0.15, 0.25, 0.5],
							"pivot": [-0.07608, -1.48733, -10.75],
							"rotation": [45, 0, -9.72758],
							"uv": {
								"east": {"uv": [11, 1], "uv_size": [-1, -1]},
								"up": {"uv": [12, 0], "uv_size": [1, 1]}
							}
						},
						{
							"origin": [-0.15108, -1.51267, -11.25],
							"size": [0.15, 0.25, 0.5],
							"pivot": [-0.07608, -1.51267, -10.75],
							"rotation": [-45, 0, 9.72758],
							"uv": {
								"east": {"uv": [15, 0], "uv_size": [-1, 1]},
								"down": {"uv": [12, 1], "uv_size": [1, -1]}
							}
						},
						{
							"origin": [0, -2.375, -16],
							"size": [0.15, 0.68776, 5.25],
							"pivot": [0, -2.375, -10.25],
							"rotation": [0, 0, -9.72758],
							"uv": {
								"east": {"uv": [11, 1], "uv_size": [-1, -1]},
								"up": {"uv": [12, 0], "uv_size": [1, 1]}
							}
						},
						{
							"origin": [0, -2.20048, -31.99848],
							"size": [0.15, 0.4, 6],
							"pivot": [0, -2.20048, -25.99848],
							"rotation": [-2.46576, -0.41249, -9.49112],
							"uv": {
								"east": {"uv": [11, 1], "uv_size": [-1, -1]}
							}
						},
						{
							"origin": [0, -1.93876, -31.99277],
							"size": [0.15, 0.5955, 0.025],
							"pivot": [0, -1.93876, -31.99277],
							"rotation": [45.71517, -8.97808, -9.09038],
							"uv": {
								"east": {"uv": [11, 1], "uv_size": [-1, -1]}
							}
						},
						{
							"origin": [0, -2.375, -26],
							"size": [0.15, 0.5, 10],
							"pivot": [0, -2.375, -16],
							"rotation": [-0.98629, -0.16504, -9.49858],
							"uv": {
								"east": {"uv": [11, 1], "uv_size": [-1, -1]}
							}
						},
						{
							"origin": [0, -1.525, -32.40653],
							"size": [0.15, 0.025, 0.4455],
							"pivot": [0, -1.5, -32.43153],
							"rotation": [1.5, -8.97808, -9.09038],
							"uv": {
								"east": {"uv": [11, 1], "uv_size": [-1, -1]}
							}
						},
						{
							"origin": [-0.1464, -2, -26],
							"size": [0.15, 0.5, 9],
							"pivot": [-0.1464, -1.5, -16],
							"rotation": [0.025, -0.16504, -9.49858],
							"uv": {
								"east": {"uv": [11, 1], "uv_size": [-1, -1]}
							}
						},
						{
							"origin": [-0.1172, -1.84955, -31.97496],
							"size": [0.15, 0.35, 5.975],
							"pivot": [-0.1172, -1.49955, -25.99996],
							"rotation": [0.075, -0.41249, -9.49112],
							"uv": {
								"east": {"uv": [11, 1], "uv_size": [-1, -1]}
							}
						},
						{
							"origin": [-0.1464, -2, -17],
							"size": [0.15, 0.3, 1],
							"pivot": [-0.1464, -1.5, -16],
							"rotation": [0.025, -0.16504, -9.49858],
							"uv": {
								"east": {"uv": [11, 1], "uv_size": [-1, -1]},
								"up": {"uv": [12, 0], "uv_size": [1, 1]}
							}
						},
						{
							"origin": [-0.14452, -1.78758, -17.14978],
							"size": [0.15, 0.3, 0.15],
							"pivot": [-0.06952, -1.48758, -16.99978],
							"rotation": [45.025, -0.16504, -9.49858],
							"uv": {
								"east": {"uv": [11, 1], "uv_size": [-1, -1]},
								"south": {"uv": [13, 1], "uv_size": [-1, -1]}
							}
						},
						{
							"origin": [-0.07627, -1.91273, -31.98025],
							"size": [0.15, 0.425, 0.025],
							"pivot": [-0.00127, -1.48773, -31.95525],
							"rotation": [-2.5, -8.97808, -9.09038],
							"uv": {
								"east": {"uv": [11, 1], "uv_size": [-1, -1]}
							}
						},
						{
							"origin": [0, -1.925, -32.37653],
							"size": [0.15, 0.4, 0.4],
							"pivot": [0, -1.5, -32.43153],
							"rotation": [1.5, -8.97808, -9.09038],
							"uv": {
								"east": {"uv": [84, 0], "uv_size": [-24, 24]}
							}
						},
						{
							"origin": [0, -1.88876, -31.96777],
							"size": [0.15, 0.4955, 0.05],
							"pivot": [0, -1.93876, -31.99277],
							"rotation": [45.71517, -8.97808, -9.09038],
							"uv": {
								"east": {"uv": [11, 1], "uv_size": [-1, -1]}
							}
						},
						{
							"origin": [0, -1.60674, -31.96777],
							"size": [0.15, 0.4955, 0.05],
							"pivot": [0, -1.06124, -31.99277],
							"rotation": [-45.71517, -8.97808, 9.09038],
							"uv": {
								"east": {"uv": [15, 0], "uv_size": [-1, 1]}
							}
						},
						{
							"origin": [0, -1.475, -32.37653],
							"size": [0.15, 0.4, 0.4],
							"pivot": [0, -1.5, -32.43153],
							"rotation": [-1.5, -8.97808, 9.09038],
							"uv": {
								"east": {"uv": [108, 24], "uv_size": [-24, -24]}
							}
						},
						{
							"origin": [-0.07627, -1.51227, -31.98025],
							"size": [0.15, 0.425, 0.025],
							"pivot": [-0.00127, -1.51227, -31.95525],
							"rotation": [2.5, -8.97808, 9.09038],
							"uv": {
								"east": {"uv": [15, 0], "uv_size": [-1, 1]}
							}
						},
						{
							"origin": [-0.14452, -1.51242, -17.14978],
							"size": [0.15, 0.3, 0.15],
							"pivot": [-0.06952, -1.51242, -16.99978],
							"rotation": [-45.025, -0.16504, 9.49858],
							"uv": {
								"east": {"uv": [15, 0], "uv_size": [-1, 1]},
								"south": {"uv": [13, 0], "uv_size": [-1, 1]}
							}
						},
						{
							"origin": [-0.1464, -1.3, -17],
							"size": [0.15, 0.3, 1],
							"pivot": [-0.1464, -1.5, -16],
							"rotation": [-0.025, -0.16504, 9.49858],
							"uv": {
								"east": {"uv": [15, 0], "uv_size": [-1, 1]},
								"down": {"uv": [12, 1], "uv_size": [1, -1]}
							}
						},
						{
							"origin": [-0.1172, -1.50045, -31.97496],
							"size": [0.15, 0.35, 5.975],
							"pivot": [-0.1172, -1.50045, -25.99996],
							"rotation": [-0.075, -0.41249, 9.49112],
							"uv": {
								"east": {"uv": [15, 0], "uv_size": [-1, 1]}
							}
						},
						{
							"origin": [-0.1464, -1.5, -26],
							"size": [0.15, 0.5, 9],
							"pivot": [-0.1464, -1.5, -16],
							"rotation": [-0.025, -0.16504, 9.49858],
							"uv": {
								"east": {"uv": [15, 0], "uv_size": [-1, 1]}
							}
						},
						{
							"origin": [0, -1.5, -32.40653],
							"size": [0.15, 0.025, 0.4455],
							"pivot": [0, -1.5, -32.43153],
							"rotation": [-1.5, -8.97808, 9.09038],
							"uv": {
								"east": {"uv": [15, 0], "uv_size": [-1, 1]}
							}
						},
						{
							"origin": [0, -1.125, -26],
							"size": [0.15, 0.5, 10],
							"pivot": [0, -0.625, -16],
							"rotation": [0.98629, -0.16504, 9.49858],
							"uv": {
								"east": {"uv": [15, 0], "uv_size": [-1, 1]}
							}
						},
						{
							"origin": [0, -1.65674, -31.99277],
							"size": [0.15, 0.5955, 0.025],
							"pivot": [0, -1.06124, -31.99277],
							"rotation": [-45.71517, -8.97808, 9.09038],
							"uv": {
								"east": {"uv": [15, 0], "uv_size": [-1, 1]}
							}
						},
						{
							"origin": [0, -1.19952, -31.99848],
							"size": [0.15, 0.4, 6],
							"pivot": [0, -0.79952, -25.99848],
							"rotation": [2.46576, -0.41249, 9.49112],
							"uv": {
								"east": {"uv": [15, 0], "uv_size": [-1, 1]}
							}
						},
						{
							"origin": [0, -1.31276, -16],
							"size": [0.15, 0.68776, 5.25],
							"pivot": [0, -0.625, -10.25],
							"rotation": [0, 0, 9.72758],
							"uv": {
								"east": {"uv": [15, 0], "uv_size": [-1, 1]},
								"down": {"uv": [12, 1], "uv_size": [1, -1]}
							}
						},
						{
							"origin": [-0.15, -1.5, -9],
							"size": [0.3, 0.64275, 7.25],
							"pivot": [0.15, -1.5, -5.375],
							"rotation": [0, 0, -13.49573],
							"uv": {
								"west": {"uv": [14.5, 0], "uv_size": [-2.5, 1]}
							}
						}
					]
				}
			]
		}
	]
}