{
	"format_version": "1.12.0",
	"minecraft:geometry": [
		{
			"description": {
				"identifier": "geometry.grip_magpul_afg_2",
				"texture_width": 128,
				"texture_height": 128,
				"visible_bounds_width": 2,
				"visible_bounds_height": 1.5,
				"visible_bounds_offset": [0, 0.25, 0]
			},
			"bones": [
				{
					"name": "bipod",
					"pivot": [-0.00001, -0.95, 1.5],
					"cubes": [
						{
							"origin": [0.24999, -0.45, -1.5],
							"size": [0.25, 0.5, 3.25],
							"pivot": [0.49999, 0.05, 1],
							"rotation": [0, 0, 7.5],
							"uv": {
								"north": {"uv": [10, 1], "uv_size": [1, -1]},
								"east": {"uv": [6, 1], "uv_size": [1, -1]},
								"south": {"uv": [14, 1], "uv_size": [1, -1]},
								"west": {"uv": [14, 1], "uv_size": [1, -1]},
								"up": {"uv": [15, 0], "uv_size": [-1, 1]},
								"down": {"uv": [15, 0], "uv_size": [-1, 1]}
							}
						},
						{
							"origin": [-0.49999, -1.05925, 0.36016],
							"size": [0.25, 0.5, 0.90139],
							"pivot": [-0.49999, 0.05, 0.5],
							"rotation": [33.75, 0, -7.5],
							"uv": {
								"north": {"uv": [15, 1], "uv_size": [-1, -1]},
								"east": {"uv": [15, 1], "uv_size": [-1, -1]},
								"south": {"uv": [15, 1], "uv_size": [-1, -1]},
								"west": {"uv": [7, 1], "uv_size": [-1, -1]},
								"up": {"uv": [14, 0], "uv_size": [1, 1]},
								"down": {"uv": [14, 0], "uv_size": [1, 1]}
							}
						},
						{
							"origin": [-0.49999, -0.95, -2.5],
							"size": [0.25, 0.5, 3.5],
							"pivot": [-0.49999, 0.05, 1],
							"rotation": [0, 0, -7.5],
							"uv": {
								"north": {"uv": [15, 1], "uv_size": [-1, -1]},
								"east": {"uv": [15, 1], "uv_size": [-1, -1]},
								"south": {"uv": [15, 1], "uv_size": [-1, -1]},
								"west": {"uv": [7, 1], "uv_size": [-1, -1]},
								"up": {"uv": [10, 0], "uv_size": [1, 1]},
								"down": {"uv": [14, 0], "uv_size": [1, 1]}
							}
						},
						{
							"origin": [-0.49999, 0.6655, -2.35537],
							"size": [0.25, 0.5, 1.11803],
							"pivot": [-0.49999, 0.05, 1],
							"rotation": [26.5, 0, -7.5],
							"uv": {
								"north": {"uv": [15, 1], "uv_size": [-1, -1]},
								"east": {"uv": [15, 1], "uv_size": [-1, -1]},
								"south": {"uv": [15, 1], "uv_size": [-1, -1]},
								"west": {"uv": [7, 1], "uv_size": [-1, -1]},
								"up": {"uv": [14, 0], "uv_size": [1, 1]},
								"down": {"uv": [14, 0], "uv_size": [1, 1]}
							}
						},
						{
							"origin": [-0.49999, -0.45, -1.5],
							"size": [0.25, 0.5, 3.25],
							"pivot": [-0.49999, 0.05, 1],
							"rotation": [0, 0, -7.5],
							"uv": {
								"north": {"uv": [11, 1], "uv_size": [-1, -1]},
								"east": {"uv": [15, 1], "uv_size": [-1, -1]},
								"south": {"uv": [15, 1], "uv_size": [-1, -1]},
								"west": {"uv": [7, 1], "uv_size": [-1, -1]},
								"up": {"uv": [14, 0], "uv_size": [1, 1]},
								"down": {"uv": [14, 0], "uv_size": [1, 1]}
							}
						},
						{
							"origin": [-0.62501, 0.05, -1],
							"size": [1.25, 0.25, 2],
							"uv": {
								"north": {"uv": [6, 1], "uv_size": [1, -1]},
								"east": {"uv": [6, 1], "uv_size": [1, -1]},
								"south": {"uv": [6, 1], "uv_size": [1, -1]},
								"west": {"uv": [6, 1], "uv_size": [1, -1]},
								"up": {"uv": [7, 0], "uv_size": [-1, 1]},
								"down": {"uv": [7, 0], "uv_size": [-1, 1]}
							}
						},
						{
							"origin": [0.37499, 0.3, -1],
							"size": [0.25, 0.25, 2],
							"pivot": [0.62499, 0.3, 0.375],
							"rotation": [0, 0, -45],
							"uv": {
								"north": {"uv": [6, 1], "uv_size": [1, -1]},
								"east": {"uv": [6, 1], "uv_size": [1, -1]},
								"south": {"uv": [6, 1], "uv_size": [1, -1]},
								"west": {"uv": [10, 1], "uv_size": [1, -1]},
								"up": {"uv": [7, 0], "uv_size": [-1, 1]},
								"down": {"uv": [7, 0], "uv_size": [-1, 1]}
							}
						},
						{
							"origin": [0.32499, 0.05, 0.25],
							"size": [0.25, 0.25, 0.5],
							"pivot": [0.57499, 0.05, 0.125],
							"rotation": [0, 0, -60],
							"uv": {
								"north": {"uv": [6, 1], "uv_size": [1, -1]},
								"east": {"uv": [6, 1], "uv_size": [1, -1]},
								"south": {"uv": [6, 1], "uv_size": [1, -1]},
								"west": {"uv": [6, 1], "uv_size": [1, -1]},
								"up": {"uv": [7, 0], "uv_size": [-1, 1]},
								"down": {"uv": [7, 0], "uv_size": [-1, 1]}
							}
						},
						{
							"origin": [-0.57499, 0.05, 0.25],
							"size": [0.25, 0.25, 0.5],
							"pivot": [-0.57499, 0.05, 0.125],
							"rotation": [0, 0, 60],
							"uv": {
								"north": {"uv": [7, 1], "uv_size": [-1, -1]},
								"east": {"uv": [7, 1], "uv_size": [-1, -1]},
								"south": {"uv": [7, 1], "uv_size": [-1, -1]},
								"west": {"uv": [7, 1], "uv_size": [-1, -1]},
								"up": {"uv": [6, 0], "uv_size": [1, 1]},
								"down": {"uv": [6, 0], "uv_size": [1, 1]}
							}
						},
						{
							"origin": [0.32499, 0.05, -0.75],
							"size": [0.25, 0.25, 0.5],
							"pivot": [0.57499, 0.05, -0.875],
							"rotation": [0, 0, -60],
							"uv": {
								"north": {"uv": [6, 1], "uv_size": [1, -1]},
								"east": {"uv": [6, 1], "uv_size": [1, -1]},
								"south": {"uv": [6, 1], "uv_size": [1, -1]},
								"west": {"uv": [6, 1], "uv_size": [1, -1]},
								"up": {"uv": [7, 0], "uv_size": [-1, 1]},
								"down": {"uv": [7, 0], "uv_size": [-1, 1]}
							}
						},
						{
							"origin": [-0.57499, 0.05, -0.75],
							"size": [0.25, 0.25, 0.5],
							"pivot": [-0.57499, 0.05, -0.875],
							"rotation": [0, 0, 60],
							"uv": {
								"north": {"uv": [7, 1], "uv_size": [-1, -1]},
								"east": {"uv": [7, 1], "uv_size": [-1, -1]},
								"south": {"uv": [7, 1], "uv_size": [-1, -1]},
								"west": {"uv": [7, 1], "uv_size": [-1, -1]},
								"up": {"uv": [6, 0], "uv_size": [1, 1]},
								"down": {"uv": [6, 0], "uv_size": [1, 1]}
							}
						},
						{
							"origin": [-0.62499, 0.3, -1],
							"size": [0.25, 0.25, 2],
							"pivot": [-0.62499, 0.3, 0.375],
							"rotation": [0, 0, 45],
							"uv": {
								"north": {"uv": [7, 1], "uv_size": [-1, -1]},
								"east": {"uv": [11, 1], "uv_size": [-1, -1]},
								"south": {"uv": [7, 1], "uv_size": [-1, -1]},
								"west": {"uv": [7, 1], "uv_size": [-1, -1]},
								"up": {"uv": [6, 0], "uv_size": [1, 1]},
								"down": {"uv": [6, 0], "uv_size": [1, 1]}
							}
						},
						{
							"origin": [0.24999, -1.05925, 0.36016],
							"size": [0.25, 0.5, 0.90139],
							"pivot": [0.49999, 0.05, 0.5],
							"rotation": [33.75, 0, 7.5],
							"uv": {
								"north": {"uv": [14, 1], "uv_size": [1, -1]},
								"east": {"uv": [6, 1], "uv_size": [1, -1]},
								"south": {"uv": [14, 1], "uv_size": [1, -1]},
								"west": {"uv": [14, 1], "uv_size": [1, -1]},
								"up": {"uv": [15, 0], "uv_size": [-1, 1]},
								"down": {"uv": [15, 0], "uv_size": [-1, 1]}
							}
						},
						{
							"origin": [0.24999, -0.95, -2.5],
							"size": [0.25, 0.5, 3.5],
							"pivot": [0.49999, 0.05, 1],
							"rotation": [0, 0, 7.5],
							"uv": {
								"north": {"uv": [14, 1], "uv_size": [1, -1]},
								"east": {"uv": [6, 1], "uv_size": [1, -1]},
								"south": {"uv": [14, 1], "uv_size": [1, -1]},
								"west": {"uv": [14, 1], "uv_size": [1, -1]},
								"up": {"uv": [11, 0], "uv_size": [-1, 1]},
								"down": {"uv": [15, 0], "uv_size": [-1, 1]}
							}
						},
						{
							"origin": [0.24999, 0.6655, -2.35537],
							"size": [0.25, 0.5, 1.11803],
							"pivot": [0.49999, 0.05, 1],
							"rotation": [26.5, 0, 7.5],
							"uv": {
								"north": {"uv": [14, 1], "uv_size": [1, -1]},
								"east": {"uv": [6, 1], "uv_size": [1, -1]},
								"south": {"uv": [14, 1], "uv_size": [1, -1]},
								"west": {"uv": [14, 1], "uv_size": [1, -1]},
								"up": {"uv": [15, 0], "uv_size": [-1, 1]},
								"down": {"uv": [15, 0], "uv_size": [-1, 1]}
							}
						},
						{
							"origin": [-0.25001, -0.4, -2.61804],
							"size": [0.5, 0.37042, 1.46123],
							"pivot": [-0.00001, 0.05, -1.5],
							"rotation": [26.5, 0, 0],
							"uv": {
								"north": {"uv": [8, 1], "uv_size": [1, -1]},
								"east": {"uv": [10, 1], "uv_size": [1, -1]},
								"south": {"uv": [10, 1], "uv_size": [1, -1]},
								"west": {"uv": [10, 1], "uv_size": [1, -1]},
								"up": {"uv": [11, 0], "uv_size": [-1, 1]},
								"down": {"uv": [11, 0], "uv_size": [-1, 1]}
							}
						},
						{
							"origin": [-0.25001, -0.85158, -2.29978],
							"size": [0.5, 0.25, 3.25],
							"uv": {
								"north": {"uv": [10, 1], "uv_size": [1, -1]},
								"east": {"uv": [10, 1], "uv_size": [1, -1]},
								"south": {"uv": [10, 1], "uv_size": [1, -1]},
								"west": {"uv": [10, 1], "uv_size": [1, -1]},
								"up": {"uv": [11, 0], "uv_size": [-1, 1]},
								"down": {"uv": [9, 0], "uv_size": [-1, 1]}
							}
						},
						{
							"origin": [-0.25001, -0.85158, 0.95022],
							"size": [0.5, 0.5232, 0.96748],
							"pivot": [-0.00001, -0.85158, 0.95022],
							"rotation": [35, 0, 0],
							"uv": {
								"north": {"uv": [10, 1], "uv_size": [1, -1]},
								"east": {"uv": [8, 1], "uv_size": [1, -1]},
								"south": {"uv": [10, 1], "uv_size": [1, -1]},
								"west": {"uv": [8, 1], "uv_size": [1, -1]},
								"up": {"uv": [11, 0], "uv_size": [-1, 1]},
								"down": {"uv": [9, 0], "uv_size": [-1, 1]}
							}
						},
						{
							"origin": [-0.25001, -0.11808, -1.15736],
							"size": [0.5, 0.25, 2.6],
							"uv": {
								"north": {"uv": [10, 1], "uv_size": [1, -1]},
								"east": {"uv": [8, 1], "uv_size": [1, -1]},
								"south": {"uv": [10, 1], "uv_size": [1, -1]},
								"west": {"uv": [8, 1], "uv_size": [1, -1]},
								"up": {"uv": [11, 0], "uv_size": [-1, 1]},
								"down": {"uv": [11, 0], "uv_size": [-1, 1]}
							}
						},
						{
							"origin": [0.32499, -0.06808, -1.20736],
							"size": [0.1, 0.25, 0.25],
							"uv": {
								"north": {"uv": [4, 4], "uv_size": [1, -1]},
								"east": {"uv": [4, 4], "uv_size": [1, -1]},
								"south": {"uv": [4, 4], "uv_size": [1, -1]},
								"west": {"uv": [4, 4], "uv_size": [1, -1]},
								"up": {"uv": [5, 3], "uv_size": [-1, 1]},
								"down": {"uv": [5, 3], "uv_size": [-1, 1]}
							}
						},
						{
							"origin": [0.32499, -0.22958, -1.45681],
							"size": [0.1, 0.25, 0.25],
							"pivot": [0.07499, 0.1, -1.55],
							"rotation": [26.5, 0, 0],
							"uv": {
								"north": {"uv": [4, 4], "uv_size": [1, -1]},
								"east": {"uv": [4, 4], "uv_size": [1, -1]},
								"south": {"uv": [4, 4], "uv_size": [1, -1]},
								"west": {"uv": [4, 4], "uv_size": [1, -1]},
								"up": {"uv": [5, 3], "uv_size": [-1, 1]},
								"down": {"uv": [5, 3], "uv_size": [-1, 1]}
							}
						},
						{
							"origin": [-0.15001, -0.06808, -1.10736],
							"size": [0.3, 0.25, 0.25],
							"uv": {
								"north": {"uv": [4, 4], "uv_size": [1, -1]},
								"east": {"uv": [4, 4], "uv_size": [1, -1]},
								"south": {"uv": [4, 4], "uv_size": [1, -1]},
								"west": {"uv": [4, 4], "uv_size": [1, -1]},
								"up": {"uv": [5, 3], "uv_size": [-1, 1]},
								"down": {"uv": [5, 3], "uv_size": [-1, 1]}
							}
						},
						{
							"origin": [-0.15001, -0.22958, -1.35681],
							"size": [0.3, 0.25, 0.25],
							"pivot": [-0.30001, 0.1, -1.45],
							"rotation": [26.5, 0, 0],
							"uv": {
								"north": {"uv": [4, 4], "uv_size": [1, -1]},
								"east": {"uv": [4, 4], "uv_size": [1, -1]},
								"south": {"uv": [4, 4], "uv_size": [1, -1]},
								"west": {"uv": [4, 4], "uv_size": [1, -1]},
								"up": {"uv": [5, 3], "uv_size": [-1, 1]},
								"down": {"uv": [5, 3], "uv_size": [-1, 1]}
							}
						},
						{
							"origin": [-0.42499, -0.06808, -1.20736],
							"size": [0.1, 0.25, 0.25],
							"uv": {
								"north": {"uv": [5, 4], "uv_size": [-1, -1]},
								"east": {"uv": [5, 4], "uv_size": [-1, -1]},
								"south": {"uv": [5, 4], "uv_size": [-1, -1]},
								"west": {"uv": [5, 4], "uv_size": [-1, -1]},
								"up": {"uv": [4, 3], "uv_size": [1, 1]},
								"down": {"uv": [4, 3], "uv_size": [1, 1]}
							}
						},
						{
							"origin": [-0.42499, -0.22958, -1.45681],
							"size": [0.1, 0.25, 0.25],
							"pivot": [-0.07499, 0.1, -1.55],
							"rotation": [26.5, 0, 0],
							"uv": {
								"north": {"uv": [5, 4], "uv_size": [-1, -1]},
								"east": {"uv": [5, 4], "uv_size": [-1, -1]},
								"south": {"uv": [5, 4], "uv_size": [-1, -1]},
								"west": {"uv": [5, 4], "uv_size": [-1, -1]},
								"up": {"uv": [4, 3], "uv_size": [1, 1]},
								"down": {"uv": [4, 3], "uv_size": [1, 1]}
							}
						},
						{
							"origin": [-0.75001, -0.8, -1.35],
							"size": [1.5, 0.35, 1.75],
							"uv": {
								"north": {"uv": [10, 1], "uv_size": [1, -1]},
								"east": {"uv": [10, 1], "uv_size": [1, -1]},
								"south": {"uv": [10, 1], "uv_size": [1, -1]},
								"west": {"uv": [10, 1], "uv_size": [1, -1]},
								"up": {"uv": [11, 0], "uv_size": [-1, 1]},
								"down": {"uv": [11, 0], "uv_size": [-1, 1]}
							}
						},
						{
							"origin": [-0.75001, -0.86285, -1.47937],
							"size": [1.5, 0.41285, 0.93885],
							"pivot": [-0.00001, -0.45, -1.6],
							"rotation": [19.25, 0, 0],
							"uv": {
								"north": {"uv": [10, 1], "uv_size": [1, -1]},
								"east": {"uv": [10, 1], "uv_size": [1, -1]},
								"south": {"uv": [10, 1], "uv_size": [1, -1]},
								"west": {"uv": [10, 1], "uv_size": [1, -1]},
								"up": {"uv": [13, 0], "uv_size": [-1, 1]},
								"down": {"uv": [11, 0], "uv_size": [-1, 1]}
							}
						},
						{
							"origin": [-0.75001, -0.8, 0.0818],
							"size": [1.5, 0.67175, 0.3182],
							"pivot": [-0.00001, -0.8, 0.4],
							"rotation": [-45, 0, 0],
							"uv": {
								"north": {"uv": [10, 1], "uv_size": [1, -1]},
								"east": {"uv": [10, 1], "uv_size": [1, -1]},
								"south": {"uv": [10, 1], "uv_size": [1, -1]},
								"west": {"uv": [10, 1], "uv_size": [1, -1]},
								"up": {"uv": [13, 0], "uv_size": [-1, 1]},
								"down": {"uv": [11, 0], "uv_size": [-1, 1]}
							}
						},
						{
							"origin": [-0.75001, -0.45, -0.6],
							"size": [1.5, 0.35, 1.25],
							"uv": {
								"north": {"uv": [10, 1], "uv_size": [1, -1]},
								"east": {"uv": [10, 1], "uv_size": [1, -1]},
								"south": {"uv": [10, 1], "uv_size": [1, -1]},
								"west": {"uv": [10, 1], "uv_size": [1, -1]},
								"up": {"uv": [13, 0], "uv_size": [-1, 1]},
								"down": {"uv": [11, 0], "uv_size": [-1, 1]}
							}
						}
					]
				},
				{
					"name": "bone7",
					"parent": "bipod",
					"pivot": [0, -0.45, -0.5],
					"rotation": [90, 0, 0],
					"cubes": [
						{
							"origin": [-1.10001, -0.65, -0.7],
							"size": [2.2, 0.4, 0.4],
							"pivot": [-0.00001, -0.45, -0.5],
							"rotation": [45, 0, 0],
							"uv": {
								"north": {"uv": [4, 4], "uv_size": [1, -1]},
								"east": {"uv": [4, 4], "uv_size": [1, -1]},
								"south": {"uv": [4, 4], "uv_size": [1, -1]},
								"west": {"uv": [4, 4], "uv_size": [1, -1]},
								"up": {"uv": [7, 3], "uv_size": [-1, 1]},
								"down": {"uv": [5, 3], "uv_size": [-1, 1]}
							}
						}
					]
				},
				{
					"name": "Right_bipod",
					"parent": "bone7",
					"pivot": [0.99999, -0.45, -0.5],
					"rotation": [0, -15, 0],
					"cubes": [
						{
							"origin": [0.99999, -0.7, -1.5],
							"size": [0.3, 0.5, 1.5],
							"uv": {
								"north": {"uv": [8, 1], "uv_size": [1, -1]},
								"east": {"uv": [8, 1], "uv_size": [1, -1]},
								"south": {"uv": [8, 1], "uv_size": [1, -1]},
								"west": {"uv": [8, 1], "uv_size": [1, -1]},
								"up": {"uv": [9, 0], "uv_size": [-1, 1]},
								"down": {"uv": [9, 0], "uv_size": [-1, 1]}
							}
						},
						{
							"origin": [1.17499, -0.55, -1.525],
							"size": [0.2, 0.2, 0.2],
							"pivot": [1.27499, -0.45, -1.525],
							"rotation": [7.10708, -7.05302, -45.43855],
							"uv": {
								"north": {"uv": [14, 1], "uv_size": [1, -1]},
								"east": {"uv": [14, 1], "uv_size": [1, -1]},
								"south": {"uv": [6, 1], "uv_size": [1, -1]},
								"west": {"uv": [14, 1], "uv_size": [1, -1]},
								"up": {"uv": [15, 0], "uv_size": [-1, 1]},
								"down": {"uv": [15, 0], "uv_size": [-1, 1]}
							}
						},
						{
							"origin": [0.92501, -0.55, -1.525],
							"size": [0.2, 0.2, 0.2],
							"pivot": [1.02501, -0.45, -1.525],
							"rotation": [7.10708, 7.05302, 45.43855],
							"uv": {
								"north": {"uv": [15, 1], "uv_size": [-1, -1]},
								"east": {"uv": [15, 1], "uv_size": [-1, -1]},
								"south": {"uv": [7, 1], "uv_size": [-1, -1]},
								"west": {"uv": [15, 1], "uv_size": [-1, -1]},
								"up": {"uv": [14, 0], "uv_size": [1, 1]},
								"down": {"uv": [14, 0], "uv_size": [1, 1]}
							}
						},
						{
							"origin": [0.93001, -0.55, -1.325],
							"size": [0.17, 0.17, 0.025],
							"pivot": [1.02501, -0.45, -1.525],
							"rotation": [7.10708, 7.05302, 45.43855],
							"uv": {
								"north": {"uv": [7, 1], "uv_size": [-1, -1]},
								"east": {"uv": [7, 1], "uv_size": [-1, -1]},
								"south": {"uv": [7, 1], "uv_size": [-1, -1]},
								"west": {"uv": [7, 1], "uv_size": [-1, -1]},
								"up": {"uv": [6, 0], "uv_size": [1, 1]},
								"down": {"uv": [6, 0], "uv_size": [1, 1]}
							}
						},
						{
							"origin": [1.19999, -0.55, -1.325],
							"size": [0.17, 0.17, 0.025],
							"pivot": [1.27499, -0.45, -1.525],
							"rotation": [7.10708, -7.05302, -45.43855],
							"uv": {
								"north": {"uv": [6, 1], "uv_size": [1, -1]},
								"east": {"uv": [6, 1], "uv_size": [1, -1]},
								"south": {"uv": [6, 1], "uv_size": [1, -1]},
								"west": {"uv": [6, 1], "uv_size": [1, -1]},
								"up": {"uv": [7, 0], "uv_size": [-1, 1]},
								"down": {"uv": [7, 0], "uv_size": [-1, 1]}
							}
						},
						{
							"origin": [0.92501, -0.55, -1.3],
							"size": [0.2, 0.2, 0.275],
							"pivot": [1.02501, -0.45, -1.525],
							"rotation": [7.10708, 7.05302, 45.43855],
							"uv": {
								"north": {"uv": [7, 1], "uv_size": [-1, -1]},
								"east": {"uv": [15, 1], "uv_size": [-1, -1]},
								"south": {"uv": [15, 1], "uv_size": [-1, -1]},
								"west": {"uv": [15, 1], "uv_size": [-1, -1]},
								"up": {"uv": [14, 0], "uv_size": [1, 1]},
								"down": {"uv": [14, 0], "uv_size": [1, 1]}
							}
						},
						{
							"origin": [1.17499, -0.55, -1.3],
							"size": [0.2, 0.2, 0.275],
							"pivot": [1.27499, -0.45, -1.525],
							"rotation": [7.10708, -7.05302, -45.43855],
							"uv": {
								"north": {"uv": [6, 1], "uv_size": [1, -1]},
								"east": {"uv": [14, 1], "uv_size": [1, -1]},
								"south": {"uv": [14, 1], "uv_size": [1, -1]},
								"west": {"uv": [14, 1], "uv_size": [1, -1]},
								"up": {"uv": [15, 0], "uv_size": [-1, 1]},
								"down": {"uv": [15, 0], "uv_size": [-1, 1]}
							}
						},
						{
							"origin": [0.99999, -0.45, -1.5],
							"size": [0.3, 0.25, 1.5],
							"pivot": [1.12499, -0.2, -1.5],
							"rotation": [10, 0, 0],
							"uv": {
								"north": {"uv": [8, 1], "uv_size": [1, -1]},
								"east": {"uv": [8, 1], "uv_size": [1, -1]},
								"south": {"uv": [8, 1], "uv_size": [1, -1]},
								"west": {"uv": [8, 1], "uv_size": [1, -1]},
								"up": {"uv": [13, 0], "uv_size": [-1, 1]},
								"down": {"uv": [9, 0], "uv_size": [-1, 1]}
							}
						},
						{
							"origin": [1.0125, -0.32483, 0.00043],
							"size": [0.3, 0.25, 0.1036],
							"pivot": [0.49499, -0.19983, 0.05223],
							"rotation": [22.5, 0, 0],
							"uv": {
								"west": {"uv": [2, 1], "uv_size": [1, 1]}
							}
						},
						{
							"origin": [1.0125, -0.32483, 0.00043],
							"size": [0.3, 0.25, 0.1036],
							"pivot": [0.49499, -0.19983, 0.05223],
							"rotation": [67.5, 0, 0],
							"uv": {
								"west": {"uv": [2, 1], "uv_size": [1, 1]}
							}
						},
						{
							"origin": [1.0125, -0.32483, 0.00043],
							"size": [0.3, 0.25, 0.1036],
							"pivot": [0.49499, -0.19983, 0.05223],
							"rotation": [112.5, 0, 0],
							"uv": {
								"west": {"uv": [2, 1], "uv_size": [1, 1]}
							}
						},
						{
							"origin": [1.0125, -0.32483, 0.00043],
							"size": [0.3, 0.25, 0.1036],
							"pivot": [0.49499, -0.19983, 0.05223],
							"rotation": [-22.5, 0, 0],
							"uv": {
								"west": {"uv": [2, 1], "uv_size": [1, 1]}
							}
						},
						{
							"origin": [0.99999, -0.58672, -0.02279],
							"size": [0.3, 0.64719, 0.39997],
							"pivot": [1.12499, 0.06047, -0.02279],
							"rotation": [-30, 0, 0],
							"uv": {
								"north": {"uv": [8, 1], "uv_size": [1, -1]},
								"east": {"uv": [8, 1], "uv_size": [1, -1]},
								"south": {"uv": [8, 1], "uv_size": [1, -1]},
								"west": {"uv": [8, 1], "uv_size": [1, -1]},
								"up": {"uv": [13, 0], "uv_size": [-1, 1]},
								"down": {"uv": [9, 0], "uv_size": [-1, 1]}
							}
						},
						{
							"origin": [1.0125, -0.25, -0.5],
							"size": [0.3, 0.05, 0.5],
							"pivot": [1.12499, -0.2, -1.5],
							"rotation": [10, 0, 0],
							"uv": {
								"west": {"uv": [12, 1], "uv_size": [1, -1]}
							}
						},
						{
							"origin": [1.0125, 0.01047, -0.02279],
							"size": [0.3, 0.05, 0.25],
							"pivot": [1.12499, 0.06047, -0.02279],
							"rotation": [-30, 0, 0],
							"uv": {
								"west": {"uv": [12, 1], "uv_size": [1, -1]}
							}
						}
					]
				},
				{
					"name": "Right_bipod2",
					"parent": "Right_bipod",
					"pivot": [1.14999, -0.45, -1.5],
					"rotation": [0, -5, 0],
					"cubes": [
						{
							"origin": [0.84999, -0.57427, -2],
							"size": [0.6, 0.24853, 0.5],
							"pivot": [1.14999, -0.45, -1.5],
							"rotation": [0, 0, -90],
							"uv": {
								"north": {"uv": [6, 1], "uv_size": [1, -1]},
								"east": {"uv": [4, 1], "uv_size": [1, -1]},
								"south": {"uv": [6, 1], "uv_size": [1, -1]},
								"west": {"uv": [8, 1], "uv_size": [1, -1]},
								"up": {"uv": [7, 0], "uv_size": [-1, 1]},
								"down": {"uv": [7, 0], "uv_size": [-1, 1]}
							}
						},
						{
							"origin": [0.84999, -0.57427, -2],
							"size": [0.6, 0.24853, 0.5],
							"pivot": [1.14999, -0.45, -1.5],
							"rotation": [0, 0, -45],
							"uv": {
								"north": {"uv": [6, 1], "uv_size": [1, -1]},
								"east": {"uv": [4, 1], "uv_size": [1, -1]},
								"south": {"uv": [6, 1], "uv_size": [1, -1]},
								"west": {"uv": [8, 1], "uv_size": [1, -1]},
								"up": {"uv": [7, 0], "uv_size": [-1, 1]},
								"down": {"uv": [7, 0], "uv_size": [-1, 1]}
							}
						},
						{
							"origin": [0.84999, -0.57427, -2],
							"size": [0.6, 0.24853, 0.5],
							"pivot": [1.14999, -0.45, -1.5],
							"rotation": [0, 0, 45],
							"uv": {
								"north": {"uv": [6, 1], "uv_size": [1, -1]},
								"east": {"uv": [8, 1], "uv_size": [1, -1]},
								"south": {"uv": [6, 1], "uv_size": [1, -1]},
								"west": {"uv": [4, 1], "uv_size": [1, -1]},
								"up": {"uv": [7, 0], "uv_size": [-1, 1]},
								"down": {"uv": [7, 0], "uv_size": [-1, 1]}
							}
						},
						{
							"origin": [0.84999, -0.57427, -2],
							"size": [0.6, 0.24853, 0.5],
							"uv": {
								"north": {"uv": [6, 1], "uv_size": [1, -1]},
								"east": {"uv": [6, 1], "uv_size": [1, -1]},
								"south": {"uv": [6, 1], "uv_size": [1, -1]},
								"west": {"uv": [6, 1], "uv_size": [1, -1]},
								"up": {"uv": [7, 0], "uv_size": [-1, 1]},
								"down": {"uv": [7, 0], "uv_size": [-1, 1]}
							}
						},
						{
							"origin": [0.99999, -0.6, -8],
							"size": [0.3, 0.3, 6],
							"pivot": [1.14999, -0.45, -2],
							"rotation": [0, 0, -45],
							"uv": {
								"north": {"uv": [8, 1], "uv_size": [1, -1]},
								"east": {"uv": [8, 1], "uv_size": [1, -1]},
								"south": {"uv": [8, 1], "uv_size": [1, -1]},
								"west": {"uv": [8, 1], "uv_size": [1, -1]},
								"up": {"uv": [9, 0], "uv_size": [-1, 1]},
								"down": {"uv": [9, 0], "uv_size": [-1, 1]}
							}
						},
						{
							"origin": [0.84999, -0.57427, -8.25],
							"size": [0.6, 0.24853, 0.25],
							"uv": {
								"north": {"uv": [12, 1], "uv_size": [1, -1]},
								"east": {"uv": [12, 1], "uv_size": [1, -1]},
								"south": {"uv": [12, 1], "uv_size": [1, -1]},
								"west": {"uv": [12, 1], "uv_size": [1, -1]},
								"up": {"uv": [13, 0], "uv_size": [-1, 1]},
								"down": {"uv": [13, 0], "uv_size": [-1, 1]}
							}
						},
						{
							"origin": [0.84999, -0.57427, -8.25],
							"size": [0.6, 0.24853, 0.25],
							"pivot": [1.14999, -0.45, -7.75],
							"rotation": [0, 0, 45],
							"uv": {
								"north": {"uv": [12, 1], "uv_size": [1, -1]},
								"east": {"uv": [14, 1], "uv_size": [1, -1]},
								"south": {"uv": [12, 1], "uv_size": [1, -1]},
								"west": {"uv": [10, 1], "uv_size": [1, -1]},
								"up": {"uv": [13, 0], "uv_size": [-1, 1]},
								"down": {"uv": [13, 0], "uv_size": [-1, 1]}
							}
						},
						{
							"origin": [0.84999, -0.57427, -8.25],
							"size": [0.6, 0.24853, 0.25],
							"pivot": [1.14999, -0.45, -7.75],
							"rotation": [0, 0, -90],
							"uv": {
								"north": {"uv": [12, 1], "uv_size": [1, -1]},
								"east": {"uv": [10, 1], "uv_size": [1, -1]},
								"south": {"uv": [12, 1], "uv_size": [1, -1]},
								"west": {"uv": [14, 1], "uv_size": [1, -1]},
								"up": {"uv": [13, 0], "uv_size": [-1, 1]},
								"down": {"uv": [13, 0], "uv_size": [-1, 1]}
							}
						},
						{
							"origin": [0.84999, -0.57427, -8.25],
							"size": [0.6, 0.24853, 0.25],
							"pivot": [1.14999, -0.45, -7.75],
							"rotation": [0, 0, -45],
							"uv": {
								"north": {"uv": [12, 1], "uv_size": [1, -1]},
								"east": {"uv": [10, 1], "uv_size": [1, -1]},
								"south": {"uv": [12, 1], "uv_size": [1, -1]},
								"west": {"uv": [14, 1], "uv_size": [1, -1]},
								"up": {"uv": [13, 0], "uv_size": [-1, 1]},
								"down": {"uv": [13, 0], "uv_size": [-1, 1]}
							}
						},
						{
							"origin": [0.92499, -0.55, -8.35],
							"size": [0.325, 0.325, 0.325],
							"pivot": [1.14999, -0.45, -8.25],
							"rotation": [-45.28089, 35.39626, 29.83757],
							"uv": {
								"north": {"uv": [8, 1], "uv_size": [1, -1]},
								"east": {"uv": [8, 1], "uv_size": [1, -1]},
								"south": {"uv": [8, 1], "uv_size": [1, -1]},
								"west": {"uv": [8, 1], "uv_size": [1, -1]},
								"up": {"uv": [9, 0], "uv_size": [-1, 1]},
								"down": {"uv": [9, 0], "uv_size": [-1, 1]}
							}
						}
					]
				},
				{
					"name": "Left_bipod",
					"parent": "bone7",
					"pivot": [-0.99999, -0.45, -0.5],
					"rotation": [0, 15, 0],
					"cubes": [
						{
							"origin": [-1.29999, -0.7, -1.5],
							"size": [0.3, 0.5, 1.5],
							"uv": {
								"north": {"uv": [9, 1], "uv_size": [-1, -1]},
								"east": {"uv": [9, 1], "uv_size": [-1, -1]},
								"south": {"uv": [9, 1], "uv_size": [-1, -1]},
								"west": {"uv": [9, 1], "uv_size": [-1, -1]},
								"up": {"uv": [8, 0], "uv_size": [1, 1]},
								"down": {"uv": [8, 0], "uv_size": [1, 1]}
							}
						},
						{
							"origin": [-1.37499, -0.55, -1.525],
							"size": [0.2, 0.2, 0.2],
							"pivot": [-1.27499, -0.45, -1.525],
							"rotation": [7.10708, 7.05302, 45.43855],
							"uv": {
								"north": {"uv": [15, 1], "uv_size": [-1, -1]},
								"east": {"uv": [15, 1], "uv_size": [-1, -1]},
								"south": {"uv": [7, 1], "uv_size": [-1, -1]},
								"west": {"uv": [15, 1], "uv_size": [-1, -1]},
								"up": {"uv": [14, 0], "uv_size": [1, 1]},
								"down": {"uv": [14, 0], "uv_size": [1, 1]}
							}
						},
						{
							"origin": [-1.12501, -0.55, -1.525],
							"size": [0.2, 0.2, 0.2],
							"pivot": [-1.02501, -0.45, -1.525],
							"rotation": [7.10708, -7.05302, -45.43855],
							"uv": {
								"north": {"uv": [14, 1], "uv_size": [1, -1]},
								"east": {"uv": [14, 1], "uv_size": [1, -1]},
								"south": {"uv": [6, 1], "uv_size": [1, -1]},
								"west": {"uv": [14, 1], "uv_size": [1, -1]},
								"up": {"uv": [15, 0], "uv_size": [-1, 1]},
								"down": {"uv": [15, 0], "uv_size": [-1, 1]}
							}
						},
						{
							"origin": [-1.10001, -0.55, -1.325],
							"size": [0.17, 0.17, 0.025],
							"pivot": [-1.02501, -0.45, -1.525],
							"rotation": [7.10708, -7.05302, -45.43855],
							"uv": {
								"north": {"uv": [6, 1], "uv_size": [1, -1]},
								"east": {"uv": [6, 1], "uv_size": [1, -1]},
								"south": {"uv": [6, 1], "uv_size": [1, -1]},
								"west": {"uv": [6, 1], "uv_size": [1, -1]},
								"up": {"uv": [7, 0], "uv_size": [-1, 1]},
								"down": {"uv": [7, 0], "uv_size": [-1, 1]}
							}
						},
						{
							"origin": [-1.36999, -0.55, -1.325],
							"size": [0.17, 0.17, 0.025],
							"pivot": [-1.27499, -0.45, -1.525],
							"rotation": [7.10708, 7.05302, 45.43855],
							"uv": {
								"north": {"uv": [7, 1], "uv_size": [-1, -1]},
								"east": {"uv": [7, 1], "uv_size": [-1, -1]},
								"south": {"uv": [7, 1], "uv_size": [-1, -1]},
								"west": {"uv": [7, 1], "uv_size": [-1, -1]},
								"up": {"uv": [6, 0], "uv_size": [1, 1]},
								"down": {"uv": [6, 0], "uv_size": [1, 1]}
							}
						},
						{
							"origin": [-1.12501, -0.55, -1.3],
							"size": [0.2, 0.2, 0.275],
							"pivot": [-1.02501, -0.45, -1.525],
							"rotation": [7.10708, -7.05302, -45.43855],
							"uv": {
								"north": {"uv": [6, 1], "uv_size": [1, -1]},
								"east": {"uv": [14, 1], "uv_size": [1, -1]},
								"south": {"uv": [14, 1], "uv_size": [1, -1]},
								"west": {"uv": [14, 1], "uv_size": [1, -1]},
								"up": {"uv": [15, 0], "uv_size": [-1, 1]},
								"down": {"uv": [15, 0], "uv_size": [-1, 1]}
							}
						},
						{
							"origin": [-1.37499, -0.55, -1.3],
							"size": [0.2, 0.2, 0.275],
							"pivot": [-1.27499, -0.45, -1.525],
							"rotation": [7.10708, 7.05302, 45.43855],
							"uv": {
								"north": {"uv": [7, 1], "uv_size": [-1, -1]},
								"east": {"uv": [15, 1], "uv_size": [-1, -1]},
								"south": {"uv": [15, 1], "uv_size": [-1, -1]},
								"west": {"uv": [15, 1], "uv_size": [-1, -1]},
								"up": {"uv": [14, 0], "uv_size": [1, 1]},
								"down": {"uv": [14, 0], "uv_size": [1, 1]}
							}
						},
						{
							"origin": [-1.29999, -0.45, -1.5],
							"size": [0.3, 0.25, 1.5],
							"pivot": [-1.12499, -0.2, -1.5],
							"rotation": [10, 0, 0],
							"uv": {
								"north": {"uv": [9, 1], "uv_size": [-1, -1]},
								"east": {"uv": [9, 1], "uv_size": [-1, -1]},
								"south": {"uv": [9, 1], "uv_size": [-1, -1]},
								"west": {"uv": [9, 1], "uv_size": [-1, -1]},
								"up": {"uv": [12, 0], "uv_size": [1, 1]},
								"down": {"uv": [8, 0], "uv_size": [1, 1]}
							}
						},
						{
							"origin": [-1.3125, -0.32483, 0.00043],
							"size": [0.3, 0.25, 0.1036],
							"pivot": [-0.49499, -0.19983, 0.05223],
							"rotation": [22.5, 0, 0],
							"uv": {
								"east": {"uv": [3, 1], "uv_size": [-1, 1]}
							}
						},
						{
							"origin": [-1.3125, -0.32483, 0.00043],
							"size": [0.3, 0.25, 0.1036],
							"pivot": [-0.49499, -0.19983, 0.05223],
							"rotation": [67.5, 0, 0],
							"uv": {
								"east": {"uv": [3, 1], "uv_size": [-1, 1]}
							}
						},
						{
							"origin": [-1.3125, -0.32483, 0.00043],
							"size": [0.3, 0.25, 0.1036],
							"pivot": [-0.49499, -0.19983, 0.05223],
							"rotation": [112.5, 0, 0],
							"uv": {
								"east": {"uv": [3, 1], "uv_size": [-1, 1]}
							}
						},
						{
							"origin": [-1.3125, -0.32483, 0.00043],
							"size": [0.3, 0.25, 0.1036],
							"pivot": [-0.49499, -0.19983, 0.05223],
							"rotation": [-22.5, 0, 0],
							"uv": {
								"east": {"uv": [3, 1], "uv_size": [-1, 1]}
							}
						},
						{
							"origin": [-1.29999, -0.58672, -0.02279],
							"size": [0.3, 0.64719, 0.39997],
							"pivot": [-1.12499, 0.06047, -0.02279],
							"rotation": [-30, 0, 0],
							"uv": {
								"north": {"uv": [9, 1], "uv_size": [-1, -1]},
								"east": {"uv": [9, 1], "uv_size": [-1, -1]},
								"south": {"uv": [9, 1], "uv_size": [-1, -1]},
								"west": {"uv": [9, 1], "uv_size": [-1, -1]},
								"up": {"uv": [12, 0], "uv_size": [1, 1]},
								"down": {"uv": [8, 0], "uv_size": [1, 1]}
							}
						},
						{
							"origin": [-1.3125, -0.25, -0.5],
							"size": [0.3, 0.05, 0.5],
							"pivot": [-1.12499, -0.2, -1.5],
							"rotation": [10, 0, 0],
							"uv": {
								"east": {"uv": [13, 1], "uv_size": [-1, -1]}
							}
						},
						{
							"origin": [-1.3125, 0.01047, -0.02279],
							"size": [0.3, 0.05, 0.25],
							"pivot": [-1.12499, 0.06047, -0.02279],
							"rotation": [-30, 0, 0],
							"uv": {
								"east": {"uv": [13, 1], "uv_size": [-1, -1]}
							}
						}
					]
				},
				{
					"name": "Left_bipod2",
					"parent": "Left_bipod",
					"pivot": [-1.14999, -0.45, -1.5],
					"rotation": [0, 5, 0],
					"cubes": [
						{
							"origin": [-1.44999, -0.57427, -2],
							"size": [0.6, 0.24853, 0.5],
							"pivot": [-1.14999, -0.45, -1.5],
							"rotation": [0, 0, 90],
							"uv": {
								"north": {"uv": [7, 1], "uv_size": [-1, -1]},
								"east": {"uv": [9, 1], "uv_size": [-1, -1]},
								"south": {"uv": [7, 1], "uv_size": [-1, -1]},
								"west": {"uv": [5, 1], "uv_size": [-1, -1]},
								"up": {"uv": [6, 0], "uv_size": [1, 1]},
								"down": {"uv": [6, 0], "uv_size": [1, 1]}
							}
						},
						{
							"origin": [-1.44999, -0.57427, -2],
							"size": [0.6, 0.24853, 0.5],
							"pivot": [-1.14999, -0.45, -1.5],
							"rotation": [0, 0, 45],
							"uv": {
								"north": {"uv": [7, 1], "uv_size": [-1, -1]},
								"east": {"uv": [9, 1], "uv_size": [-1, -1]},
								"south": {"uv": [7, 1], "uv_size": [-1, -1]},
								"west": {"uv": [5, 1], "uv_size": [-1, -1]},
								"up": {"uv": [6, 0], "uv_size": [1, 1]},
								"down": {"uv": [6, 0], "uv_size": [1, 1]}
							}
						},
						{
							"origin": [-1.44999, -0.57427, -2],
							"size": [0.6, 0.24853, 0.5],
							"pivot": [-1.14999, -0.45, -1.5],
							"rotation": [0, 0, -45],
							"uv": {
								"north": {"uv": [7, 1], "uv_size": [-1, -1]},
								"east": {"uv": [5, 1], "uv_size": [-1, -1]},
								"south": {"uv": [7, 1], "uv_size": [-1, -1]},
								"west": {"uv": [9, 1], "uv_size": [-1, -1]},
								"up": {"uv": [6, 0], "uv_size": [1, 1]},
								"down": {"uv": [6, 0], "uv_size": [1, 1]}
							}
						},
						{
							"origin": [-1.44999, -0.57427, -2],
							"size": [0.6, 0.24853, 0.5],
							"uv": {
								"north": {"uv": [7, 1], "uv_size": [-1, -1]},
								"east": {"uv": [7, 1], "uv_size": [-1, -1]},
								"south": {"uv": [7, 1], "uv_size": [-1, -1]},
								"west": {"uv": [7, 1], "uv_size": [-1, -1]},
								"up": {"uv": [6, 0], "uv_size": [1, 1]},
								"down": {"uv": [6, 0], "uv_size": [1, 1]}
							}
						},
						{
							"origin": [-1.29999, -0.6, -8],
							"size": [0.3, 0.3, 6],
							"pivot": [-1.14999, -0.45, -2],
							"rotation": [0, 0, 45],
							"uv": {
								"north": {"uv": [9, 1], "uv_size": [-1, -1]},
								"east": {"uv": [9, 1], "uv_size": [-1, -1]},
								"south": {"uv": [9, 1], "uv_size": [-1, -1]},
								"west": {"uv": [9, 1], "uv_size": [-1, -1]},
								"up": {"uv": [8, 0], "uv_size": [1, 1]},
								"down": {"uv": [8, 0], "uv_size": [1, 1]}
							}
						},
						{
							"origin": [-1.44999, -0.57427, -8.25],
							"size": [0.6, 0.24853, 0.25],
							"uv": {
								"north": {"uv": [13, 1], "uv_size": [-1, -1]},
								"east": {"uv": [13, 1], "uv_size": [-1, -1]},
								"south": {"uv": [13, 1], "uv_size": [-1, -1]},
								"west": {"uv": [13, 1], "uv_size": [-1, -1]},
								"up": {"uv": [12, 0], "uv_size": [1, 1]},
								"down": {"uv": [12, 0], "uv_size": [1, 1]}
							}
						},
						{
							"origin": [-1.44999, -0.57427, -8.25],
							"size": [0.6, 0.24853, 0.25],
							"pivot": [-1.14999, -0.45, -7.75],
							"rotation": [0, 0, -45],
							"uv": {
								"north": {"uv": [13, 1], "uv_size": [-1, -1]},
								"east": {"uv": [11, 1], "uv_size": [-1, -1]},
								"south": {"uv": [13, 1], "uv_size": [-1, -1]},
								"west": {"uv": [15, 1], "uv_size": [-1, -1]},
								"up": {"uv": [12, 0], "uv_size": [1, 1]},
								"down": {"uv": [12, 0], "uv_size": [1, 1]}
							}
						},
						{
							"origin": [-1.44999, -0.57427, -8.25],
							"size": [0.6, 0.24853, 0.25],
							"pivot": [-1.14999, -0.45, -7.75],
							"rotation": [0, 0, 90],
							"uv": {
								"north": {"uv": [13, 1], "uv_size": [-1, -1]},
								"east": {"uv": [15, 1], "uv_size": [-1, -1]},
								"south": {"uv": [13, 1], "uv_size": [-1, -1]},
								"west": {"uv": [11, 1], "uv_size": [-1, -1]},
								"up": {"uv": [12, 0], "uv_size": [1, 1]},
								"down": {"uv": [12, 0], "uv_size": [1, 1]}
							}
						},
						{
							"origin": [-1.44999, -0.57427, -8.25],
							"size": [0.6, 0.24853, 0.25],
							"pivot": [-1.14999, -0.45, -7.75],
							"rotation": [0, 0, 45],
							"uv": {
								"north": {"uv": [13, 1], "uv_size": [-1, -1]},
								"east": {"uv": [15, 1], "uv_size": [-1, -1]},
								"south": {"uv": [13, 1], "uv_size": [-1, -1]},
								"west": {"uv": [11, 1], "uv_size": [-1, -1]},
								"up": {"uv": [12, 0], "uv_size": [1, 1]},
								"down": {"uv": [12, 0], "uv_size": [1, 1]}
							}
						},
						{
							"origin": [-1.24999, -0.55, -8.35],
							"size": [0.325, 0.325, 0.325],
							"pivot": [-1.14999, -0.45, -8.25],
							"rotation": [-45.28089, -35.39626, -29.83757],
							"uv": {
								"north": {"uv": [9, 1], "uv_size": [-1, -1]},
								"east": {"uv": [9, 1], "uv_size": [-1, -1]},
								"south": {"uv": [9, 1], "uv_size": [-1, -1]},
								"west": {"uv": [9, 1], "uv_size": [-1, -1]},
								"up": {"uv": [8, 0], "uv_size": [1, 1]},
								"down": {"uv": [8, 0], "uv_size": [1, 1]}
							}
						}
					]
				}
			]
		}
	]
}