{
	"format_version": "1.12.0",
	"minecraft:geometry": [
		{
			"description": {
				"identifier": "geometry.grip_magpul_afg_2",
				"texture_width": 128,
				"texture_height": 128,
				"visible_bounds_width": 2,
				"visible_bounds_height": 1.5,
				"visible_bounds_offset": [0, 0.25, 0]
			},
			"bones": [
				{
					"name": "handguard_default",
					"pivot": [0, 0, 0],
					"cubes": [
						{
							"origin": [-0.625, -0.125, 1.5],
							"size": [1.25, 0.5, 2],
							"uv": {
								"north": {"uv": [55, 10], "uv_size": [1.5, 0.5]},
								"east": {"uv": [49, 32], "uv_size": [2, 0.5]},
								"south": {"uv": [55, 11], "uv_size": [1.5, 0.5]},
								"west": {"uv": [33, 49], "uv_size": [2, 0.5]},
								"up": {"uv": [14, 34], "uv_size": [1.5, 2]},
								"down": {"uv": [34, 22], "uv_size": [1.5, -2]}
							}
						},
						{
							"origin": [-0.475, -0.225, 2.5],
							"size": [0.95, 0.6, 0.6],
							"pivot": [0.5, -0.125, 3],
							"rotation": [45, 0, 0],
							"uv": {
								"north": {"uv": [13, 61], "uv_size": [1, 0.5]},
								"east": {"uv": [70, 39], "uv_size": [0.5, 0.5]},
								"west": {"uv": [40, 70], "uv_size": [0.5, 0.5]},
								"down": {"uv": [61, 13.5], "uv_size": [1, -0.5]}
							}
						},
						{
							"origin": [-0.13462, -1.15711, 1.13756],
							"size": [0.26924, 0.65, 1.25],
							"pivot": [0, -0.83211, 1.76256],
							"rotation": [45, 0, 0],
							"uv": {
								"up": {"uv": [11, 55], "uv_size": [0.5, 1.5]},
								"down": {"uv": [55, 13.5], "uv_size": [0.5, -1.5]}
							}
						},
						{
							"origin": [-0.13462, -1.15711, 1.13756],
							"size": [0.26924, 0.65, 1.25],
							"pivot": [0, -0.83211, 1.76256],
							"rotation": [35.26439, 30, -35.26439],
							"uv": {
								"up": {"uv": [14, 55], "uv_size": [0.5, 1.5]},
								"down": {"uv": [15, 56.5], "uv_size": [0.5, -1.5]}
							}
						},
						{
							"origin": [-0.13462, -1.15711, 1.13756],
							"size": [0.26924, 0.65, 1.25],
							"pivot": [0, -0.83211, 1.76256],
							"rotation": [0, 45, -90],
							"uv": {
								"up": {"uv": [16, 55], "uv_size": [0.5, 1.5]},
								"down": {"uv": [17, 56.5], "uv_size": [0.5, -1.5]}
							}
						},
						{
							"origin": [-0.13462, -1.15711, 1.13756],
							"size": [0.26924, 0.65, 1.25],
							"pivot": [0, -0.83211, 1.76256],
							"rotation": [-35.26439, 30, -144.73561],
							"uv": {
								"up": {"uv": [18, 55], "uv_size": [0.5, 1.5]},
								"down": {"uv": [55, 19.5], "uv_size": [0.5, -1.5]}
							}
						},
						{
							"origin": [-0.375, -0.28033, 2.09467],
							"size": [0.75, 0.31066, 0.25],
							"pivot": [0, -0.125, 2.46967],
							"rotation": [45, 0, 0],
							"uv": {
								"north": {"uv": [14, 61], "uv_size": [1, 0.5]},
								"east": {"uv": [42, 70], "uv_size": [0.5, 0.5]},
								"west": {"uv": [70, 42], "uv_size": [0.5, 0.5]}
							}
						},
						{
							"origin": [-0.375, -0.28033, 2.09467],
							"size": [0.75, 0.31066, 0.25],
							"pivot": [0, -0.125, 2.46967],
							"rotation": [35.26439, -30, 35.26439],
							"uv": {
								"north": {"uv": [61, 14], "uv_size": [1, 0.5]},
								"east": {"uv": [43, 70], "uv_size": [0.5, 0.5]},
								"west": {"uv": [70, 43], "uv_size": [0.5, 0.5]}
							}
						},
						{
							"origin": [-0.375, -0.28033, 2.09467],
							"size": [0.75, 0.31066, 0.25],
							"pivot": [0, -0.125, 2.46967],
							"rotation": [0, -45, 90],
							"uv": {
								"north": {"uv": [15, 61], "uv_size": [1, 0.5]},
								"east": {"uv": [44, 70], "uv_size": [0.5, 0.5]},
								"west": {"uv": [70, 44], "uv_size": [0.5, 0.5]}
							}
						},
						{
							"origin": [-0.375, -0.28033, 2.09467],
							"size": [0.75, 0.31066, 0.25],
							"pivot": [0, -0.125, 2.46967],
							"rotation": [-35.26439, -30, 144.73561],
							"uv": {
								"north": {"uv": [61, 15], "uv_size": [1, 0.5]},
								"east": {"uv": [45, 70], "uv_size": [0.5, 0.5]},
								"west": {"uv": [70, 45], "uv_size": [0.5, 0.5]}
							}
						},
						{
							"origin": [-0.375, -0.875, -1.85],
							"size": [0.75, 0.15, 0.2],
							"pivot": [0, -0.125, -2],
							"rotation": [-45, 0, 0],
							"uv": {
								"east": {"uv": [70, 27], "uv_size": [0.5, 0.5]},
								"west": {"uv": [28, 70], "uv_size": [0.5, 0.5]},
								"down": {"uv": [61, 8.5], "uv_size": [1, -0.5]}
							}
						},
						{
							"origin": [-0.375, -0.90282, -2.28284],
							"size": [0.75, 0.125, 0.21213],
							"uv": {
								"east": {"uv": [70, 28], "uv_size": [0.5, 0.5]},
								"west": {"uv": [29, 70], "uv_size": [0.5, 0.5]},
								"down": {"uv": [10, 61.5], "uv_size": [1, -0.5]}
							}
						},
						{
							"origin": [-0.375, -0.7614, -2.42426],
							"size": [0.75, 0.21213, 0.125],
							"uv": {
								"north": {"uv": [61, 10], "uv_size": [1, 0.5]},
								"east": {"uv": [70, 29], "uv_size": [0.5, 0.5]},
								"west": {"uv": [30, 70], "uv_size": [0.5, 0.5]}
							}
						},
						{
							"origin": [-0.375, -0.725, -2],
							"size": [0.75, 1, 0.5],
							"pivot": [0, -0.125, -2],
							"rotation": [-45, 0, 0],
							"uv": {
								"north": {"uv": [31, 49], "uv_size": [1, 1]},
								"east": {"uv": [9, 61], "uv_size": [0.5, 1]},
								"south": {"uv": [32, 49], "uv_size": [1, 1]},
								"west": {"uv": [61, 9], "uv_size": [0.5, 1]}
							}
						},
						{
							"origin": [-0.375, -0.375, -0.62629],
							"size": [0.75, 0.47185, 2.77629],
							"pivot": [0, -0.125, -0.45],
							"rotation": [-35, 0, 0],
							"uv": {
								"east": {"uv": [44, 24], "uv_size": [3, 0.5]},
								"south": {"uv": [61, 12], "uv_size": [1, 0.5]},
								"west": {"uv": [44, 25], "uv_size": [3, 0.5]},
								"up": {"uv": [5, 34], "uv_size": [1, 3]}
							}
						},
						{
							"origin": [-0.51019, -0.40216, -1.71716],
							"size": [1.02039, 0.56001, 1.25],
							"uv": {
								"up": {"uv": [44, 32], "uv_size": [1, 1.5]},
								"down": {"uv": [44, 35.5], "uv_size": [1, -1.5]}
							}
						},
						{
							"origin": [-0.3875, -0.75533, -2.27678],
							"size": [0.775, 0.2, 0.2],
							"pivot": [0, -0.65533, -2.17678],
							"rotation": [-45, 0, 0],
							"uv": {
								"east": {"uv": [70, 30], "uv_size": [0.5, 0.5]},
								"west": {"uv": [31, 70], "uv_size": [0.5, 0.5]}
							}
						}
					]
				},
				{
					"name": "Right_grip",
					"parent": "handguard_default",
					"pivot": [0.625, -0.125, -2],
					"cubes": [
						{
							"origin": [0.375, -0.625, -2],
							"size": [0.25, 0.5, 0.4],
							"pivot": [0.625, -0.125, -2],
							"rotation": [0, 0, 22.5],
							"uv": {
								"north": {"uv": [23, 70], "uv_size": [0.5, 0.5]},
								"east": {"uv": [70, 23], "uv_size": [0.5, 0.5]},
								"west": {"uv": [24, 70], "uv_size": [0.5, 0.5]},
								"down": {"uv": [70, 24.5], "uv_size": [0.5, -0.5]}
							}
						},
						{
							"origin": [0.375, -0.425, -1.6],
							"size": [0.25, 0.3, 1.1],
							"pivot": [0.625, -0.125, -2],
							"rotation": [0, 0, 22.5],
							"uv": {
								"west": {"uv": [8, 61], "uv_size": [1, 0.5]}
							}
						},
						{
							"origin": [0.23123, -0.34776, -1.85],
							"size": [0.25, 0.4, 0.25],
							"pivot": [-0.14377, -0.34776, -1.6],
							"rotation": [-45, 0, 22.5],
							"uv": {
								"east": {"uv": [26, 70], "uv_size": [0.5, 0.5]},
								"south": {"uv": [70, 26], "uv_size": [0.5, 0.5]},
								"west": {"uv": [27, 70], "uv_size": [0.5, 0.5]}
							}
						},
						{
							"origin": [0.375, -0.125, -2],
							"size": [0.25, 0.45, 1.55],
							"pivot": [0.625, -0.125, -2],
							"rotation": [0, 0, 2.5],
							"uv": {
								"north": {"uv": [25, 70], "uv_size": [0.5, 0.5]},
								"east": {"uv": [5, 55], "uv_size": [1.5, 0.5]},
								"south": {"uv": [70, 25], "uv_size": [0.5, 0.5]},
								"west": {"uv": [55, 6], "uv_size": [1.5, 0.5]},
								"up": {"uv": [7, 55], "uv_size": [0.5, 1.5]}
							}
						},
						{
							"origin": [0.375, 0.51404, -1.23031],
							"size": [0.25, 0.25, 3.1],
							"pivot": [0.625, -0.125, -2],
							"rotation": [-35, 0, 2.5],
							"uv": {
								"west": {"uv": [44, 17], "uv_size": [3, 0.5]},
								"up": {"uv": [18, 44], "uv_size": [0.5, 3]}
							}
						},
						{
							"origin": [0.13045, 0.2154, -1.23031],
							"size": [0.25, 0.25, 3],
							"pivot": [0.625, -0.125, -2],
							"rotation": [-32.89913, 12.67956, 21.24227],
							"uv": {
								"west": {"uv": [44, 23], "uv_size": [3, 0.5]}
							}
						},
						{
							"origin": [-0.00026, -0.22792, -1.13545],
							"size": [0.525, 0.25, 3],
							"pivot": [0.52474, -0.22792, -1.13545],
							"rotation": [-34.9959, -0.57356, 1.68082],
							"uv": {
								"down": {"uv": [44, 39], "uv_size": [0.5, -3]}
							}
						},
						{
							"origin": [0.375, -1.14424, -0.82721],
							"size": [0.25, 0.1, 0.2],
							"pivot": [0.625, -0.125, -2],
							"rotation": [45, 0, 2.5],
							"uv": {
								"east": {"uv": [70, 37], "uv_size": [0.5, 0.5]},
								"west": {"uv": [38, 70], "uv_size": [0.5, 0.5]},
								"down": {"uv": [70, 38.5], "uv_size": [0.5, -0.5]}
							}
						},
						{
							"origin": [0.375, 0.125, -0.45],
							"size": [0.25, 0.2, 1.25],
							"pivot": [0.625, -0.125, -2],
							"rotation": [0, 0, 2.5],
							"uv": {
								"east": {"uv": [55, 7], "uv_size": [1.5, 0.5]},
								"west": {"uv": [8, 55], "uv_size": [1.5, 0.5]},
								"up": {"uv": [55, 8], "uv_size": [0.5, 1.5]},
								"down": {"uv": [10, 56.5], "uv_size": [0.5, -1.5]}
							}
						},
						{
							"origin": [0.375, 2.27487, -0.98971],
							"size": [0.25, 0.25, 2.22677],
							"pivot": [0.625, -0.125, -2],
							"rotation": [-60, 0, 2.5],
							"uv": {
								"east": {"uv": [28, 49], "uv_size": [2, 0.5]},
								"west": {"uv": [49, 29], "uv_size": [2, 0.5]},
								"up": {"uv": [30, 49], "uv_size": [0.5, 2]},
								"down": {"uv": [49, 32], "uv_size": [0.5, -2]}
							}
						},
						{
							"origin": [0.375, 2.08957, 0.66029],
							"size": [0.25, 0.1853, 0.57677],
							"pivot": [0.625, -0.125, -2],
							"rotation": [-60, 0, 2.5],
							"uv": {
								"north": {"uv": [70, 31], "uv_size": [0.5, 0.5]},
								"east": {"uv": [32, 70], "uv_size": [0.5, 0.5]},
								"west": {"uv": [70, 32], "uv_size": [0.5, 0.5]}
							}
						},
						{
							"origin": [0.375, 3.72988, -1.37699],
							"size": [0.25, 0.17678, 0.1],
							"pivot": [0.625, -0.125, -2],
							"rotation": [-105, 0, 2.5],
							"uv": {
								"east": {"uv": [36, 70], "uv_size": [0.5, 0.5]},
								"south": {"uv": [70, 36], "uv_size": [0.5, 0.5]},
								"west": {"uv": [37, 70], "uv_size": [0.5, 0.5]}
							}
						},
						{
							"origin": [0.375, 2.21457, 1.23529],
							"size": [0.25, 0.1853, 0.12677],
							"pivot": [0.625, -0.125, -2],
							"rotation": [-60, 0, 2.5],
							"uv": {
								"east": {"uv": [33, 70], "uv_size": [0.5, 0.5]},
								"south": {"uv": [70, 33], "uv_size": [0.5, 0.5]},
								"west": {"uv": [34, 70], "uv_size": [0.5, 0.5]}
							}
						},
						{
							"origin": [0.375, 3.93769, -1.5848],
							"size": [0.25, 0.1, 0.17678],
							"pivot": [0.625, -0.125, -2],
							"rotation": [-105, 0, 2.5],
							"uv": {
								"east": {"uv": [70, 34], "uv_size": [0.5, 0.5]},
								"west": {"uv": [35, 70], "uv_size": [0.5, 0.5]},
								"up": {"uv": [70, 35], "uv_size": [0.5, 0.5]}
							}
						},
						{
							"origin": [0.36249, -0.72728, 1.85665],
							"size": [0.275, 0.1853, 0.1853],
							"pivot": [0.625, -0.125, -2],
							"rotation": [-15, 0, 2.5],
							"uv": {
								"west": {"uv": [39, 70], "uv_size": [0.5, 0.5]}
							}
						},
						{
							"origin": [0.03045, -0.2846, 1.56969],
							"size": [0.35, 0.75, 0.3],
							"pivot": [0.625, -0.125, -2],
							"rotation": [-32.89913, 12.67956, 21.24227],
							"uv": {
								"north": {"uv": [11, 61], "uv_size": [0.5, 1]},
								"south": {"uv": [61, 11], "uv_size": [0.5, 1]},
								"west": {"uv": [12, 61], "uv_size": [0.5, 1]}
							}
						},
						{
							"origin": [-0.23952, -2.37401, 0.83896],
							"size": [0.47904, 0.75, 0.3],
							"pivot": [0.23952, -2.37401, 1.13896],
							"rotation": [-35, 0, 0],
							"uv": {
								"north": {"uv": [70, 40], "uv_size": [0.5, 0.5]},
								"south": {"uv": [41, 70], "uv_size": [0.5, 0.5]},
								"down": {"uv": [70, 41.5], "uv_size": [0.5, -0.5]}
							}
						}
					]
				},
				{
					"name": "Left_grip",
					"parent": "handguard_default",
					"pivot": [-0.625, -0.125, -2],
					"cubes": [
						{
							"origin": [-0.625, -0.625, -2],
							"size": [0.25, 0.5, 0.4],
							"pivot": [-0.625, -0.125, -2],
							"rotation": [0, 0, -22.5],
							"uv": {
								"north": {"uv": [23.5, 70], "uv_size": [-0.5, 0.5]},
								"east": {"uv": [24.5, 70], "uv_size": [-0.5, 0.5]},
								"west": {"uv": [70.5, 23], "uv_size": [-0.5, 0.5]},
								"down": {"uv": [70.5, 24.5], "uv_size": [-0.5, -0.5]}
							}
						},
						{
							"origin": [-0.625, -0.425, -1.6],
							"size": [0.25, 0.3, 1.1],
							"pivot": [-0.625, -0.125, -2],
							"rotation": [0, 0, -22.5],
							"uv": {
								"east": {"uv": [9, 61], "uv_size": [-1, 0.5]}
							}
						},
						{
							"origin": [-0.48123, -0.34776, -1.85],
							"size": [0.25, 0.4, 0.25],
							"pivot": [0.14377, -0.34776, -1.6],
							"rotation": [-45, 0, -22.5],
							"uv": {
								"east": {"uv": [27.5, 70], "uv_size": [-0.5, 0.5]},
								"south": {"uv": [70.5, 26], "uv_size": [-0.5, 0.5]},
								"west": {"uv": [26.5, 70], "uv_size": [-0.5, 0.5]}
							}
						},
						{
							"origin": [-0.625, -0.125, -2],
							"size": [0.25, 0.45, 1.55],
							"pivot": [-0.625, -0.125, -2],
							"rotation": [0, 0, -2.5],
							"uv": {
								"north": {"uv": [25.5, 70], "uv_size": [-0.5, 0.5]},
								"east": {"uv": [56.5, 6], "uv_size": [-1.5, 0.5]},
								"south": {"uv": [70.5, 25], "uv_size": [-0.5, 0.5]},
								"west": {"uv": [6.5, 55], "uv_size": [-1.5, 0.5]},
								"up": {"uv": [7.5, 55], "uv_size": [-0.5, 1.5]}
							}
						},
						{
							"origin": [-0.625, 0.51404, -1.23031],
							"size": [0.25, 0.25, 3.1],
							"pivot": [-0.625, -0.125, -2],
							"rotation": [-35, 0, -2.5],
							"uv": {
								"east": {"uv": [47, 17], "uv_size": [-3, 0.5]},
								"up": {"uv": [18.5, 44], "uv_size": [-0.5, 3]}
							}
						},
						{
							"origin": [-0.38045, 0.2154, -1.23031],
							"size": [0.25, 0.25, 3],
							"pivot": [-0.625, -0.125, -2],
							"rotation": [-32.89913, -12.67956, -21.24227],
							"uv": {
								"east": {"uv": [47, 23], "uv_size": [-3, 0.5]}
							}
						},
						{
							"origin": [-0.52474, -0.22792, -1.13545],
							"size": [0.525, 0.25, 3],
							"pivot": [-0.52474, -0.22792, -1.13545],
							"rotation": [-34.9959, 0.57356, -1.68082],
							"uv": {
								"down": {"uv": [44.5, 39], "uv_size": [-0.5, -3]}
							}
						},
						{
							"origin": [-0.625, -1.14424, -0.82721],
							"size": [0.25, 0.1, 0.2],
							"pivot": [-0.625, -0.125, -2],
							"rotation": [45, 0, -2.5],
							"uv": {
								"east": {"uv": [38.5, 70], "uv_size": [-0.5, 0.5]},
								"west": {"uv": [70.5, 37], "uv_size": [-0.5, 0.5]},
								"down": {"uv": [70.5, 38.5], "uv_size": [-0.5, -0.5]}
							}
						},
						{
							"origin": [-0.625, 0.125, -0.45],
							"size": [0.25, 0.2, 1.25],
							"pivot": [-0.625, -0.125, -2],
							"rotation": [0, 0, -2.5],
							"uv": {
								"east": {"uv": [9.5, 55], "uv_size": [-1.5, 0.5]},
								"west": {"uv": [56.5, 7], "uv_size": [-1.5, 0.5]},
								"up": {"uv": [55.5, 8], "uv_size": [-0.5, 1.5]},
								"down": {"uv": [10.5, 56.5], "uv_size": [-0.5, -1.5]}
							}
						},
						{
							"origin": [-0.625, 2.27487, -0.98971],
							"size": [0.25, 0.25, 2.22677],
							"pivot": [-0.625, -0.125, -2],
							"rotation": [-60, 0, -2.5],
							"uv": {
								"east": {"uv": [51, 29], "uv_size": [-2, 0.5]},
								"west": {"uv": [30, 49], "uv_size": [-2, 0.5]},
								"up": {"uv": [30.5, 49], "uv_size": [-0.5, 2]},
								"down": {"uv": [49.5, 32], "uv_size": [-0.5, -2]}
							}
						},
						{
							"origin": [-0.625, 2.08957, 0.66029],
							"size": [0.25, 0.1853, 0.57677],
							"pivot": [-0.625, -0.125, -2],
							"rotation": [-60, 0, -2.5],
							"uv": {
								"north": {"uv": [70.5, 31], "uv_size": [-0.5, 0.5]},
								"east": {"uv": [70.5, 32], "uv_size": [-0.5, 0.5]},
								"west": {"uv": [32.5, 70], "uv_size": [-0.5, 0.5]}
							}
						},
						{
							"origin": [-0.625, 3.72988, -1.37699],
							"size": [0.25, 0.17678, 0.1],
							"pivot": [-0.625, -0.125, -2],
							"rotation": [-105, 0, -2.5],
							"uv": {
								"east": {"uv": [37.5, 70], "uv_size": [-0.5, 0.5]},
								"south": {"uv": [70.5, 36], "uv_size": [-0.5, 0.5]},
								"west": {"uv": [36.5, 70], "uv_size": [-0.5, 0.5]}
							}
						},
						{
							"origin": [-0.625, 2.21457, 1.23529],
							"size": [0.25, 0.1853, 0.12677],
							"pivot": [-0.625, -0.125, -2],
							"rotation": [-60, 0, -2.5],
							"uv": {
								"east": {"uv": [34.5, 70], "uv_size": [-0.5, 0.5]},
								"south": {"uv": [70.5, 33], "uv_size": [-0.5, 0.5]},
								"west": {"uv": [33.5, 70], "uv_size": [-0.5, 0.5]}
							}
						},
						{
							"origin": [-0.625, 3.93769, -1.5848],
							"size": [0.25, 0.1, 0.17678],
							"pivot": [-0.625, -0.125, -2],
							"rotation": [-105, 0, -2.5],
							"uv": {
								"east": {"uv": [35.5, 70], "uv_size": [-0.5, 0.5]},
								"west": {"uv": [70.5, 34], "uv_size": [-0.5, 0.5]},
								"up": {"uv": [70.5, 35], "uv_size": [-0.5, 0.5]}
							}
						},
						{
							"origin": [-0.63749, -0.72728, 1.85665],
							"size": [0.275, 0.1853, 0.1853],
							"pivot": [-0.625, -0.125, -2],
							"rotation": [-15, 0, -2.5],
							"uv": {
								"east": {"uv": [39.5, 70], "uv_size": [-0.5, 0.5]}
							}
						},
						{
							"origin": [-0.38045, -0.2846, 1.56969],
							"size": [0.35, 0.75, 0.3],
							"pivot": [-0.625, -0.125, -2],
							"rotation": [-32.89913, -12.67956, -21.24227],
							"uv": {
								"north": {"uv": [11.5, 61], "uv_size": [-0.5, 1]},
								"east": {"uv": [12.5, 61], "uv_size": [-0.5, 1]},
								"south": {"uv": [61.5, 11], "uv_size": [-0.5, 1]}
							}
						},
						{
							"origin": [-0.23952, -2.37401, 0.83896],
							"size": [0.47904, 0.75, 0.3],
							"pivot": [-0.23952, -2.37401, 1.13896],
							"rotation": [-35, 0, 0],
							"uv": {
								"north": {"uv": [70.5, 40], "uv_size": [-0.5, 0.5]},
								"south": {"uv": [41.5, 70], "uv_size": [-0.5, 0.5]},
								"down": {"uv": [70.5, 41.5], "uv_size": [-0.5, -0.5]}
							}
						}
					]
				}
			]
		}
	]
}