{
	"format_version": "1.12.0",
	"minecraft:geometry": [
		{
			"description": {
				"identifier": "geometry.scope_acog_ta31 - Converted",
				"texture_width": 128,
				"texture_height": 128,
				"visible_bounds_width": 35,
				"visible_bounds_height": 9,
				"visible_bounds_offset": [0, 0.5, 0]
			},
			"bones": [
				{
					"name": "scope_body",
					"pivot": [0, 8, 0],
					"cubes": [
						{
							"origin": [-0.17565, 1.55618, -2.83873],
							"size": [0.3513, 0.25, 0.25],
							"pivot": [0, 1.80618, -2.83873],
							"rotation": [-30, 0, 0],
							"uv": {
								"up": {"uv": [71, 30], "uv_size": [0.5, 0.5]}
							}
						},
						{
							"origin": [-0.17565, 1.70618, -3.71373],
							"size": [0.3513, 0.1, 0.875],
							"uv": {
								"north": {"uv": [71, 19], "uv_size": [0.5, 0.5]},
								"up": {"uv": [37, 61], "uv_size": [0.5, 1]},
								"down": {"uv": [61, 38], "uv_size": [0.5, -1]}
							}
						},
						{
							"origin": [-0.25888, 0.175, -2.75],
							"size": [0.51777, 0.125, 0.225],
							"pivot": [0, 0.8, -1],
							"rotation": [0, 0, 135],
							"uv": {
								"south": {"uv": [59, 71], "uv_size": [0.5, 0.5]},
								"up": {"uv": [71, 59], "uv_size": [0.5, 0.5]},
								"down": {"uv": [60, 71.5], "uv_size": [0.5, -0.5]}
							}
						},
						{
							"origin": [-0.25888, 0.175, -3.21194],
							"size": [0.51777, 0.125, 0.68694],
							"pivot": [0, 0.8, -1],
							"rotation": [0, 0, 180],
							"uv": {
								"north": {"uv": [71, 60], "uv_size": [0.5, 0.5]},
								"south": {"uv": [61, 71], "uv_size": [0.5, 0.5]},
								"up": {"uv": [71, 61], "uv_size": [0.5, 0.5]},
								"down": {"uv": [62, 71.5], "uv_size": [0.5, -0.5]}
							}
						},
						{
							"origin": [-0.25888, 0.175, -2.75],
							"size": [0.51777, 0.125, 0.225],
							"pivot": [0, 0.8, -1],
							"rotation": [0, 0, -135],
							"uv": {
								"south": {"uv": [71, 62], "uv_size": [0.5, 0.5]},
								"up": {"uv": [63, 71], "uv_size": [0.5, 0.5]},
								"down": {"uv": [71, 63.5], "uv_size": [0.5, -0.5]}
							}
						},
						{
							"origin": [-0.25888, 0.175, -2.75],
							"size": [0.51777, 0.125, 0.225],
							"pivot": [0, 0.8, -1],
							"rotation": [0, 0, 90],
							"uv": {
								"north": {"uv": [64.5, 71], "uv_size": [-0.5, 0.5]},
								"south": {"uv": [71.5, 64], "uv_size": [-0.5, 0.5]},
								"up": {"uv": [65.5, 71], "uv_size": [-0.5, 0.5]},
								"down": {"uv": [71.5, 65.5], "uv_size": [-0.5, -0.5]}
							}
						},
						{
							"origin": [-0.25888, 0.175, -2.75],
							"size": [0.51777, 0.125, 0.225],
							"pivot": [0, 0.8, -1],
							"rotation": [0, 0, 45],
							"uv": {
								"north": {"uv": [45.5, 71], "uv_size": [-0.5, 0.5]},
								"south": {"uv": [71.5, 45], "uv_size": [-0.5, 0.5]},
								"up": {"uv": [46.5, 71], "uv_size": [-0.5, 0.5]},
								"down": {"uv": [71.5, 46.5], "uv_size": [-0.5, -0.5]}
							}
						},
						{
							"origin": [-0.25888, 0.175, -2.75],
							"size": [0.51777, 0.125, 0.225],
							"pivot": [0, 0.8, -1],
							"rotation": [0, 0, -90],
							"uv": {
								"north": {"uv": [64, 71], "uv_size": [0.5, 0.5]},
								"south": {"uv": [71, 64], "uv_size": [0.5, 0.5]},
								"up": {"uv": [65, 71], "uv_size": [0.5, 0.5]},
								"down": {"uv": [71, 65.5], "uv_size": [0.5, -0.5]}
							}
						},
						{
							"origin": [-0.25888, 0.175, -2.75],
							"size": [0.51777, 0.125, 0.225],
							"uv": {
								"north": {"uv": [39, 71], "uv_size": [0.5, 0.5]},
								"south": {"uv": [71, 39], "uv_size": [0.5, 0.5]},
								"up": {"uv": [40, 71], "uv_size": [0.5, 0.5]},
								"down": {"uv": [71, 40.5], "uv_size": [0.5, -0.5]}
							}
						},
						{
							"origin": [-0.53661, 0.9705, -2.75],
							"size": [0.5, 0.125, 0.225],
							"pivot": [-0.53661, 0.9705, -2.75],
							"rotation": [0, 67.5, -45],
							"uv": {
								"north": {"uv": [56, 71], "uv_size": [0.5, 0.5]},
								"up": {"uv": [71, 56], "uv_size": [0.5, 0.5]},
								"down": {"uv": [57, 71.5], "uv_size": [0.5, -0.5]}
							}
						},
						{
							"origin": [-0.06754, 1.3, -3.21194],
							"size": [0.32643, 0.125, 0.46194],
							"pivot": [0, 0.8, -1],
							"rotation": [0, 0, -45],
							"uv": {
								"north": {"uv": [71, 57], "uv_size": [0.5, 0.5]},
								"up": {"uv": [58, 71], "uv_size": [0.5, 0.5]},
								"down": {"uv": [71, 58.5], "uv_size": [0.5, -0.5]}
							}
						},
						{
							"origin": [0.03661, 0.9705, -2.75],
							"size": [0.5, 0.125, 0.225],
							"pivot": [0.53661, 0.9705, -2.75],
							"rotation": [0, -67.5, 45],
							"uv": {
								"north": {"uv": [47, 71], "uv_size": [0.5, 0.5]},
								"up": {"uv": [71, 47], "uv_size": [0.5, 0.5]},
								"down": {"uv": [48, 71.5], "uv_size": [0.5, -0.5]}
							}
						},
						{
							"origin": [-0.25888, 1.3, -3.21194],
							"size": [0.32643, 0.125, 0.46194],
							"pivot": [0, 0.8, -1],
							"rotation": [0, 0, 45],
							"uv": {
								"north": {"uv": [71, 48], "uv_size": [0.5, 0.5]},
								"up": {"uv": [49, 71], "uv_size": [0.5, 0.5]},
								"down": {"uv": [71, 49.5], "uv_size": [0.5, -0.5]}
							}
						},
						{
							"origin": [-0.25888, 0.175, -2.75],
							"size": [0.51777, 0.125, 0.225],
							"pivot": [0, 0.8, -1],
							"rotation": [0, 0, 45],
							"uv": {
								"north": {"uv": [41, 71], "uv_size": [0.5, 0.5]},
								"south": {"uv": [71, 41], "uv_size": [0.5, 0.5]},
								"up": {"uv": [42, 71], "uv_size": [0.5, 0.5]},
								"down": {"uv": [71, 42.5], "uv_size": [0.5, -0.5]}
							}
						},
						{
							"origin": [-0.25888, 0.175, -2.75],
							"size": [0.51777, 0.125, 0.225],
							"pivot": [0, 0.8, -1],
							"rotation": [0, 0, 90],
							"uv": {
								"north": {"uv": [43, 71], "uv_size": [0.5, 0.5]},
								"south": {"uv": [71, 43], "uv_size": [0.5, 0.5]},
								"up": {"uv": [44, 71], "uv_size": [0.5, 0.5]},
								"down": {"uv": [71, 44.5], "uv_size": [0.5, -0.5]}
							}
						},
						{
							"origin": [-0.25888, 0.175, -2.75],
							"size": [0.51777, 0.125, 0.225],
							"pivot": [0, 0.8, -1],
							"rotation": [0, 0, -45],
							"uv": {
								"north": {"uv": [45, 71], "uv_size": [0.5, 0.5]},
								"south": {"uv": [71, 45], "uv_size": [0.5, 0.5]},
								"up": {"uv": [46, 71], "uv_size": [0.5, 0.5]},
								"down": {"uv": [71, 46.5], "uv_size": [0.5, -0.5]}
							}
						},
						{
							"origin": [-0.24853, 1.4, -2.525],
							"size": [0.49706, -1.2, 0.025],
							"pivot": [0, 0.8, -2.5125],
							"rotation": [0, 0, 90],
							"uv": {
								"north": {"uv": [55, 61], "uv_size": [0.5, 1]},
								"up": {"uv": [72, 11], "uv_size": [0.5, 0.5]},
								"down": {"uv": [12, 72.5], "uv_size": [0.5, -0.5]}
							}
						},
						{
							"origin": [-0.24853, 1.4, -2.525],
							"size": [0.49706, -1.2, 0.025],
							"pivot": [0, 0.8, -2.5125],
							"rotation": [0, 0, 45],
							"uv": {
								"north": {"uv": [61, 55], "uv_size": [0.5, 1]},
								"up": {"uv": [72, 12], "uv_size": [0.5, 0.5]},
								"down": {"uv": [13, 72.5], "uv_size": [0.5, -0.5]}
							}
						},
						{
							"origin": [-0.24853, 1.4, -2.525],
							"size": [0.49706, -1.2, 0.025],
							"pivot": [0, 0.8, -2.5125],
							"rotation": [0, 0, -45],
							"uv": {
								"north": {"uv": [61, 54], "uv_size": [0.5, 1]},
								"up": {"uv": [72, 10], "uv_size": [0.5, 0.5]},
								"down": {"uv": [11, 72.5], "uv_size": [0.5, -0.5]}
							}
						},
						{
							"origin": [-0.24853, 1.4, -2.525],
							"size": [0.49706, -1.2, 0.025],
							"uv": {
								"north": {"uv": [54, 61], "uv_size": [0.5, 1]},
								"up": {"uv": [72, 9], "uv_size": [0.5, 0.5]},
								"down": {"uv": [10, 72.5], "uv_size": [0.5, -0.5]}
							}
						},
						{
							"origin": [-0.25888, 0.025, -0.1],
							"size": [0.51777, 0.25, 0.5],
							"pivot": [0, 0.025, 0.4],
							"rotation": [-22.5, 0, 0],
							"uv": {
								"east": {"uv": [9, 75], "uv_size": [0.5, 0.5]},
								"west": {"uv": [75, 9], "uv_size": [0.5, 0.5]},
								"down": {"uv": [10, 75.5], "uv_size": [0.5, -0.5]}
							}
						},
						{
							"origin": [-0.25888, -0.03713, 1.275],
							"size": [0.51777, 0.21213, 0.125],
							"pivot": [0, 0.175, 1.4],
							"rotation": [-45, 0, 0],
							"uv": {
								"east": {"uv": [12, 75], "uv_size": [0.5, 0.5]},
								"south": {"uv": [75, 12], "uv_size": [0.5, 0.5]},
								"west": {"uv": [13, 75], "uv_size": [0.5, 0.5]}
							}
						},
						{
							"origin": [-0.25888, 0.175, 1.25],
							"size": [0.51777, 0.5, 0.15],
							"inflate": 0.0001,
							"uv": {
								"east": {"uv": [75, 10], "uv_size": [0.5, 0.5]},
								"south": {"uv": [11, 75], "uv_size": [0.5, 0.5]},
								"west": {"uv": [75, 11], "uv_size": [0.5, 0.5]}
							}
						},
						{
							"origin": [-0.25888, 0.025, 0.4],
							"size": [0.51777, 0.65, 0.85],
							"uv": {
								"east": {"uv": [56, 61], "uv_size": [1, 0.5]},
								"west": {"uv": [61, 56], "uv_size": [1, 0.5]},
								"down": {"uv": [57, 62], "uv_size": [0.5, -1]}
							}
						},
						{
							"origin": [-0.25888, 0.175, -2.5],
							"size": [0.51777, 1.25, 3.75],
							"uv": {
								"north": {"uv": [55, 34], "uv_size": [0.5, 1.5]},
								"south": {"uv": [36, 55], "uv_size": [0.5, 1.5]},
								"up": {"uv": [35, 41], "uv_size": [0.5, 4]},
								"down": {"uv": [41, 39], "uv_size": [0.5, -4]}
							}
						},
						{
							"origin": [-0.06612, -0.025, -2.5],
							"size": [0.2, 0.2, 0.25],
							"pivot": [0, 0.8, -1],
							"rotation": [0, 0, -45],
							"uv": {
								"north": {"uv": [0, 72], "uv_size": [0.5, 0.5]},
								"east": {"uv": [72, 0], "uv_size": [0.5, 0.5]},
								"south": {"uv": [1, 72], "uv_size": [0.5, 0.5]},
								"west": {"uv": [72, 1], "uv_size": [0.5, 0.5]},
								"down": {"uv": [2, 72.5], "uv_size": [0.5, -0.5]}
							}
						},
						{
							"origin": [-0.04112, 0, -2.75],
							"size": [0.15, 0.15, 0.525],
							"pivot": [0, 0.8, -1],
							"rotation": [0, 0, -45],
							"uv": {
								"east": {"uv": [72, 5], "uv_size": [0.5, 0.5]},
								"south": {"uv": [6, 72], "uv_size": [0.5, 0.5]},
								"west": {"uv": [72, 6], "uv_size": [0.5, 0.5]},
								"down": {"uv": [7, 72.5], "uv_size": [0.5, -0.5]}
							}
						},
						{
							"origin": [-0.10888, 0, -2.75],
							"size": [0.15, 0.15, 0.525],
							"pivot": [0, 0.8, -1],
							"rotation": [0, 0, 45],
							"uv": {
								"east": {"uv": [72, 7], "uv_size": [0.5, 0.5]},
								"south": {"uv": [8, 72], "uv_size": [0.5, 0.5]},
								"west": {"uv": [72, 8], "uv_size": [0.5, 0.5]},
								"down": {"uv": [9, 72.5], "uv_size": [0.5, -0.5]}
							}
						},
						{
							"origin": [-0.06612, -0.025, -2.875],
							"size": [0.2, 0.2, 0.35],
							"pivot": [0, 0.8, -1],
							"rotation": [0, 0, -45],
							"uv": {
								"north": {"uv": [72, 2], "uv_size": [0.5, 0.5]},
								"east": {"uv": [3, 72], "uv_size": [0.5, 0.5]},
								"south": {"uv": [72, 3], "uv_size": [0.5, 0.5]},
								"west": {"uv": [4, 72], "uv_size": [0.5, 0.5]},
								"up": {"uv": [72, 4], "uv_size": [0.5, 0.5]},
								"down": {"uv": [5, 72.5], "uv_size": [0.5, -0.5]}
							}
						},
						{
							"origin": [-0.13388, -0.025, -2.5],
							"size": [0.2, 0.2, 0.25],
							"pivot": [0, 0.8, -1],
							"rotation": [0, 0, 45],
							"uv": {
								"north": {"uv": [69, 71], "uv_size": [0.5, 0.5]},
								"east": {"uv": [71, 69], "uv_size": [0.5, 0.5]},
								"south": {"uv": [70, 71], "uv_size": [0.5, 0.5]},
								"west": {"uv": [71, 70], "uv_size": [0.5, 0.5]},
								"down": {"uv": [71, 71.5], "uv_size": [0.5, -0.5]}
							}
						},
						{
							"origin": [-0.13388, -0.025, -2.875],
							"size": [0.2, 0.2, 0.35],
							"pivot": [0, 0.8, -1],
							"rotation": [0, 0, 45],
							"uv": {
								"north": {"uv": [66, 71], "uv_size": [0.5, 0.5]},
								"east": {"uv": [71, 66], "uv_size": [0.5, 0.5]},
								"south": {"uv": [67, 71], "uv_size": [0.5, 0.5]},
								"west": {"uv": [71, 67], "uv_size": [0.5, 0.5]},
								"up": {"uv": [68, 71], "uv_size": [0.5, 0.5]},
								"down": {"uv": [71, 68.5], "uv_size": [0.5, -0.5]}
							}
						},
						{
							"origin": [-0.25888, 0.175, -2.5],
							"size": [0.51777, 1.25, 3.75],
							"pivot": [0, 0.8, -1],
							"rotation": [0, 0, 45],
							"uv": {
								"north": {"uv": [38, 55], "uv_size": [0.5, 1.5]},
								"south": {"uv": [39, 55], "uv_size": [0.5, 1.5]},
								"up": {"uv": [36, 41], "uv_size": [0.5, 4]},
								"down": {"uv": [37, 45], "uv_size": [0.5, -4]}
							}
						},
						{
							"origin": [-0.25888, 0.175, -2.5],
							"size": [0.51777, 1.25, 3.75],
							"pivot": [0, 0.8, -1],
							"rotation": [0, 0, 90],
							"uv": {
								"north": {"uv": [40, 55], "uv_size": [0.5, 1.5]},
								"south": {"uv": [41, 55], "uv_size": [0.5, 1.5]},
								"up": {"uv": [38, 41], "uv_size": [0.5, 4]},
								"down": {"uv": [41, 43], "uv_size": [0.5, -4]}
							}
						},
						{
							"origin": [-0.25888, 0.175, -2.5],
							"size": [0.51777, 1.25, 3.75],
							"pivot": [0, 0.8, -1],
							"rotation": [0, 0, -45],
							"uv": {
								"north": {"uv": [42, 55], "uv_size": [0.5, 1.5]},
								"south": {"uv": [43, 55], "uv_size": [0.5, 1.5]},
								"up": {"uv": [42, 4], "uv_size": [0.5, 4]},
								"down": {"uv": [5, 46], "uv_size": [0.5, -4]}
							}
						},
						{
							"origin": [-0.25888, 0.175, 2.25],
							"size": [0.51777, 1.25, 0.25],
							"pivot": [0, 0.8, 0],
							"rotation": [0, 0, 90],
							"uv": {
								"north": {"uv": [55, 26], "uv_size": [0.5, 1.5]},
								"south": {"uv": [27, 55], "uv_size": [0.5, 1.5]},
								"up": {"uv": [71, 25], "uv_size": [0.5, 0.5]},
								"down": {"uv": [26, 71.5], "uv_size": [0.5, -0.5]}
							}
						},
						{
							"origin": [-0.25888, 0.175, 2.25],
							"size": [0.51777, 1.25, 0.25],
							"pivot": [0, 0.8, 0],
							"rotation": [0, 0, 45],
							"uv": {
								"north": {"uv": [28, 55], "uv_size": [0.5, 1.5]},
								"south": {"uv": [55, 28], "uv_size": [0.5, 1.5]},
								"up": {"uv": [71, 26], "uv_size": [0.5, 0.5]},
								"down": {"uv": [27, 71.5], "uv_size": [0.5, -0.5]}
							}
						},
						{
							"origin": [-0.25888, 0.175, 2.25],
							"size": [0.51777, 1.25, 0.25],
							"uv": {
								"north": {"uv": [29, 55], "uv_size": [0.5, 1.5]},
								"south": {"uv": [30, 55], "uv_size": [0.5, 1.5]},
								"up": {"uv": [71, 27], "uv_size": [0.5, 0.5]},
								"down": {"uv": [28, 71.5], "uv_size": [0.5, -0.5]}
							}
						},
						{
							"origin": [-0.25888, 0.175, 2.25],
							"size": [0.51777, 1.25, 0.25],
							"pivot": [0, 0.8, 0],
							"rotation": [0, 0, -45],
							"uv": {
								"north": {"uv": [31, 55], "uv_size": [0.5, 1.5]},
								"south": {"uv": [55, 32], "uv_size": [0.5, 1.5]},
								"up": {"uv": [71, 28], "uv_size": [0.5, 0.5]},
								"down": {"uv": [29, 71.5], "uv_size": [0.5, -0.5]}
							}
						},
						{
							"origin": [-0.15533, 0.425, 1.25],
							"size": [0.31066, 0.75, 1],
							"pivot": [0, 0.8, -1.75],
							"rotation": [0, 0, -90],
							"uv": {
								"up": {"uv": [52, 61], "uv_size": [0.5, 1]},
								"down": {"uv": [61, 53], "uv_size": [0.5, -1]}
							}
						},
						{
							"origin": [-0.15533, 0.425, 1.25],
							"size": [0.31066, 0.75, 1],
							"pivot": [0, 0.8, -1.75],
							"rotation": [0, 0, -135],
							"uv": {
								"up": {"uv": [51, 61], "uv_size": [0.5, 1]},
								"down": {"uv": [61, 52], "uv_size": [0.5, -1]}
							}
						},
						{
							"origin": [-0.20711, 1.2, 2],
							"size": [0.41421, 0.1, 0.625],
							"pivot": [0, 0.8, -1.75],
							"rotation": [0, 0, 135],
							"uv": {
								"north": {"uv": [35, 71], "uv_size": [0.5, 0.5]},
								"up": {"uv": [46, 61], "uv_size": [0.5, 1]},
								"down": {"uv": [61, 47], "uv_size": [0.5, -1]}
							}
						},
						{
							"origin": [-0.20711, 1.2, 2],
							"size": [0.41421, 0.1, 0.625],
							"pivot": [0, 0.8, -1.75],
							"rotation": [0, 0, 180],
							"uv": {
								"north": {"uv": [36, 71], "uv_size": [0.5, 0.5]},
								"up": {"uv": [47, 61], "uv_size": [0.5, 1]},
								"down": {"uv": [61, 48], "uv_size": [0.5, -1]}
							}
						},
						{
							"origin": [-0.20711, 1.2, 2],
							"size": [0.41421, 0.1, 0.625],
							"pivot": [0, 0.8, -1.75],
							"rotation": [0, 0, -135],
							"uv": {
								"north": {"uv": [37, 71], "uv_size": [0.5, 0.5]},
								"up": {"uv": [48, 61], "uv_size": [0.5, 1]},
								"down": {"uv": [61, 49], "uv_size": [0.5, -1]}
							}
						},
						{
							"origin": [-0.20711, 1.2, 2],
							"size": [0.41421, 0.1, 0.625],
							"pivot": [0, 0.8, -1.75],
							"rotation": [0, 0, -90],
							"uv": {
								"north": {"uv": [38, 71], "uv_size": [0.5, 0.5]},
								"up": {"uv": [49, 61], "uv_size": [0.5, 1]},
								"down": {"uv": [61, 50], "uv_size": [0.5, -1]}
							}
						},
						{
							"origin": [-0.20711, 1.2, 2],
							"size": [0.41421, 0.1, 0.625],
							"pivot": [0, 0.8, -1.75],
							"rotation": [0, 0, 90],
							"uv": {
								"north": {"uv": [31, 71], "uv_size": [0.5, 0.5]},
								"up": {"uv": [42, 61], "uv_size": [0.5, 1]},
								"down": {"uv": [61, 43], "uv_size": [0.5, -1]}
							}
						},
						{
							"origin": [-0.20711, 1.2, 2],
							"size": [0.41421, 0.1, 0.625],
							"pivot": [0, 0.8, -1.75],
							"rotation": [0, 0, 45],
							"uv": {
								"north": {"uv": [32, 71], "uv_size": [0.5, 0.5]},
								"up": {"uv": [43, 61], "uv_size": [0.5, 1]},
								"down": {"uv": [61, 44], "uv_size": [0.5, -1]}
							}
						},
						{
							"origin": [-0.20711, 1.2, 2],
							"size": [0.41421, 0.1, 0.625],
							"uv": {
								"north": {"uv": [33, 71], "uv_size": [0.5, 0.5]},
								"up": {"uv": [44, 61], "uv_size": [0.5, 1]},
								"down": {"uv": [61, 45], "uv_size": [0.5, -1]}
							}
						},
						{
							"origin": [-0.20711, 1.2, 2],
							"size": [0.41421, 0.1, 0.625],
							"pivot": [0, 0.8, -1.75],
							"rotation": [0, 0, -45],
							"uv": {
								"north": {"uv": [34, 71], "uv_size": [0.5, 0.5]},
								"up": {"uv": [45, 61], "uv_size": [0.5, 1]},
								"down": {"uv": [61, 46], "uv_size": [0.5, -1]}
							}
						},
						{
							"origin": [-0.15533, 0.425, 1.25],
							"size": [0.31066, 0.75, 1],
							"uv": {
								"up": {"uv": [50, 61], "uv_size": [0.5, 1]},
								"down": {"uv": [61, 51], "uv_size": [0.5, -1]}
							}
						},
						{
							"origin": [-0.15533, 0.425, 1.25],
							"size": [0.31066, 0.75, 1],
							"pivot": [0, 0.8, -1.75],
							"rotation": [0, 0, -45],
							"uv": {
								"up": {"uv": [53, 61], "uv_size": [0.5, 1]},
								"down": {"uv": [61, 54], "uv_size": [0.5, -1]}
							}
						},
						{
							"origin": [-0.55, 0.125, -0.9125],
							"size": [1.1, 0.5, 0.925],
							"uv": {
								"north": {"uv": [40, 61], "uv_size": [1, 0.5]},
								"east": {"uv": [61, 40], "uv_size": [1, 0.5]},
								"south": {"uv": [41, 61], "uv_size": [1, 0.5]},
								"west": {"uv": [61, 41], "uv_size": [1, 0.5]}
							}
						},
						{
							"origin": [0.05325, 0.125, -2.02886],
							"size": [0.67175, 0.2, 1.37886],
							"pivot": [0.725, 0.175, -0.65],
							"rotation": [0, 45, 0],
							"uv": {
								"north": {"uv": [72, 15], "uv_size": [0.5, 0.5]},
								"south": {"uv": [16, 72], "uv_size": [0.5, 0.5]},
								"up": {"uv": [55, 49], "uv_size": [0.5, 1.5]},
								"down": {"uv": [50, 56.5], "uv_size": [0.5, -1.5]}
							}
						},
						{
							"origin": [-0.65386, 0.125, -1.82175],
							"size": [1.37886, 0.2, 0.67175],
							"pivot": [0.725, 0.175, -1.15],
							"rotation": [0, 45, 0],
							"uv": {
								"east": {"uv": [72, 14], "uv_size": [0.5, 0.5]},
								"west": {"uv": [15, 72], "uv_size": [0.5, 0.5]},
								"up": {"uv": [46, 55], "uv_size": [1.5, 0.5]},
								"down": {"uv": [48, 55.5], "uv_size": [1.5, -0.5]}
							}
						},
						{
							"origin": [-0.725, 0.125, -1.15],
							"size": [1.45, 0.2, 0.5],
							"uv": {
								"east": {"uv": [72, 13], "uv_size": [0.5, 0.5]},
								"west": {"uv": [14, 72], "uv_size": [0.5, 0.5]},
								"up": {"uv": [55, 36], "uv_size": [1.5, 0.5]},
								"down": {"uv": [44, 55.5], "uv_size": [1.5, -0.5]}
							}
						},
						{
							"origin": [-0.625, 0.125, -0.6625],
							"size": [0.25, 0.25, 0.675],
							"pivot": [-0.625, 0.125, 0.2],
							"rotation": [0, 0, 45],
							"uv": {
								"east": {"uv": [72, 17], "uv_size": [0.5, 0.5]},
								"south": {"uv": [18, 72], "uv_size": [0.5, 0.5]}
							}
						},
						{
							"origin": [0.375, 0.125, -0.6625],
							"size": [0.25, 0.25, 0.675],
							"pivot": [0.625, 0.125, 0.2],
							"rotation": [0, 0, -45],
							"uv": {
								"south": {"uv": [72, 16], "uv_size": [0.5, 0.5]},
								"west": {"uv": [17, 72], "uv_size": [0.5, 0.5]}
							}
						},
						{
							"origin": [-0.625, -0.25, -1.7625],
							"size": [1.25, 0.375, 1.775],
							"uv": {
								"north": {"uv": [25, 55], "uv_size": [1.5, 0.5]},
								"east": {"uv": [50, 4], "uv_size": [2, 0.5]},
								"south": {"uv": [55, 25], "uv_size": [1.5, 0.5]},
								"west": {"uv": [5, 50], "uv_size": [2, 0.5]},
								"up": {"uv": [34, 25], "uv_size": [1.5, 2]},
								"down": {"uv": [26, 36], "uv_size": [1.5, -2]}
							}
						},
						{
							"origin": [-0.5625, -2.35083, -12.22661],
							"size": [1.125, 0.15, 0.15],
							"pivot": [0, 1.5, -6.725],
							"rotation": [134.75, 0, 0],
							"uv": {
								"east": {"uv": [16, 75], "uv_size": [0.5, 0.5]},
								"west": {"uv": [75, 16], "uv_size": [0.5, 0.5]}
							}
						},
						{
							"origin": [-0.5625, -2.35083, -13.65161],
							"size": [1.125, 0.15, 0.15],
							"pivot": [0, 1.5, -8.15],
							"rotation": [134.75, 0, 0],
							"uv": {
								"east": {"uv": [15, 75], "uv_size": [0.5, 0.5]},
								"west": {"uv": [75, 15], "uv_size": [0.5, 0.5]}
							}
						},
						{
							"origin": [-0.55, 0.125, -1.9],
							"size": [1.1, 0.4, 0.5],
							"uv": {
								"north": {"uv": [61, 38], "uv_size": [1, 0.5]},
								"east": {"uv": [71, 24], "uv_size": [0.5, 0.5]},
								"south": {"uv": [39, 61], "uv_size": [1, 0.5]},
								"west": {"uv": [25, 71], "uv_size": [0.5, 0.5]},
								"down": {"uv": [61, 39.5], "uv_size": [1, -0.5]}
							}
						},
						{
							"origin": [-0.25, 1.6, 2.2],
							"size": [0.5, 0.1, 0.5],
							"pivot": [0, 1.7, 2.7],
							"rotation": [16.5, 0, 0],
							"uv": {
								"up": {"uv": [71, 29], "uv_size": [0.5, 0.5]},
								"down": {"uv": [30, 71.5], "uv_size": [0.5, -0.5]}
							}
						},
						{
							"origin": [-0.12426, 1.45, 0.675],
							"size": [0.24853, 0.25, 0.6],
							"pivot": [0, 1.575, 0.975],
							"rotation": [0, -90, 0],
							"uv": {
								"north": {"uv": [50, 71], "uv_size": [0.5, 0.5]},
								"south": {"uv": [71, 50], "uv_size": [0.5, 0.5]},
								"up": {"uv": [51, 71], "uv_size": [0.5, 0.5]}
							}
						},
						{
							"origin": [-0.12426, 1.45, 0.675],
							"size": [0.24853, 0.25, 0.6],
							"pivot": [0, 1.575, 0.975],
							"rotation": [0, -45, 0],
							"uv": {
								"north": {"uv": [71, 51], "uv_size": [0.5, 0.5]},
								"south": {"uv": [52, 71], "uv_size": [0.5, 0.5]},
								"up": {"uv": [71, 52], "uv_size": [0.5, 0.5]}
							}
						},
						{
							"origin": [-0.12426, 1.45, 0.675],
							"size": [0.24853, 0.25, 0.6],
							"pivot": [0, 1.575, 0.975],
							"rotation": [-180, -45, 180],
							"uv": {
								"north": {"uv": [53, 71], "uv_size": [0.5, 0.5]},
								"south": {"uv": [71, 53], "uv_size": [0.5, 0.5]},
								"up": {"uv": [54, 71], "uv_size": [0.5, 0.5]}
							}
						},
						{
							"origin": [-0.12426, 1.45, 0.675],
							"size": [0.24853, 0.25, 0.6],
							"uv": {
								"north": {"uv": [71, 54], "uv_size": [0.5, 0.5]},
								"south": {"uv": [55, 71], "uv_size": [0.5, 0.5]},
								"up": {"uv": [71, 55], "uv_size": [0.5, 0.5]}
							}
						},
						{
							"origin": [-0.05, 1.7641, -1.54976],
							"size": [0.1, 0.25, 0.8],
							"pivot": [0, 2.0141, -0.74976],
							"rotation": [15, 0, 0],
							"uv": {
								"north": {"uv": [72, 20], "uv_size": [0.5, 0.5]},
								"east": {"uv": [61, 57], "uv_size": [1, 0.5]},
								"west": {"uv": [58, 61], "uv_size": [1, 0.5]},
								"up": {"uv": [61, 58], "uv_size": [0.5, 1]}
							}
						},
						{
							"origin": [-0.05, 1.775, -0.75],
							"size": [0.1, 0.25, 0.25],
							"pivot": [0, 2.025, -0.5],
							"rotation": [2.5, 0, 0],
							"uv": {
								"east": {"uv": [72, 18], "uv_size": [0.5, 0.5]},
								"south": {"uv": [19, 72], "uv_size": [0.5, 0.5]},
								"west": {"uv": [72, 19], "uv_size": [0.5, 0.5]},
								"up": {"uv": [20, 72], "uv_size": [0.5, 0.5]}
							}
						},
						{
							"origin": [-0.3625, 1.275, 2.35],
							"size": [0.725, 0.25, 0.1],
							"uv": {
								"south": {"uv": [75, 13], "uv_size": [0.5, 0.5]}
							}
						},
						{
							"origin": [-0.25, 1.6, 2.7],
							"size": [0.5, 0.1, 0.75],
							"uv": {
								"south": {"uv": [17, 71], "uv_size": [0.5, 0.5]},
								"up": {"uv": [32, 61], "uv_size": [0.5, 1]},
								"down": {"uv": [61, 33], "uv_size": [0.5, -1]}
							}
						}
					]
				},
				{
					"name": "Right_sight",
					"parent": "scope_body",
					"pivot": [0.36864, 1.49164, -1.00872],
					"cubes": [
						{
							"origin": [-0.11864, 1.31253, 0.61473],
							"size": [0.48728, 0.25, 1.70273],
							"pivot": [0.36864, 1.56253, 0.61473],
							"rotation": [0, -2.5, 0],
							"uv": {
								"up": {"uv": [44, 56], "uv_size": [0.5, 1.5]}
							}
						},
						{
							"origin": [-0.15, 1.4, -2.75],
							"size": [0.15, 0.5, 3.35],
							"pivot": [0, 1.9, 0.6],
							"rotation": [1.68956, 1.84293, -47.47282],
							"uv": {
								"north": {"uv": [16, 71], "uv_size": [0.5, 0.5]},
								"south": {"uv": [71, 16], "uv_size": [0.5, 0.5]},
								"west": {"uv": [43, 7], "uv_size": [3.5, 0.5]}
							}
						},
						{
							"origin": [-0.35, 1.7, -2.75],
							"size": [0.15, 0.4, 3.35],
							"pivot": [0, 1.9, 0.6],
							"rotation": [0, 2.5, -90],
							"uv": {
								"north": {"uv": [14, 75], "uv_size": [0.5, 0.5]},
								"south": {"uv": [75, 14], "uv_size": [0.5, 0.5]}
							}
						},
						{
							"origin": [0.15, 1.5, 2.7],
							"size": [0.1, 0.2, 0.75],
							"pivot": [0.25, 1.7, 3.025],
							"rotation": [0, 0, -35],
							"uv": {
								"east": {"uv": [33, 61], "uv_size": [1, 0.5]},
								"south": {"uv": [71, 17], "uv_size": [0.5, 0.5]},
								"west": {"uv": [61, 33], "uv_size": [1, 0.5]}
							}
						},
						{
							"origin": [0.2828, 1.47881, 0.1],
							"size": [0.1, 0.2, 3.35],
							"pivot": [0.2828, 1.47881, 3.45],
							"rotation": [20, 0, -35],
							"uv": {
								"east": {"uv": [43, 8], "uv_size": [3.5, 0.5]},
								"west": {"uv": [43, 9], "uv_size": [3.5, 0.5]},
								"down": {"uv": [4, 46.5], "uv_size": [0.5, -3.5]}
							}
						},
						{
							"origin": [0.93999, 0.54025, -0.59797],
							"size": [0.1, 0.45, 0.9],
							"pivot": [0.93999, 0.54025, 0.30203],
							"rotation": [-20, 0, -35],
							"uv": {
								"west": {"uv": [34, 61], "uv_size": [1, 0.5]},
								"up": {"uv": [61, 34], "uv_size": [0.5, 1]},
								"down": {"uv": [35, 62], "uv_size": [0.5, -1]}
							}
						},
						{
							"origin": [0.16808, 1.39264, -0.1],
							"size": [0.1, 0.25, 2.8],
							"pivot": [0.16808, 1.64264, 2.7],
							"rotation": [20, 0, -35],
							"uv": {
								"east": {"uv": [44, 39], "uv_size": [3, 0.5]},
								"west": {"uv": [43.5, 40], "uv_size": [3.5, 0.5]}
							}
						},
						{
							"origin": [-0.25, 1.6, -0.05],
							"size": [0.5, 0.1, 2.75],
							"pivot": [0.25, 1.7, 2.7],
							"rotation": [16.92937, -10.80852, -3.36321],
							"uv": {
								"up": {"uv": [44, 41], "uv_size": [0.5, 3]},
								"down": {"uv": [43, 47], "uv_size": [0.5, -3]}
							}
						},
						{
							"origin": [0.52088, 0.68879, -1.78978],
							"size": [0.1, 0.45, 1.4],
							"pivot": [0.52088, 1.13879, -0.38978],
							"rotation": [5, 0, -35],
							"uv": {
								"west": {"uv": [19, 55], "uv_size": [1.5, 0.5]},
								"up": {"uv": [21, 55], "uv_size": [0.5, 1.5]},
								"down": {"uv": [22, 56.5], "uv_size": [0.5, -1.5]}
							}
						},
						{
							"origin": [0.848, 0.67162, -3.39524],
							"size": [0.1, 0.45, 1.65],
							"pivot": [0.848, 0.67162, -1.74524],
							"rotation": [-35, 0, -35],
							"uv": {
								"east": {"uv": [55, 20], "uv_size": [1.5, 0.5]},
								"west": {"uv": [23, 55], "uv_size": [1.5, 0.5]},
								"down": {"uv": [55, 24.5], "uv_size": [0.5, -1.5]}
							}
						},
						{
							"origin": [0.19707, 1.16856, -2.98793],
							"size": [0.25, 0.25, 1.65],
							"pivot": [0.44707, 1.41856, -2.16293],
							"rotation": [-31.29623, 16.53602, -9.91176],
							"uv": {
								"up": {"uv": [34, 55], "uv_size": [0.5, 1.5]}
							}
						},
						{
							"origin": [0.09373, 1.49883, -3.58873],
							"size": [0.1, 0.25, 0.75],
							"pivot": [0.09373, 1.74883, -2.83873],
							"rotation": [0, 0, -35],
							"uv": {
								"east": {"uv": [61, 35], "uv_size": [1, 0.5]},
								"west": {"uv": [36, 61], "uv_size": [1, 0.5]},
								"down": {"uv": [61, 37], "uv_size": [0.5, -1]}
							}
						},
						{
							"origin": [0.848, 0.67162, -3.64524],
							"size": [0.1, 0.2, 0.25],
							"pivot": [0.848, 0.67162, -1.74524],
							"rotation": [-35, 0, -35],
							"uv": {
								"east": {"uv": [18, 71], "uv_size": [0.5, 0.5]},
								"west": {"uv": [71, 18], "uv_size": [0.5, 0.5]},
								"down": {"uv": [19, 71.5], "uv_size": [0.5, -0.5]}
							}
						},
						{
							"origin": [0.23713, 1.54404, -3.58873],
							"size": [0.1, 0.17678, 0.17678],
							"pivot": [0.23713, 1.54404, -3.58873],
							"rotation": [45, 0, -35],
							"uv": {
								"north": {"uv": [20, 71], "uv_size": [0.5, 0.5]},
								"east": {"uv": [71, 20], "uv_size": [0.5, 0.5]},
								"west": {"uv": [21, 71], "uv_size": [0.5, 0.5]}
							}
						},
						{
							"origin": [0.09373, 1.62383, -3.71373],
							"size": [0.1, 0.125, 0.125],
							"pivot": [0.09373, 1.74883, -2.83873],
							"rotation": [0, 0, -35],
							"uv": {
								"north": {"uv": [71, 21], "uv_size": [0.5, 0.5]},
								"east": {"uv": [22, 71], "uv_size": [0.5, 0.5]},
								"west": {"uv": [71, 22], "uv_size": [0.5, 0.5]}
							}
						},
						{
							"origin": [0.16808, 1.39264, 2.7],
							"size": [0.1, 0.15, 0.1],
							"pivot": [0.16808, 1.64264, 2.7],
							"rotation": [20, 0, -35],
							"uv": {
								"east": {"uv": [23, 71], "uv_size": [0.5, 0.5]},
								"west": {"uv": [71, 23], "uv_size": [0.5, 0.5]}
							}
						},
						{
							"origin": [0.34364, 0.99164, -2.23372],
							"size": [0.025, 0.5, 0.6],
							"pivot": [0.36864, 1.49164, -1.00872],
							"rotation": [2.16541, 1.2497, -29.97638],
							"uv": {
								"west": {"uv": [24, 71], "uv_size": [0.5, 0.5]}
							}
						},
						{
							"origin": [0.24364, 1.31253, 0.61473],
							"size": [0.125, 0.25, 1.70273],
							"pivot": [0.36864, 1.56253, 0.61473],
							"rotation": [1.24113, -2.17033, -29.77351],
							"uv": {
								"west": {"uv": [56, 44], "uv_size": [1.5, 0.5]}
							}
						},
						{
							"origin": [0.34364, 0.98753, 0.61473],
							"size": [0.025, 0.325, 0.97773],
							"pivot": [0.36864, 1.56253, 0.61473],
							"rotation": [1.24113, -2.17033, -29.77351],
							"uv": {
								"west": {"uv": [38, 61], "uv_size": [1, 0.5]}
							}
						},
						{
							"origin": [0.34364, 0.74164, -1.63372],
							"size": [0.025, 0.75, 2.25],
							"pivot": [0.36864, 1.49164, -1.00872],
							"rotation": [2.16541, 1.2497, -29.97638],
							"uv": {
								"west": {"uv": [36, 25], "uv_size": [2.5, 1]}
							}
						}
					]
				},
				{
					"name": "Left_sight",
					"parent": "scope_body",
					"pivot": [-0.36864, 1.49164, -1.00872],
					"cubes": [
						{
							"origin": [-0.36864, 1.31253, 0.61473],
							"size": [0.48728, 0.25, 1.70273],
							"pivot": [-0.36864, 1.56253, 0.61473],
							"rotation": [0, 2.5, 0],
							"uv": {
								"up": {"uv": [44.5, 56], "uv_size": [-0.5, 1.5]}
							}
						},
						{
							"origin": [0, 1.4, -2.75],
							"size": [0.15, 0.5, 3.35],
							"pivot": [0, 1.9, 0.6],
							"rotation": [1.68956, -1.84293, 47.47282],
							"uv": {
								"north": {"uv": [16.5, 71], "uv_size": [-0.5, 0.5]},
								"east": {"uv": [46.5, 7], "uv_size": [-3.5, 0.5]},
								"south": {"uv": [71.5, 16], "uv_size": [-0.5, 0.5]}
							}
						},
						{
							"origin": [0.2, 1.7, -2.75],
							"size": [0.15, 0.4, 3.35],
							"pivot": [0, 1.9, 0.6],
							"rotation": [0, -2.5, 90],
							"uv": {
								"north": {"uv": [14.5, 75], "uv_size": [-0.5, 0.5]},
								"south": {"uv": [75.5, 14], "uv_size": [-0.5, 0.5]}
							}
						},
						{
							"origin": [-0.25, 1.5, 2.7],
							"size": [0.1, 0.2, 0.75],
							"pivot": [-0.25, 1.7, 3.025],
							"rotation": [0, 0, 35],
							"uv": {
								"east": {"uv": [62, 33], "uv_size": [-1, 0.5]},
								"south": {"uv": [71.5, 17], "uv_size": [-0.5, 0.5]},
								"west": {"uv": [34, 61], "uv_size": [-1, 0.5]}
							}
						},
						{
							"origin": [-0.3828, 1.47881, 0.1],
							"size": [0.1, 0.2, 3.35],
							"pivot": [-0.2828, 1.47881, 3.45],
							"rotation": [20, 0, 35],
							"uv": {
								"east": {"uv": [46.5, 9], "uv_size": [-3.5, 0.5]},
								"west": {"uv": [46.5, 8], "uv_size": [-3.5, 0.5]},
								"down": {"uv": [4.5, 46.5], "uv_size": [-0.5, -3.5]}
							}
						},
						{
							"origin": [-1.03999, 0.54025, -0.59797],
							"size": [0.1, 0.45, 0.9],
							"pivot": [-0.93999, 0.54025, 0.30203],
							"rotation": [-20, 0, 35],
							"uv": {
								"east": {"uv": [35, 61], "uv_size": [-1, 0.5]},
								"up": {"uv": [61.5, 34], "uv_size": [-0.5, 1]},
								"down": {"uv": [35.5, 62], "uv_size": [-0.5, -1]}
							}
						},
						{
							"origin": [-0.26808, 1.39264, -0.1],
							"size": [0.1, 0.25, 2.8],
							"pivot": [-0.16808, 1.64264, 2.7],
							"rotation": [20, 0, 35],
							"uv": {
								"east": {"uv": [47, 40], "uv_size": [-3.5, 0.5]},
								"west": {"uv": [47, 39], "uv_size": [-3, 0.5]}
							}
						},
						{
							"origin": [-0.25, 1.6, -0.05],
							"size": [0.5, 0.1, 2.75],
							"pivot": [-0.25, 1.7, 2.7],
							"rotation": [16.92937, 10.80852, 3.36321],
							"uv": {
								"up": {"uv": [44.5, 41], "uv_size": [-0.5, 3]},
								"down": {"uv": [43.5, 47], "uv_size": [-0.5, -3]}
							}
						},
						{
							"origin": [-0.62088, 0.68879, -1.78978],
							"size": [0.1, 0.45, 1.4],
							"pivot": [-0.52088, 1.13879, -0.38978],
							"rotation": [5, 0, 35],
							"uv": {
								"east": {"uv": [20.5, 55], "uv_size": [-1.5, 0.5]},
								"up": {"uv": [21.5, 55], "uv_size": [-0.5, 1.5]},
								"down": {"uv": [22.5, 56.5], "uv_size": [-0.5, -1.5]}
							}
						},
						{
							"origin": [-0.948, 0.67162, -3.39524],
							"size": [0.1, 0.45, 1.65],
							"pivot": [-0.848, 0.67162, -1.74524],
							"rotation": [-35, 0, 35],
							"uv": {
								"east": {"uv": [24.5, 55], "uv_size": [-1.5, 0.5]},
								"west": {"uv": [56.5, 20], "uv_size": [-1.5, 0.5]},
								"down": {"uv": [55.5, 24.5], "uv_size": [-0.5, -1.5]}
							}
						},
						{
							"origin": [-0.44707, 1.16856, -2.98793],
							"size": [0.25, 0.25, 1.65],
							"pivot": [-0.44707, 1.41856, -2.16293],
							"rotation": [-31.29623, -16.53602, 9.91176],
							"uv": {
								"up": {"uv": [34.5, 55], "uv_size": [-0.5, 1.5]}
							}
						},
						{
							"origin": [-0.19373, 1.49883, -3.58873],
							"size": [0.1, 0.25, 0.75],
							"pivot": [-0.09373, 1.74883, -2.83873],
							"rotation": [0, 0, 35],
							"uv": {
								"east": {"uv": [37, 61], "uv_size": [-1, 0.5]},
								"west": {"uv": [62, 35], "uv_size": [-1, 0.5]},
								"down": {"uv": [61.5, 37], "uv_size": [-0.5, -1]}
							}
						},
						{
							"origin": [-0.948, 0.67162, -3.64524],
							"size": [0.1, 0.2, 0.25],
							"pivot": [-0.848, 0.67162, -1.74524],
							"rotation": [-35, 0, 35],
							"uv": {
								"east": {"uv": [71.5, 18], "uv_size": [-0.5, 0.5]},
								"west": {"uv": [18.5, 71], "uv_size": [-0.5, 0.5]},
								"down": {"uv": [19.5, 71.5], "uv_size": [-0.5, -0.5]}
							}
						},
						{
							"origin": [-0.33713, 1.54404, -3.58873],
							"size": [0.1, 0.17678, 0.17678],
							"pivot": [-0.23713, 1.54404, -3.58873],
							"rotation": [45, 0, 35],
							"uv": {
								"north": {"uv": [20.5, 71], "uv_size": [-0.5, 0.5]},
								"east": {"uv": [21.5, 71], "uv_size": [-0.5, 0.5]},
								"west": {"uv": [71.5, 20], "uv_size": [-0.5, 0.5]}
							}
						},
						{
							"origin": [-0.19373, 1.62383, -3.71373],
							"size": [0.1, 0.125, 0.125],
							"pivot": [-0.09373, 1.74883, -2.83873],
							"rotation": [0, 0, 35],
							"uv": {
								"north": {"uv": [71.5, 21], "uv_size": [-0.5, 0.5]},
								"east": {"uv": [71.5, 22], "uv_size": [-0.5, 0.5]},
								"west": {"uv": [22.5, 71], "uv_size": [-0.5, 0.5]}
							}
						},
						{
							"origin": [-0.26808, 1.39264, 2.7],
							"size": [0.1, 0.15, 0.1],
							"pivot": [-0.16808, 1.64264, 2.7],
							"rotation": [20, 0, 35],
							"uv": {
								"east": {"uv": [71.5, 23], "uv_size": [-0.5, 0.5]},
								"west": {"uv": [23.5, 71], "uv_size": [-0.5, 0.5]}
							}
						},
						{
							"origin": [-0.36864, 0.99164, -2.23372],
							"size": [0.025, 0.5, 0.6],
							"pivot": [-0.36864, 1.49164, -1.00872],
							"rotation": [2.16541, -1.2497, 29.97638],
							"uv": {
								"east": {"uv": [24.5, 71], "uv_size": [-0.5, 0.5]}
							}
						},
						{
							"origin": [-0.36864, 1.31253, 0.61473],
							"size": [0.125, 0.25, 1.70273],
							"pivot": [-0.36864, 1.56253, 0.61473],
							"rotation": [1.24113, 2.17033, 29.77351],
							"uv": {
								"east": {"uv": [57.5, 44], "uv_size": [-1.5, 0.5]}
							}
						},
						{
							"origin": [-0.36864, 0.98753, 0.61473],
							"size": [0.025, 0.325, 0.97773],
							"pivot": [-0.36864, 1.56253, 0.61473],
							"rotation": [1.24113, 2.17033, 29.77351],
							"uv": {
								"east": {"uv": [39, 61], "uv_size": [-1, 0.5]}
							}
						},
						{
							"origin": [-0.36864, 0.74164, -1.63372],
							"size": [0.025, 0.75, 2.25],
							"pivot": [-0.36864, 1.49164, -1.00872],
							"rotation": [2.16541, -1.2497, 29.97638],
							"uv": {
								"east": {"uv": [38.5, 25], "uv_size": [-2.5, 1]}
							}
						}
					]
				},
				{
					"name": "ocular",
					"pivot": [0, 0.8, 2.5],
					"cubes": [
						{
							"origin": [-0.20711, 0.4, 2.375],
							"size": [0.41421, 0.8, 0.25],
							"pivot": [0, 0.8, -1.75],
							"rotation": [0, 0, -90],
							"uv": {
								"south": {"uv": [59, 61], "uv_size": [0.5, 1]}
							}
						},
						{
							"origin": [-0.20711, 0.4, 2.375],
							"size": [0.41421, 0.8, 0.25],
							"pivot": [0, 0.8, -1.75],
							"rotation": [0, 0, -45],
							"uv": {
								"south": {"uv": [61, 59], "uv_size": [0.5, 1]}
							}
						},
						{
							"origin": [-0.20711, 0.4, 2.375],
							"size": [0.41421, 0.8, 0.25],
							"pivot": [0, 0.8, -1.75],
							"rotation": [0, 0, 45],
							"uv": {
								"south": {"uv": [61, 60], "uv_size": [0.5, 1]}
							}
						},
						{
							"origin": [-0.20711, 0.4, 2.375],
							"size": [0.41421, 0.8, 0.25],
							"uv": {
								"south": {"uv": [60, 61], "uv_size": [0.5, 1]}
							}
						}
					]
				},
				{
					"name": "ocular_ring",
					"pivot": [0, 9.125, 2.75],
					"cubes": [
						{
							"origin": [-0.20711, 1.2, 2.625],
							"size": [0.41421, 0.1, 0.125],
							"pivot": [0, 0.8, -1.75],
							"rotation": [0, 0, -90],
							"uv": {
								"south": {"uv": [71, 38], "uv_size": [0.5, 0.5]},
								"up": {"uv": [49, 61], "uv_size": [0.5, 1]},
								"down": {"uv": [61, 50], "uv_size": [0.5, -1]}
							}
						},
						{
							"origin": [-0.20711, 1.2, 2.625],
							"size": [0.41421, 0.1, 0.125],
							"pivot": [0, 0.8, -1.75],
							"rotation": [0, 0, 135],
							"uv": {
								"south": {"uv": [71, 35], "uv_size": [0.5, 0.5]},
								"up": {"uv": [46, 61], "uv_size": [0.5, 1]},
								"down": {"uv": [61, 47], "uv_size": [0.5, -1]}
							}
						},
						{
							"origin": [-0.20711, 1.2, 2.625],
							"size": [0.41421, 0.1, 0.125],
							"pivot": [0, 0.8, -1.75],
							"rotation": [0, 0, 180],
							"uv": {
								"south": {"uv": [71, 36], "uv_size": [0.5, 0.5]},
								"up": {"uv": [47, 61], "uv_size": [0.5, 1]},
								"down": {"uv": [61, 48], "uv_size": [0.5, -1]}
							}
						},
						{
							"origin": [-0.20711, 1.2, 2.625],
							"size": [0.41421, 0.1, 0.125],
							"pivot": [0, 0.8, -1.75],
							"rotation": [0, 0, -135],
							"uv": {
								"south": {"uv": [71, 37], "uv_size": [0.5, 0.5]},
								"up": {"uv": [48, 61], "uv_size": [0.5, 1]},
								"down": {"uv": [61, 49], "uv_size": [0.5, -1]}
							}
						},
						{
							"origin": [-0.20711, 1.2, 2.625],
							"size": [0.41421, 0.1, 0.125],
							"pivot": [0, 0.8, -1.75],
							"rotation": [0, 0, 90],
							"uv": {
								"south": {"uv": [71, 31], "uv_size": [0.5, 0.5]},
								"up": {"uv": [42, 61], "uv_size": [0.5, 1]},
								"down": {"uv": [61, 43], "uv_size": [0.5, -1]}
							}
						},
						{
							"origin": [-0.20711, 1.2, 2.625],
							"size": [0.41421, 0.1, 0.125],
							"pivot": [0, 0.8, -1.75],
							"rotation": [0, 0, 45],
							"uv": {
								"south": {"uv": [71, 32], "uv_size": [0.5, 0.5]},
								"up": {"uv": [43, 61], "uv_size": [0.5, 1]},
								"down": {"uv": [61, 44], "uv_size": [0.5, -1]}
							}
						},
						{
							"origin": [-0.20711, 1.2, 2.625],
							"size": [0.41421, 0.1, 0.125],
							"pivot": [0, 0.8, -1.75],
							"rotation": [0, 0, -45],
							"uv": {
								"south": {"uv": [71, 34], "uv_size": [0.5, 0.5]},
								"up": {"uv": [45, 61], "uv_size": [0.5, 1]},
								"down": {"uv": [61, 46], "uv_size": [0.5, -1]}
							}
						},
						{
							"origin": [-0.20711, 1.2, 2.625],
							"size": [0.41421, 0.1, 0.125],
							"uv": {
								"south": {"uv": [71, 33], "uv_size": [0.5, 0.5]},
								"up": {"uv": [44, 61], "uv_size": [0.5, 1]},
								"down": {"uv": [61, 45], "uv_size": [0.5, -1]}
							}
						}
					]
				},
				{
					"name": "division",
					"pivot": [0, 0.8, -64],
					"cubes": [
						{
							"origin": [8, -16.2, -65],
							"size": [32, 34, 1],
							"uv": {
								"south": {"uv": [1, 79], "uv_size": [0.5, 0.5]}
							}
						},
						{
							"origin": [8, -16.2, -65],
							"size": [32, 34, 1],
							"pivot": [0, 0.8, -64],
							"rotation": [0, 0, -45],
							"uv": {
								"south": {"uv": [1, 79], "uv_size": [0.5, 0.5]}
							}
						},
						{
							"origin": [8, -16.2, -65],
							"size": [32, 34, 1],
							"pivot": [0, 0.8, -64],
							"rotation": [0, 0, -135],
							"uv": {
								"south": {"uv": [1, 79], "uv_size": [0.5, 0.5]}
							}
						},
						{
							"origin": [8, -16.2, -65],
							"size": [32, 34, 1],
							"pivot": [0, 0.8, -64],
							"rotation": [0, 0, -90],
							"uv": {
								"south": {"uv": [1, 79], "uv_size": [0.5, 0.5]}
							}
						},
						{
							"origin": [8, -16.2, -65],
							"size": [32, 34, 1],
							"pivot": [0, 0.8, -64],
							"rotation": [0, 0, 45],
							"uv": {
								"south": {"uv": [1, 79], "uv_size": [0.5, 0.5]}
							}
						},
						{
							"origin": [8, -16.2, -65],
							"size": [32, 34, 1],
							"pivot": [0, 0.8, -64],
							"rotation": [0, 0, 90],
							"uv": {
								"south": {"uv": [1, 79], "uv_size": [0.5, 0.5]}
							}
						},
						{
							"origin": [8, -16.2, -65],
							"size": [32, 34, 1],
							"pivot": [0, 0.8, -64],
							"rotation": [0, 0, 135],
							"uv": {
								"south": {"uv": [1, 79], "uv_size": [0.5, 0.5]}
							}
						},
						{
							"origin": [8, -16.2, -65],
							"size": [32, 34, 1],
							"pivot": [0, 0.8, -64],
							"rotation": [0, 0, -180],
							"uv": {
								"south": {"uv": [1, 79], "uv_size": [0.5, 0.5]}
							}
						},
						{
							"origin": [1.2435, 0.1636, -9],
							"size": [0.1, 0.25, 1],
							"pivot": [0, 0.8, -8],
							"rotation": [0, 0, 135],
							"uv": {
								"south": {"uv": [2, 79], "uv_size": [0.5, 0.5]}
							}
						},
						{
							"origin": [1.2435, 1.1864, -9],
							"size": [0.1, 0.25, 1],
							"pivot": [0, 0.8, -8],
							"rotation": [0, 0, -135],
							"uv": {
								"south": {"uv": [2, 79], "uv_size": [0.5, 0.5]}
							}
						},
						{
							"origin": [1.3, 0.3, -9],
							"size": [0.1, 1, 1],
							"pivot": [0, 0.8, -8],
							"rotation": [0, 0, -180],
							"uv": {
								"south": {"uv": [2, 79], "uv_size": [0.5, 0.5]}
							}
						},
						{
							"origin": [1.2435, 1.1864, -9],
							"size": [0.1, 0.25, 1],
							"pivot": [0, 0.8, -8],
							"rotation": [0, 0, 45],
							"uv": {
								"south": {"uv": [2, 79], "uv_size": [0.5, 0.5]}
							}
						},
						{
							"origin": [1.3, 0.3, -9],
							"size": [0.1, 1, 1],
							"uv": {
								"south": {"uv": [2, 79], "uv_size": [0.5, 0.5]}
							}
						},
						{
							"origin": [1.2435, 0.1636, -9],
							"size": [0.1, 0.25, 1],
							"pivot": [0, 0.8, -8],
							"rotation": [0, 0, -45],
							"uv": {
								"south": {"uv": [2, 79], "uv_size": [0.5, 0.5]}
							}
						}
					]
				},
				{
					"name": "division_illuminated",
					"parent": "division",
					"pivot": [0, 0.8, -64],
					"cubes": [
						{
							"origin": [-0.1, -1.3, -65],
							"size": [0.25, 2, 1],
							"pivot": [-0.1, 0.7, -64],
							"rotation": [0, 0, 22.5],
							"uv": {
								"south": {"uv": [0, 79], "uv_size": [0.5, 0.5]}
							}
						},
						{
							"origin": [-0.75, -1.95, -65],
							"size": [1.5, 0.25, 1],
							"uv": {
								"south": {"uv": [0, 79], "uv_size": [0.5, 0.5]}
							}
						},
						{
							"origin": [-0.5, -2.95, -65],
							"size": [1, 0.25, 1],
							"uv": {
								"south": {"uv": [0, 79], "uv_size": [0.5, 0.5]}
							}
						},
						{
							"origin": [-0.25, -3.95, -65],
							"size": [0.5, 0.25, 1],
							"uv": {
								"south": {"uv": [0, 79], "uv_size": [0.5, 0.5]}
							}
						},
						{
							"origin": [-0.125, -3.7, -65],
							"size": [0.25, 2.5, 1],
							"uv": {
								"south": {"uv": [0, 79], "uv_size": [0.5, 0.5]}
							}
						},
						{
							"origin": [0, 0.65858, -65],
							"size": [0.14142, 0.14142, 1],
							"pivot": [0, 0.8, -64],
							"rotation": [0, 0, 45],
							"uv": {
								"south": {"uv": [0, 79], "uv_size": [0.5, 0.5]}
							}
						},
						{
							"origin": [-0.15, -1.3, -65],
							"size": [0.25, 2, 1],
							"pivot": [0.1, 0.7, -64],
							"rotation": [0, 0, -22.5],
							"uv": {
								"south": {"uv": [0.5, 79], "uv_size": [-0.5, 0.5]}
							}
						}
					]
				},
				{
					"name": "scope_view",
					"pivot": [0, 0.8, 6.625]
				}
			]
		}
	]
}