{
	"format_version": "1.12.0",
	"minecraft:geometry": [
		{
			"description": {
				"identifier": "geometry.unknown",
				"texture_width": 128,
				"texture_height": 128,
				"visible_bounds_width": 8,
				"visible_bounds_height": 3,
				"visible_bounds_offset": [0, 0.5, 0]
			},
			"bones": [
				{
					"name": "scope_body",
					"pivot": [0, 0.025, -7.5],
					"rotation": [1.1554, 0, 0],
					"cubes": [
						{
							"origin": [0.25, 1.125, -7.75],
							"size": [0.25, 0.15, 9.5],
							"uv": {
								"north": {"uv": [8, 0], "uv_size": [1, 1]},
								"east": {"uv": [6, 0], "uv_size": [1, 1]},
								"south": {"uv": [8, 0], "uv_size": [1, 1]},
								"up": {"uv": [11, 1], "uv_size": [-1, -1]}
							}
						},
						{
							"origin": [-0.225, 1.125, -7.75],
							"size": [0.45, 0.15, 0.75],
							"uv": {
								"north": {"uv": [8, 0], "uv_size": [1, 1]},
								"east": {"uv": [6, 0], "uv_size": [1, 1]},
								"south": {"uv": [8, 0], "uv_size": [1, 1]},
								"west": {"uv": [6, 0], "uv_size": [1, 1]},
								"up": {"uv": [11, 1], "uv_size": [-1, -1]}
							}
						},
						{
							"origin": [-0.5, 1.125, -7.75],
							"size": [1, 0.1, 9.5],
							"uv": {
								"north": {"uv": [8, 0], "uv_size": [1, 1]},
								"up": {"uv": [7, 1], "uv_size": [-1, -1]},
								"down": {"uv": [9, 1], "uv_size": [-1, -1]}
							}
						},
						{
							"origin": [-0.5, 0.1, -7.7],
							"size": [1, 0.125, 0.25],
							"pivot": [0, 1.11579, -7.75413],
							"rotation": [7.5, 0, 0],
							"uv": {
								"north": {"uv": [12, 0], "uv_size": [1, 1]},
								"up": {"uv": [11, 1], "uv_size": [-1, -1]}
							}
						},
						{
							"origin": [-0.4, 1.025, -7.7],
							"size": [0.8, 0.1, 0.25],
							"pivot": [0, 1.11579, -7.75413],
							"rotation": [7.5, 0, 0],
							"uv": {
								"north": {"uv": [12, 0], "uv_size": [1, 1]},
								"down": {"uv": [13, 1], "uv_size": [-1, -1]}
							}
						},
						{
							"origin": [-0.5, 1.125, -7.75],
							"size": [0.25, 0.15, 9.5],
							"uv": {
								"north": {"uv": [8, 0], "uv_size": [1, 1]},
								"south": {"uv": [8, 0], "uv_size": [1, 1]},
								"west": {"uv": [6, 0], "uv_size": [1, 1]},
								"up": {"uv": [11, 1], "uv_size": [-1, -1]}
							}
						},
						{
							"origin": [-0.2, 1.225, -0.85],
							"size": [0.4, 0.25, 0.75],
							"pivot": [0, 1.475, -0.1],
							"rotation": [22.5, 0, 0],
							"uv": {
								"east": {"uv": [8, 0], "uv_size": [1, 1]},
								"west": {"uv": [8, 0], "uv_size": [1, 1]},
								"up": {"uv": [11, 1], "uv_size": [-1, -1]}
							}
						},
						{
							"origin": [-0.2, 1.225, -0.1],
							"size": [0.4, 0.25, 2],
							"uv": {
								"east": {"uv": [8, 0], "uv_size": [1, 1]},
								"west": {"uv": [8, 0], "uv_size": [1, 1]},
								"up": {"uv": [9, 1], "uv_size": [-1, -1]}
							}
						},
						{
							"origin": [-0.2, 1.225, -6.6],
							"size": [0.4, 0.25, 0.75],
							"pivot": [0, 1.475, -5.85],
							"rotation": [22.5, 0, 0],
							"uv": {
								"east": {"uv": [8, 0], "uv_size": [1, 1]},
								"west": {"uv": [8, 0], "uv_size": [1, 1]},
								"up": {"uv": [11, 1], "uv_size": [-1, -1]}
							}
						},
						{
							"origin": [-0.2, 1.225, -5.85],
							"size": [0.4, 0.25, 1],
							"uv": {
								"east": {"uv": [8, 0], "uv_size": [1, 1]},
								"south": {"uv": [8, 0], "uv_size": [1, 1]},
								"west": {"uv": [8, 0], "uv_size": [1, 1]},
								"up": {"uv": [9, 1], "uv_size": [-1, -1]}
							}
						},
						{
							"origin": [-0.5, -0.075, -2],
							"size": [1, 0.2, 3.5],
							"uv": {
								"down": {"uv": [7, 1], "uv_size": [-1, -1]}
							}
						},
						{
							"origin": [-0.56129, -0.03195, -7.75504],
							"size": [1.12256, 0.15005, 5.7498],
							"pivot": [-0.00001, -0.0319, -7.75],
							"rotation": [-1.1554, 0, 0],
							"uv": {
								"north": {"uv": [8, 0], "uv_size": [1, 1]},
								"up": {"uv": [9, 1], "uv_size": [-1, -1]},
								"down": {"uv": [9, 1], "uv_size": [-1, -1]}
							}
						}
					]
				},
				{
					"name": "scope_body_illuminated",
					"parent": "scope_body",
					"pivot": [0, 1.125, -7.65],
					"cubes": [
						{
							"origin": [-0.5625, 0.075, -7.65],
							"size": [1.125, 1.05, 0.25],
							"pivot": [0, 1.125, -7.65],
							"rotation": [15, 0, 0],
							"uv": {
								"north": {"uv": [7, 16], "uv_size": [1, 1]}
							}
						},
						{
							"origin": [-0.7125, 0.15, -7.65],
							"size": [1.425, 0.575, 0.25],
							"pivot": [0, 1.125, -7.65],
							"rotation": [15, 0, 0],
							"uv": {
								"north": {"uv": [7, 16], "uv_size": [1, 1]}
							}
						}
					]
				},
				{
					"name": "bone",
					"parent": "scope_body",
					"pivot": [0, 0.025, -7.5],
					"rotation": [-1.1554, 0, 0],
					"cubes": [
						{
							"origin": [-0.6, -0.3, -4],
							"size": [1.2, 0.4, 4],
							"uv": {
								"north": {"uv": [6, 1], "uv_size": [1, 1]},
								"east": {"uv": [6, 1], "uv_size": [1, 1]},
								"south": {"uv": [6, 1], "uv_size": [1, 1]},
								"west": {"uv": [6, 1], "uv_size": [1, 1]},
								"down": {"uv": [7, 2], "uv_size": [-1, -1]}
							}
						},
						{
							"origin": [-0.6375, -0.225, -0.42678],
							"size": [1.275, 0.25, 0.10355],
							"pivot": [0, -0.1, -0.375],
							"rotation": [90, 0, 0],
							"uv": {
								"east": {"uv": [4, 0], "uv_size": [1, 1]},
								"west": {"uv": [4, 0], "uv_size": [1, 1]}
							}
						},
						{
							"origin": [-0.6375, -0.225, -0.42678],
							"size": [1.275, 0.25, 0.10355],
							"uv": {
								"east": {"uv": [4, 0], "uv_size": [1, 1]},
								"west": {"uv": [4, 0], "uv_size": [1, 1]}
							}
						},
						{
							"origin": [-0.6375, -0.225, -0.42678],
							"size": [1.275, 0.25, 0.10355],
							"pivot": [0, -0.1, -0.375],
							"rotation": [45, 0, 0],
							"uv": {
								"east": {"uv": [4, 0], "uv_size": [1, 1]},
								"west": {"uv": [4, 0], "uv_size": [1, 1]}
							}
						},
						{
							"origin": [-0.6375, -0.225, -0.42678],
							"size": [1.275, 0.25, 0.10355],
							"pivot": [0, -0.1, -0.375],
							"rotation": [-45, 0, 0],
							"uv": {
								"east": {"uv": [4, 0], "uv_size": [1, 1]},
								"west": {"uv": [4, 0], "uv_size": [1, 1]}
							}
						},
						{
							"origin": [-0.6375, -0.225, -1.67678],
							"size": [1.275, 0.25, 0.10355],
							"pivot": [0, -0.1, -1.625],
							"rotation": [-45, 0, 0],
							"uv": {
								"east": {"uv": [4, 0], "uv_size": [1, 1]},
								"west": {"uv": [4, 0], "uv_size": [1, 1]}
							}
						},
						{
							"origin": [-0.6375, -0.225, -1.67678],
							"size": [1.275, 0.25, 0.10355],
							"pivot": [0, -0.1, -1.625],
							"rotation": [45, 0, 0],
							"uv": {
								"east": {"uv": [4, 0], "uv_size": [1, 1]},
								"west": {"uv": [4, 0], "uv_size": [1, 1]}
							}
						},
						{
							"origin": [-0.6375, -0.225, -1.67678],
							"size": [1.275, 0.25, 0.10355],
							"uv": {
								"east": {"uv": [4, 0], "uv_size": [1, 1]},
								"west": {"uv": [4, 0], "uv_size": [1, 1]}
							}
						},
						{
							"origin": [-0.6375, -0.225, -1.67678],
							"size": [1.275, 0.25, 0.10355],
							"pivot": [0, -0.1, -1.625],
							"rotation": [90, 0, 0],
							"uv": {
								"east": {"uv": [4, 0], "uv_size": [1, 1]},
								"west": {"uv": [4, 0], "uv_size": [1, 1]}
							}
						},
						{
							"origin": [0.35, -0.55, -4],
							"size": [0.25, 0.25, 4],
							"pivot": [0.6, -0.3, -2.875],
							"rotation": [0, 0, 45],
							"uv": {
								"north": {"uv": [6, 1], "uv_size": [1, 1]},
								"south": {"uv": [6, 1], "uv_size": [1, 1]},
								"west": {"uv": [6, 1], "uv_size": [1, 1]},
								"down": {"uv": [7, 2], "uv_size": [-1, -1]}
							}
						},
						{
							"origin": [-0.6, -0.55, -4],
							"size": [0.25, 0.25, 4],
							"pivot": [-0.6, -0.3, -2.875],
							"rotation": [0, 0, -45],
							"uv": {
								"north": {"uv": [7, 1], "uv_size": [-1, 1]},
								"east": {"uv": [7, 1], "uv_size": [-1, 1]},
								"south": {"uv": [7, 1], "uv_size": [-1, 1]},
								"down": {"uv": [6, 2], "uv_size": [1, -1]}
							}
						},
						{
							"origin": [0.35, -0.15, -4],
							"size": [0.25, 0.25, 4],
							"pivot": [0.6, 0.1, -2.875],
							"rotation": [0, 0, 45],
							"uv": {
								"north": {"uv": [6, 1], "uv_size": [1, 1]},
								"south": {"uv": [6, 1], "uv_size": [1, 1]},
								"up": {"uv": [9, 2], "uv_size": [-1, -1]}
							}
						},
						{
							"origin": [-0.6, -0.15, -4],
							"size": [0.25, 0.25, 4],
							"pivot": [-0.6, 0.1, -2.875],
							"rotation": [0, 0, -45],
							"uv": {
								"north": {"uv": [7, 1], "uv_size": [-1, 1]},
								"south": {"uv": [7, 1], "uv_size": [-1, 1]},
								"up": {"uv": [8, 2], "uv_size": [1, -1]}
							}
						}
					]
				},
				{
					"name": "Right_sight",
					"parent": "scope_body",
					"pivot": [0.38452, 1.22716, 1.25],
					"cubes": [
						{
							"origin": [0.73268, -0.14888, -7.75],
							"size": [0.15, 0.5, 2.25],
							"pivot": [0.88268, 0.35112, -7.75],
							"rotation": [-0.57726, 1.10874, 39.99441],
							"uv": {
								"north": {"uv": [8, 0], "uv_size": [1, 1]},
								"east": {"uv": [8, 0], "uv_size": [1, 1]},
								"south": {"uv": [6, 0], "uv_size": [1, 1]},
								"west": {"uv": [8, 0], "uv_size": [1, 1]}
							}
						},
						{
							"origin": [0.73268, -0.14888, -4],
							"size": [0.15, 0.5, 2],
							"pivot": [0.88268, 0.35112, -7.75],
							"rotation": [-0.57726, 1.10874, 39.99441],
							"uv": {
								"west": {"uv": [8, 0], "uv_size": [1, 1]}
							}
						},
						{
							"origin": [0.34257, -0.10743, -4.00593],
							"size": [0.25, 0.45, 0.175],
							"pivot": [0.59257, -0.10743, -4.00593],
							"rotation": [21.92274, 1.10874, 39.99441],
							"uv": {
								"north": {"uv": [6, 0], "uv_size": [1, 1]},
								"west": {"uv": [8, 0], "uv_size": [1, 1]}
							}
						},
						{
							"origin": [0.73268, 0.25112, -5.5],
							"size": [0.15, 0.1, 1.5],
							"pivot": [0.88268, 0.35112, -7.75],
							"rotation": [-0.57726, 1.10874, 39.99441],
							"uv": {
								"west": {"uv": [8, 0], "uv_size": [1, 1]},
								"down": {"uv": [9, 1], "uv_size": [-1, -1]}
							}
						},
						{
							"origin": [0.73268, -0.09888, -5.45],
							"size": [0.15, 0.3, 0.55],
							"pivot": [0.88268, 0.35112, -7.75],
							"rotation": [-0.57726, 1.10874, 39.99441],
							"uv": {
								"north": {"uv": [12, 0], "uv_size": [1, 1]},
								"south": {"uv": [12, 0], "uv_size": [1, 1]},
								"west": {"uv": [12, 0], "uv_size": [1, 1]},
								"up": {"uv": [13, 1], "uv_size": [-1, -1]},
								"down": {"uv": [13, 1], "uv_size": [-1, -1]}
							}
						},
						{
							"origin": [0.73727, -0.10996, -4.40013],
							"size": [0.15, 0.3, 0.2],
							"pivot": [0.88727, 0.34004, -7.20013],
							"rotation": [-0.57726, 1.10874, 39.99441],
							"uv": {
								"north": {"uv": [12, 0], "uv_size": [1, 1]},
								"west": {"uv": [12, 0], "uv_size": [1, 1]},
								"up": {"uv": [13, 1], "uv_size": [-1, -1]},
								"down": {"uv": [13, 1], "uv_size": [-1, -1]}
							}
						},
						{
							"origin": [0.73727, -0.10996, -4.20013],
							"size": [0.15, 0.04393, 0.10607],
							"pivot": [0.88727, 0.34004, -7.20013],
							"rotation": [-0.57726, 1.10874, 39.99441],
							"uv": {
								"south": {"uv": [12, 0], "uv_size": [1, 1]},
								"west": {"uv": [12, 0], "uv_size": [1, 1]},
								"down": {"uv": [13, 1], "uv_size": [-1, -1]}
							}
						},
						{
							"origin": [0.68345, -0.06429, -4.31571],
							"size": [0.15, 0.27716, 0.11481],
							"pivot": [0.75845, 0.21288, -4.2009],
							"rotation": [21.92274, 1.10874, 39.99441],
							"uv": {
								"south": {"uv": [12, 0], "uv_size": [1, 1]},
								"west": {"uv": [12, 0], "uv_size": [1, 1]}
							}
						},
						{
							"origin": [0.73727, -0.10996, -4.90013],
							"size": [0.125, 0.2, 0.5],
							"pivot": [0.88727, 0.34004, -7.20013],
							"rotation": [-0.57726, 1.10874, 39.99441],
							"uv": {
								"west": {"uv": [10, 0], "uv_size": [1, 1]},
								"up": {"uv": [11, 1], "uv_size": [-1, -1]},
								"down": {"uv": [11, 1], "uv_size": [-1, -1]}
							}
						},
						{
							"origin": [0.63268, -0.14888, -5.5],
							"size": [0.15, 0.5, 1.5],
							"pivot": [0.78268, 0.35112, -7.75],
							"rotation": [-0.57726, 1.10874, 39.99441],
							"uv": {
								"west": {"uv": [6, 0], "uv_size": [1, 1]}
							}
						},
						{
							"origin": [0.38853, -0.06741, -2.02899],
							"size": [0.25, 0.55, 0.025],
							"pivot": [0.51353, -0.06741, -2.00399],
							"rotation": [-27.07726, 1.10874, 39.99441],
							"uv": {
								"south": {"uv": [8, 0], "uv_size": [1, 1]},
								"west": {"uv": [8, 0], "uv_size": [1, 1]}
							}
						},
						{
							"origin": [0.31127, -0.03188, -7.75252],
							"size": [0.25, 0.15005, 5.75],
							"pivot": [0.56127, 0.09315, -7.75252],
							"rotation": [-1.1554, 0.48, 0],
							"uv": {
								"south": {"uv": [8, 0], "uv_size": [1, 1]},
								"west": {"uv": [6, 0], "uv_size": [1, 1]},
								"down": {"uv": [9, 1], "uv_size": [-1, -1]}
							}
						},
						{
							"origin": [0.38853, -0.06741, -2.05399],
							"size": [0.25, 0.525, 0.025],
							"pivot": [0.51353, -0.06741, -2.00399],
							"rotation": [-27.07726, 1.10874, 39.99441],
							"uv": {
								"west": {"uv": [8, 0], "uv_size": [1, 1]}
							}
						},
						{
							"origin": [0.38853, -0.06741, -2.17899],
							"size": [0.25, 0.425, 0.125],
							"pivot": [0.51353, -0.06741, -2.00399],
							"rotation": [-27.07726, 1.10874, 39.99441],
							"uv": {
								"west": {"uv": [8, 0], "uv_size": [1, 1]}
							}
						},
						{
							"origin": [0.63268, 0.32612, -2],
							"size": [0.25, 0.025, 0.25],
							"pivot": [0.88268, 0.35112, -7.75],
							"rotation": [-0.57726, 1.10874, 39.99441],
							"uv": {
								"west": {"uv": [8, 0], "uv_size": [1, 1]}
							}
						},
						{
							"origin": [0.63268, 0.25112, -2],
							"size": [0.25, 0.075, 0.19],
							"pivot": [0.88268, 0.35112, -7.75],
							"rotation": [-0.57726, 1.10874, 39.99441],
							"uv": {
								"west": {"uv": [8, 0], "uv_size": [1, 1]}
							}
						},
						{
							"origin": [0.73268, 0.35112, -7.75],
							"size": [0.15, 0.75, 6],
							"pivot": [0.88268, 0.35112, -7.75],
							"rotation": [-1.25, 0, -22.5],
							"uv": {
								"west": {"uv": [10, 0], "uv_size": [1, 1]},
								"down": {"uv": [7, 1], "uv_size": [-1, -1]}
							}
						},
						{
							"origin": [0.68277, 0.23019, -1.75143],
							"size": [0.25, 0.75, 3.5],
							"pivot": [0.93277, 0.23019, -1.75143],
							"rotation": [5, 0, -22.5],
							"uv": {
								"east": {"uv": [8, 0], "uv_size": [1, 1]},
								"west": {"uv": [10, 0], "uv_size": [1, 1]},
								"down": {"uv": [9, 1], "uv_size": [-1, -1]}
							}
						},
						{
							"origin": [0.4, -0.075, -2],
							"size": [0.1, 0.75, 3.5],
							"pivot": [0.5, -0.075, -0.125],
							"rotation": [0, 0, 10],
							"uv": {
								"west": {"uv": [6, 0], "uv_size": [1, 1]}
							}
						},
						{
							"origin": [0.3769, -0.05329, 1.25],
							"size": [0.125, 0.925, 0.25],
							"pivot": [0.3769, -0.05329, 1.5],
							"rotation": [-22.5, 0, 10],
							"uv": {
								"south": {"uv": [6, 0], "uv_size": [1, 1]},
								"west": {"uv": [6, 0], "uv_size": [1, 1]}
							}
						},
						{
							"origin": [0.25, 0.525, -1.75],
							"size": [0.25, 0.75, 3.5],
							"pivot": [0.5, 1.275, -3.25],
							"rotation": [0, 0, -22.5],
							"uv": {
								"west": {"uv": [10, 0], "uv_size": [1, 1]}
							}
						},
						{
							"origin": [0.275, 1.175, -5.75],
							"size": [0.2, 0.35, 7.65],
							"pivot": [0.475, 1.275, -3.25],
							"rotation": [0, 0, -22.5],
							"uv": {
								"east": {"uv": [10, 0], "uv_size": [1, 1]},
								"west": {"uv": [12, 0], "uv_size": [1, 1]},
								"up": {"uv": [13, 1], "uv_size": [-1, -1]}
							}
						},
						{
							"origin": [0.16384, 0.95813, -5.75],
							"size": [0.225, 0.5, 0.25],
							"pivot": [0.26384, 1.45813, -5.75],
							"rotation": [-45, 0, -22.5],
							"uv": {
								"north": {"uv": [14, 0], "uv_size": [1, 1]},
								"east": {"uv": [10, 0], "uv_size": [1, 1]},
								"west": {"uv": [12, 0], "uv_size": [1, 1]}
							}
						},
						{
							"origin": [0.35, 0.275, -7.75],
							"size": [0.15, 1, 6],
							"pivot": [0.5, 1.275, -3.25],
							"rotation": [0, 0, -22.5],
							"uv": {
								"north": {"uv": [8, 0], "uv_size": [1, 1]},
								"east": {"uv": [8, 0], "uv_size": [1, 1]},
								"west": {"uv": [10, 0], "uv_size": [1, 1]}
							}
						},
						{
							"origin": [0.3625, 0.475, -2.75],
							"size": [0.15, 0.05, 3],
							"pivot": [0.5, 1.275, -3.25],
							"rotation": [0, 0, -22.5],
							"uv": {
								"west": {"uv": [4, 0], "uv_size": [1, 1]}
							}
						},
						{
							"origin": [0.65427, 0.50817, 0.25],
							"size": [0.15, 0.05, 0.275],
							"pivot": [0.72927, 0.55817, 0.25],
							"rotation": [-30, 0, -22.5],
							"uv": {
								"west": {"uv": [4, 0], "uv_size": [1, 1]}
							}
						},
						{
							"origin": [0.70689, 0.38114, 0.48816],
							"size": [0.15, 0.05, 0.05],
							"pivot": [0.78189, 0.43114, 0.48816],
							"rotation": [-85, 0, -22.5],
							"uv": {
								"west": {"uv": [4, 0], "uv_size": [1, 1]}
							}
						},
						{
							"origin": [0.65427, 0.50817, -3.275],
							"size": [0.15, 0.05, 0.525],
							"pivot": [0.72927, 0.55817, -2.75],
							"rotation": [35, 0, -22.5],
							"uv": {
								"west": {"uv": [4, 0], "uv_size": [1, 1]}
							}
						},
						{
							"origin": [0.76951, 0.22997, -3.18005],
							"size": [0.15, 0.05, 0.05],
							"pivot": [0.84451, 0.27997, -3.18005],
							"rotation": [-1.25, 0, -22.5],
							"uv": {
								"west": {"uv": [4, 0], "uv_size": [1, 1]}
							}
						},
						{
							"origin": [0.27287, 0.14654, -7.7],
							"size": [0.1, 0.825, 0.25],
							"pivot": [0, 1.11579, -7.75413],
							"rotation": [6.93488, 2.86313, -22.32648],
							"uv": {
								"north": {"uv": [12, 0], "uv_size": [1, 1]},
								"east": {"uv": [12, 0], "uv_size": [1, 1]}
							}
						},
						{
							"origin": [0.91739, 0.64755, -7.67722],
							"size": [0.125, 0.35, 0.25],
							"pivot": [0, 1.11579, -7.75413],
							"rotation": [5.17383, -3.7091, 39.86369],
							"uv": {
								"north": {"uv": [12, 0], "uv_size": [1, 1]},
								"east": {"uv": [12, 0], "uv_size": [1, 1]}
							}
						}
					]
				},
				{
					"name": "Left_sight",
					"parent": "scope_body",
					"pivot": [-0.38452, 1.22716, 1.25],
					"cubes": [
						{
							"origin": [-0.88268, -0.14888, -7.75],
							"size": [0.15, 0.5, 2.25],
							"pivot": [-0.88268, 0.35112, -7.75],
							"rotation": [-0.57726, -1.10874, -39.99441],
							"uv": {
								"north": {"uv": [9, 0], "uv_size": [-1, 1]},
								"east": {"uv": [9, 0], "uv_size": [-1, 1]},
								"south": {"uv": [7, 0], "uv_size": [-1, 1]},
								"west": {"uv": [9, 0], "uv_size": [-1, 1]}
							}
						},
						{
							"origin": [-0.88268, -0.14888, -4],
							"size": [0.15, 0.5, 2],
							"pivot": [-0.88268, 0.35112, -7.75],
							"rotation": [-0.57726, -1.10874, -39.99441],
							"uv": {
								"east": {"uv": [9, 0], "uv_size": [-1, 1]}
							}
						},
						{
							"origin": [-0.59257, -0.10743, -4.00593],
							"size": [0.25, 0.45, 0.175],
							"pivot": [-0.59257, -0.10743, -4.00593],
							"rotation": [21.92274, -1.10874, -39.99441],
							"uv": {
								"north": {"uv": [7, 0], "uv_size": [-1, 1]},
								"east": {"uv": [9, 0], "uv_size": [-1, 1]}
							}
						},
						{
							"origin": [-0.88268, 0.25112, -5.5],
							"size": [0.15, 0.1, 1.5],
							"pivot": [-0.88268, 0.35112, -7.75],
							"rotation": [-0.57726, -1.10874, -39.99441],
							"uv": {
								"east": {"uv": [9, 0], "uv_size": [-1, 1]},
								"down": {"uv": [8, 1], "uv_size": [1, -1]}
							}
						},
						{
							"origin": [-0.88268, -0.09888, -5.45],
							"size": [0.15, 0.3, 0.55],
							"pivot": [-0.88268, 0.35112, -7.75],
							"rotation": [-0.57726, -1.10874, -39.99441],
							"uv": {
								"north": {"uv": [13, 0], "uv_size": [-1, 1]},
								"east": {"uv": [13, 0], "uv_size": [-1, 1]},
								"south": {"uv": [13, 0], "uv_size": [-1, 1]},
								"up": {"uv": [12, 1], "uv_size": [1, -1]},
								"down": {"uv": [12, 1], "uv_size": [1, -1]}
							}
						},
						{
							"origin": [-0.88727, -0.10996, -4.40013],
							"size": [0.15, 0.3, 0.2],
							"pivot": [-0.88727, 0.34004, -7.20013],
							"rotation": [-0.57726, -1.10874, -39.99441],
							"uv": {
								"north": {"uv": [13, 0], "uv_size": [-1, 1]},
								"east": {"uv": [13, 0], "uv_size": [-1, 1]},
								"up": {"uv": [12, 1], "uv_size": [1, -1]},
								"down": {"uv": [12, 1], "uv_size": [1, -1]}
							}
						},
						{
							"origin": [-0.88727, -0.10996, -4.20013],
							"size": [0.15, 0.04393, 0.10607],
							"pivot": [-0.88727, 0.34004, -7.20013],
							"rotation": [-0.57726, -1.10874, -39.99441],
							"uv": {
								"east": {"uv": [13, 0], "uv_size": [-1, 1]},
								"south": {"uv": [13, 0], "uv_size": [-1, 1]},
								"down": {"uv": [12, 1], "uv_size": [1, -1]}
							}
						},
						{
							"origin": [-0.83345, -0.06429, -4.31571],
							"size": [0.15, 0.27716, 0.11481],
							"pivot": [-0.75845, 0.21288, -4.2009],
							"rotation": [21.92274, -1.10874, -39.99441],
							"uv": {
								"east": {"uv": [13, 0], "uv_size": [-1, 1]},
								"south": {"uv": [13, 0], "uv_size": [-1, 1]}
							}
						},
						{
							"origin": [-0.86227, -0.10996, -4.90013],
							"size": [0.125, 0.2, 0.5],
							"pivot": [-0.88727, 0.34004, -7.20013],
							"rotation": [-0.57726, -1.10874, -39.99441],
							"uv": {
								"east": {"uv": [11, 0], "uv_size": [-1, 1]},
								"up": {"uv": [10, 1], "uv_size": [1, -1]},
								"down": {"uv": [10, 1], "uv_size": [1, -1]}
							}
						},
						{
							"origin": [-0.78268, -0.14888, -5.5],
							"size": [0.15, 0.5, 1.5],
							"pivot": [-0.78268, 0.35112, -7.75],
							"rotation": [-0.57726, -1.10874, -39.99441],
							"uv": {
								"east": {"uv": [7, 0], "uv_size": [-1, 1]}
							}
						},
						{
							"origin": [-0.63853, -0.06741, -2.02899],
							"size": [0.25, 0.55, 0.025],
							"pivot": [-0.51353, -0.06741, -2.00399],
							"rotation": [-27.07726, -1.10874, -39.99441],
							"uv": {
								"east": {"uv": [9, 0], "uv_size": [-1, 1]},
								"south": {"uv": [9, 0], "uv_size": [-1, 1]}
							}
						},
						{
							"origin": [-0.56127, -0.03188, -7.75252],
							"size": [0.25, 0.15005, 5.75],
							"pivot": [-0.56127, 0.09315, -7.75252],
							"rotation": [-1.1554, -0.48, 0],
							"uv": {
								"east": {"uv": [7, 0], "uv_size": [-1, 1]},
								"south": {"uv": [9, 0], "uv_size": [-1, 1]},
								"down": {"uv": [8, 1], "uv_size": [1, -1]}
							}
						},
						{
							"origin": [-0.63853, -0.06741, -2.05399],
							"size": [0.25, 0.525, 0.025],
							"pivot": [-0.51353, -0.06741, -2.00399],
							"rotation": [-27.07726, -1.10874, -39.99441],
							"uv": {
								"east": {"uv": [9, 0], "uv_size": [-1, 1]}
							}
						},
						{
							"origin": [-0.63853, -0.06741, -2.17899],
							"size": [0.25, 0.425, 0.125],
							"pivot": [-0.51353, -0.06741, -2.00399],
							"rotation": [-27.07726, -1.10874, -39.99441],
							"uv": {
								"east": {"uv": [9, 0], "uv_size": [-1, 1]}
							}
						},
						{
							"origin": [-0.88268, 0.32612, -2],
							"size": [0.25, 0.025, 0.25],
							"pivot": [-0.88268, 0.35112, -7.75],
							"rotation": [-0.57726, -1.10874, -39.99441],
							"uv": {
								"east": {"uv": [9, 0], "uv_size": [-1, 1]}
							}
						},
						{
							"origin": [-0.88268, 0.25112, -2],
							"size": [0.25, 0.075, 0.19],
							"pivot": [-0.88268, 0.35112, -7.75],
							"rotation": [-0.57726, -1.10874, -39.99441],
							"uv": {
								"east": {"uv": [9, 0], "uv_size": [-1, 1]}
							}
						},
						{
							"origin": [-0.88268, 0.35112, -7.75],
							"size": [0.15, 0.75, 6],
							"pivot": [-0.88268, 0.35112, -7.75],
							"rotation": [-1.25, 0, 22.5],
							"uv": {
								"east": {"uv": [11, 0], "uv_size": [-1, 1]},
								"down": {"uv": [6, 1], "uv_size": [1, -1]}
							}
						},
						{
							"origin": [-0.93277, 0.23019, -1.75143],
							"size": [0.25, 0.75, 3.5],
							"pivot": [-0.93277, 0.23019, -1.75143],
							"rotation": [5, 0, 22.5],
							"uv": {
								"east": {"uv": [11, 0], "uv_size": [-1, 1]},
								"west": {"uv": [9, 0], "uv_size": [-1, 1]},
								"down": {"uv": [8, 1], "uv_size": [1, -1]}
							}
						},
						{
							"origin": [-0.5, -0.075, -2],
							"size": [0.1, 0.75, 3.5],
							"pivot": [-0.5, -0.075, -0.125],
							"rotation": [0, 0, -10],
							"uv": {
								"east": {"uv": [7, 0], "uv_size": [-1, 1]}
							}
						},
						{
							"origin": [-0.5019, -0.05329, 1.25],
							"size": [0.125, 0.925, 0.25],
							"pivot": [-0.3769, -0.05329, 1.5],
							"rotation": [-22.5, 0, -10],
							"uv": {
								"east": {"uv": [7, 0], "uv_size": [-1, 1]},
								"south": {"uv": [7, 0], "uv_size": [-1, 1]}
							}
						},
						{
							"origin": [-0.5, 0.525, -1.75],
							"size": [0.25, 0.75, 3.5],
							"pivot": [-0.5, 1.275, -3.25],
							"rotation": [0, 0, 22.5],
							"uv": {
								"east": {"uv": [11, 0], "uv_size": [-1, 1]}
							}
						},
						{
							"origin": [-0.475, 1.175, -5.75],
							"size": [0.2, 0.35, 7.65],
							"pivot": [-0.475, 1.275, -3.25],
							"rotation": [0, 0, 22.5],
							"uv": {
								"east": {"uv": [13, 0], "uv_size": [-1, 1]},
								"west": {"uv": [11, 0], "uv_size": [-1, 1]},
								"up": {"uv": [12, 1], "uv_size": [1, -1]}
							}
						},
						{
							"origin": [-0.38884, 0.95813, -5.75],
							"size": [0.225, 0.5, 0.25],
							"pivot": [-0.26384, 1.45813, -5.75],
							"rotation": [-45, 0, 22.5],
							"uv": {
								"north": {"uv": [15, 0], "uv_size": [-1, 1]},
								"east": {"uv": [13, 0], "uv_size": [-1, 1]},
								"west": {"uv": [11, 0], "uv_size": [-1, 1]}
							}
						},
						{
							"origin": [-0.5, 0.275, -7.75],
							"size": [0.15, 1, 6],
							"pivot": [-0.5, 1.275, -3.25],
							"rotation": [0, 0, 22.5],
							"uv": {
								"north": {"uv": [9, 0], "uv_size": [-1, 1]},
								"east": {"uv": [11, 0], "uv_size": [-1, 1]},
								"west": {"uv": [9, 0], "uv_size": [-1, 1]}
							}
						},
						{
							"origin": [-0.85689, 0.38114, 0.48816],
							"size": [0.15, 0.05, 0.05],
							"pivot": [-0.78189, 0.43114, 0.48816],
							"rotation": [-85, 0, 22.5],
							"uv": {
								"east": {"uv": [5, 0], "uv_size": [-1, 1]}
							}
						},
						{
							"origin": [-0.80427, 0.50817, 0.25],
							"size": [0.15, 0.05, 0.275],
							"pivot": [-0.72927, 0.55817, 0.25],
							"rotation": [-30, 0, 22.5],
							"uv": {
								"east": {"uv": [5, 0], "uv_size": [-1, 1]}
							}
						},
						{
							"origin": [-0.5125, 0.475, -2.75],
							"size": [0.15, 0.05, 3],
							"pivot": [-0.5, 1.275, -3.25],
							"rotation": [0, 0, 22.5],
							"uv": {
								"east": {"uv": [5, 0], "uv_size": [-1, 1]}
							}
						},
						{
							"origin": [-0.80427, 0.50817, -3.275],
							"size": [0.15, 0.05, 0.525],
							"pivot": [-0.72927, 0.55817, -2.75],
							"rotation": [35, 0, 22.5],
							"uv": {
								"east": {"uv": [5, 0], "uv_size": [-1, 1]}
							}
						},
						{
							"origin": [-0.91951, 0.22997, -3.18005],
							"size": [0.15, 0.05, 0.05],
							"pivot": [-0.84451, 0.27997, -3.18005],
							"rotation": [-1.25, 0, 22.5],
							"uv": {
								"east": {"uv": [5, 0], "uv_size": [-1, 1]}
							}
						},
						{
							"origin": [-1.04239, 0.64755, -7.67722],
							"size": [0.125, 0.35, 0.25],
							"pivot": [0, 1.11579, -7.75413],
							"rotation": [5.17383, 3.7091, -39.86369],
							"uv": {
								"north": {"uv": [13, 0], "uv_size": [-1, 1]},
								"west": {"uv": [13, 0], "uv_size": [-1, 1]}
							}
						},
						{
							"origin": [-0.37287, 0.14654, -7.7],
							"size": [0.1, 0.825, 0.25],
							"pivot": [0, 1.11579, -7.75413],
							"rotation": [6.93488, -2.86313, 22.32648],
							"uv": {
								"north": {"uv": [13, 0], "uv_size": [-1, 1]},
								"west": {"uv": [13, 0], "uv_size": [-1, 1]}
							}
						}
					]
				},
				{
					"name": "ocular_ring",
					"pivot": [0, 0.025, -7.5],
					"rotation": [1.1554, 0, 0],
					"cubes": [
						{
							"origin": [-0.50952, 0.45854, 1.75],
							"size": [0.25, 0.76862, 0.30241],
							"pivot": [-0.38452, 1.22716, 1.75],
							"rotation": [-22.5, 0, 22.5],
							"uv": {
								"east": {"uv": [11, 0], "uv_size": [-1, 1]},
								"south": {"uv": [9, 0], "uv_size": [-1, 1]},
								"west": {"uv": [9, 0], "uv_size": [-1, 1]},
								"up": {"uv": [8, 1], "uv_size": [1, -1]}
							}
						},
						{
							"origin": [-0.59089, 0.93058, 1.61041],
							"size": [0.1, 0.25, 0.25],
							"pivot": [-0.59089, 1.05558, 1.73541],
							"rotation": [-22.49981, -0.23097, 22.40433],
							"uv": {
								"east": {"uv": [11, 3], "uv_size": [-1, 1]}
							}
						},
						{
							"origin": [-0.38884, 0.70813, 1.9],
							"size": [0.2, 0.75, 0.25],
							"pivot": [-0.26384, 1.45813, 1.9],
							"rotation": [-22.5, 0, 22.5],
							"uv": {
								"east": {"uv": [13, 0], "uv_size": [-1, 1]},
								"south": {"uv": [11, 0], "uv_size": [-1, 1]},
								"west": {"uv": [11, 0], "uv_size": [-1, 1]},
								"up": {"uv": [14, 1], "uv_size": [1, -1]}
							}
						},
						{
							"origin": [0.18884, 0.70813, 1.9],
							"size": [0.2, 0.75, 0.25],
							"pivot": [0.26384, 1.45813, 1.9],
							"rotation": [-22.5, 0, -22.5],
							"uv": {
								"east": {"uv": [10, 0], "uv_size": [1, 1]},
								"south": {"uv": [10, 0], "uv_size": [1, 1]},
								"west": {"uv": [12, 0], "uv_size": [1, 1]},
								"up": {"uv": [15, 1], "uv_size": [-1, -1]}
							}
						},
						{
							"origin": [0.25952, 0.45854, 1.75],
							"size": [0.25, 0.76862, 0.30241],
							"pivot": [0.38452, 1.22716, 1.75],
							"rotation": [-22.5, 0, -22.5],
							"uv": {
								"east": {"uv": [8, 0], "uv_size": [1, 1]},
								"south": {"uv": [8, 0], "uv_size": [1, 1]},
								"west": {"uv": [10, 0], "uv_size": [1, 1]},
								"up": {"uv": [9, 1], "uv_size": [-1, -1]}
							}
						},
						{
							"origin": [0.49089, 0.93058, 1.61041],
							"size": [0.1, 0.25, 0.25],
							"pivot": [0.59089, 1.05558, 1.73541],
							"rotation": [-22.49981, 0.23097, -22.40433],
							"uv": {
								"west": {"uv": [10, 3], "uv_size": [1, 1]}
							}
						},
						{
							"origin": [-0.34609, 1.07381, 1.74662],
							"size": [0.69218, 0.1, 0.25],
							"pivot": [0.24609, 1.14881, 1.87162],
							"rotation": [-22.5, 0, 0],
							"uv": {
								"south": {"uv": [6, 0], "uv_size": [1, 1]},
								"up": {"uv": [7, 1], "uv_size": [-1, -1]},
								"down": {"uv": [7, 1], "uv_size": [-1, -1]}
							}
						},
						{
							"origin": [0.4, 0.75813, 1.7348],
							"size": [0.1, 0.45, 0.1],
							"pivot": [0.4, 0.75813, 1.7098],
							"rotation": [-21.26765, -7.52076, -18.58597],
							"uv": {
								"east": {"uv": [6, 0], "uv_size": [1, 1]},
								"south": {"uv": [6, 0], "uv_size": [1, 1]}
							}
						},
						{
							"origin": [0.4, -0.075, 1.4],
							"size": [0.1, 1.275, 0.1],
							"pivot": [0, -0.075, 1.5],
							"rotation": [-22.5, 0, 0],
							"uv": {
								"east": {"uv": [6, 0], "uv_size": [1, 1]},
								"south": {"uv": [6, 0], "uv_size": [1, 1]},
								"west": {"uv": [6, 0], "uv_size": [1, 1]}
							}
						},
						{
							"origin": [-0.4, -0.075, 1.4],
							"size": [0.8, 0.18478, 0.1],
							"pivot": [0, -0.075, 1.5],
							"rotation": [-22.5, 0, 0],
							"uv": {
								"south": {"uv": [6, 0], "uv_size": [1, 1]},
								"up": {"uv": [7, 1], "uv_size": [-1, -1]}
							}
						},
						{
							"origin": [-0.4, -0.075, 1.17346],
							"size": [0.8, 0.68478, 0.32654],
							"uv": {
								"east": {"uv": [6, 0], "uv_size": [1, 1]},
								"west": {"uv": [6, 0], "uv_size": [1, 1]},
								"down": {"uv": [7, 1], "uv_size": [-1, -1]}
							}
						},
						{
							"origin": [-0.5, -0.075, 1.4],
							"size": [0.1, 1.275, 0.1],
							"pivot": [0, -0.075, 1.5],
							"rotation": [-22.5, 0, 0],
							"uv": {
								"east": {"uv": [6, 0], "uv_size": [1, 1]},
								"south": {"uv": [7, 0], "uv_size": [-1, 1]},
								"west": {"uv": [7, 0], "uv_size": [-1, 1]}
							}
						},
						{
							"origin": [-0.5, 0.75813, 1.7348],
							"size": [0.1, 0.45, 0.1],
							"pivot": [-0.4, 0.75813, 1.7098],
							"rotation": [-21.26765, 7.52076, 18.58597],
							"uv": {
								"south": {"uv": [7, 0], "uv_size": [-1, 1]},
								"west": {"uv": [7, 0], "uv_size": [-1, 1]}
							}
						},
						{
							"origin": [-0.2, 1.225, 1.725],
							"size": [0.4, 0.2, 0.425],
							"pivot": [0, 1.225, 2.15],
							"rotation": [12.5, 0, 0],
							"uv": {
								"east": {"uv": [8, 0], "uv_size": [1, 1]},
								"west": {"uv": [8, 0], "uv_size": [1, 1]},
								"down": {"uv": [9, 1], "uv_size": [-1, -1]}
							}
						},
						{
							"origin": [-0.2, 1.225, 1.9],
							"size": [0.4, 0.25, 0.25],
							"uv": {
								"east": {"uv": [8, 0], "uv_size": [1, 1]},
								"south": {"uv": [8, 0], "uv_size": [1, 1]},
								"west": {"uv": [8, 0], "uv_size": [1, 1]},
								"up": {"uv": [9, 1], "uv_size": [-1, -1]}
							}
						}
					]
				},
				{
					"name": "ocular",
					"pivot": [0, 0.75, 1.5],
					"rotation": [1.1554, 0, 0],
					"cubes": [
						{
							"origin": [-0.4, 0.10648, 1.15183],
							"size": [0.8, 1.25, 0.25],
							"pivot": [0, 0.10648, 1.40183],
							"rotation": [-22.5, 0, 0],
							"uv": {
								"south": {"uv": [2, 0], "uv_size": [1, 1]}
							}
						}
					]
				},
				{
					"name": "division",
					"pivot": [0, 0.75, -64]
				},
				{
					"name": "division_illuminated",
					"parent": "division",
					"pivot": [0, 0.75, -64],
					"cubes": [
						{
							"origin": [1, -0.4, -8.1],
							"size": [0.05, 0.5, 0.1],
							"uv": {
								"south": {"uv": [1, 3], "uv_size": [-1, 1]}
							}
						},
						{
							"origin": [1, 1.35, -8.1],
							"size": [0.05, 0.8, 0.1],
							"pivot": [1.05, 1.35, -8.1],
							"rotation": [0, 0, -20],
							"uv": {
								"south": {"uv": [1, 3], "uv_size": [-1, 1]}
							}
						},
						{
							"origin": [0.52638, 2.05175, -8.1],
							"size": [0.25, 0.05, 0.1],
							"uv": {
								"south": {"uv": [1, 3], "uv_size": [-1, 1]}
							}
						},
						{
							"origin": [-0.77638, 2.05175, -8.1],
							"size": [0.25, 0.05, 0.1],
							"uv": {
								"south": {"uv": [0, 3], "uv_size": [1, 1]}
							}
						},
						{
							"origin": [-0.25, 2.05175, -8.1],
							"size": [0.5, 0.05, 0.1],
							"uv": {
								"south": {"uv": [0, 3], "uv_size": [1, 1]}
							}
						},
						{
							"origin": [-0.25, 2.00175, -8.1],
							"size": [0.05, 0.05, 0.1],
							"uv": {
								"south": {"uv": [0, 3], "uv_size": [1, 1]}
							}
						},
						{
							"origin": [0.2, 2.00175, -8.1],
							"size": [0.05, 0.05, 0.1],
							"uv": {
								"south": {"uv": [1, 3], "uv_size": [-1, 1]}
							}
						},
						{
							"origin": [-0.2, 2.00175, -8.1],
							"size": [0.3, 0.05, 0.1],
							"uv": {
								"south": {"uv": [1, 0], "uv_size": [-1, 1]}
							}
						},
						{
							"origin": [-0.25, 1.95175, -8.1],
							"size": [0.5, 0.05, 0.1],
							"uv": {
								"south": {"uv": [0, 3], "uv_size": [1, 1]}
							}
						},
						{
							"origin": [-1.05, 1.35, -8.1],
							"size": [0.05, 0.8, 0.1],
							"pivot": [-1.05, 1.35, -8.1],
							"rotation": [0, 0, 20],
							"uv": {
								"south": {"uv": [0, 3], "uv_size": [1, 1]}
							}
						},
						{
							"origin": [0.6, -0.4, -8.1],
							"size": [0.4, 0.05, 0.1],
							"uv": {
								"south": {"uv": [1, 3], "uv_size": [-1, 1]}
							}
						},
						{
							"origin": [-1, -0.4, -8.1],
							"size": [0.4, 0.05, 0.1],
							"uv": {
								"south": {"uv": [0, 3], "uv_size": [1, 1]}
							}
						},
						{
							"origin": [-1.05, -0.4, -8.1],
							"size": [0.05, 0.5, 0.1],
							"uv": {
								"south": {"uv": [0, 3], "uv_size": [1, 1]}
							}
						},
						{
							"origin": [-0.85, 1.5, -8.1],
							"size": [0.8, 0.2, 0.1],
							"pivot": [0.05, 0.7, -8.1],
							"rotation": [0, 0, -180],
							"uv": {
								"south": {"uv": [40, 128], "uv_size": [-40, -10]}
							}
						},
						{
							"origin": [0.25, 0.7, -64.001],
							"size": [0.75, 0.1, 0],
							"uv": {
								"south": {"uv": [0, 0], "uv_size": [1, 1]}
							}
						},
						{
							"origin": [0.25, 0.7, -64.001],
							"size": [0.75, 0.1, 0],
							"pivot": [0, 0.75, -64],
							"rotation": [0, 0, -90],
							"uv": {
								"south": {"uv": [0, 0], "uv_size": [1, 1]}
							}
						},
						{
							"origin": [0.25, 0.7, -64.001],
							"size": [0.75, 0.1, 0],
							"pivot": [0, 0.75, -64],
							"rotation": [0, 0, 90],
							"uv": {
								"south": {"uv": [0, 0], "uv_size": [1, 1]}
							}
						},
						{
							"origin": [0.25, 0.7, -64.001],
							"size": [0.75, 0.1, 0],
							"pivot": [0, 0.75, -64],
							"rotation": [0, 0, 180],
							"uv": {
								"south": {"uv": [0, 0], "uv_size": [1, 1]}
							}
						},
						{
							"origin": [0.14142, 0.53787, -64.001],
							"size": [0.07071, 0.07071, 0],
							"pivot": [0, 0.75, -64],
							"rotation": [0, 0, -135],
							"uv": {
								"south": {"uv": [0, 0], "uv_size": [1, 1]}
							}
						},
						{
							"origin": [0.14142, 0.53787, -64.001],
							"size": [0.07071, 0.07071, 0],
							"pivot": [0, 0.75, -64],
							"rotation": [0, 0, 135],
							"uv": {
								"south": {"uv": [0, 0], "uv_size": [1, 1]}
							}
						},
						{
							"origin": [0.14142, 0.53787, -64.001],
							"size": [0.07071, 0.07071, 0],
							"pivot": [0, 0.75, -64],
							"rotation": [0, 0, -45],
							"uv": {
								"south": {"uv": [0, 0], "uv_size": [1, 1]}
							}
						},
						{
							"origin": [0.14142, 0.53787, -64.001],
							"size": [0.07071, 0.07071, 0],
							"pivot": [0, 0.75, -64],
							"rotation": [0, 0, 45],
							"uv": {
								"south": {"uv": [0, 0], "uv_size": [1, 1]}
							}
						},
						{
							"origin": [0.61872, -0.0455, -64.001],
							"size": [0.17678, 0.17678, 0],
							"pivot": [0, 0.75, -64],
							"rotation": [0, 0, 45],
							"uv": {
								"south": {"uv": [0, 0], "uv_size": [1, 1]}
							}
						},
						{
							"origin": [0.61872, -0.0455, -64.001],
							"size": [0.17678, 0.17678, 0],
							"pivot": [0, 0.75, -64],
							"rotation": [0, 0, 135],
							"uv": {
								"south": {"uv": [0, 0], "uv_size": [1, 1]}
							}
						},
						{
							"origin": [0.61872, -0.0455, -64.001],
							"size": [0.17678, 0.17678, 0],
							"pivot": [0, 0.75, -64],
							"rotation": [0, 0, -45],
							"uv": {
								"south": {"uv": [0, 0], "uv_size": [1, 1]}
							}
						},
						{
							"origin": [0.61872, -0.0455, -64.001],
							"size": [0.17678, 0.17678, 0],
							"pivot": [0, 0.75, -64],
							"rotation": [0, 0, -135],
							"uv": {
								"south": {"uv": [0, 0], "uv_size": [1, 1]}
							}
						},
						{
							"origin": [-1.75, 0.625, -64.001],
							"size": [0.75, 0.25, 0],
							"pivot": [0, 0.75, -64],
							"rotation": [0, 0, -90],
							"uv": {
								"south": {"uv": [0, 0], "uv_size": [1, 1]}
							}
						},
						{
							"origin": [1, 0.625, -64.001],
							"size": [0.75, 0.25, 0],
							"pivot": [0, 0.75, -64],
							"rotation": [0, 0, -90],
							"uv": {
								"south": {"uv": [0, 0], "uv_size": [1, 1]}
							}
						},
						{
							"origin": [1, 0.625, -64.001],
							"size": [0.75, 0.25, 0],
							"uv": {
								"south": {"uv": [0, 0], "uv_size": [1, 1]}
							}
						},
						{
							"origin": [-1.75, 0.625, -64.001],
							"size": [0.75, 0.25, 0],
							"uv": {
								"south": {"uv": [0, 0], "uv_size": [1, 1]}
							}
						}
					]
				},
				{
					"name": "scope_view",
					"pivot": [0, 0.75, 7]
				}
			]
		}
	]
}