{
	"format_version": "1.12.0",
	"minecraft:geometry": [
		{
			"description": {
				"identifier": "geometry.scope_standard_8x - Converted",
				"texture_width": 128,
				"texture_height": 128,
				"visible_bounds_width": 22,
				"visible_bounds_height": 9,
				"visible_bounds_offset": [0, 0.5, 0]
			},
			"bones": [
				{
					"name": "bone",
					"pivot": [0, 0, 0]
				},
				{
					"name": "scope_body",
					"parent": "bone",
					"pivot": [0, 0.225, 0.875],
					"cubes": [
						{
							"origin": [0.60639, 1.02035, 0.70509],
							"size": [0.2688, 0.35934, 0.35],
							"uv": {
								"north": {"uv": [4, 1], "uv_size": [1, 1]},
								"south": {"uv": [8, 1], "uv_size": [1, 1]},
								"west": {"uv": [8, 1], "uv_size": [1, 1]},
								"up": {"uv": [9, 2], "uv_size": [-1, -1]},
								"down": {"uv": [9, 2], "uv_size": [-1, -1]}
							}
						},
						{
							"origin": [0.60639, 1.22035, 0.60509],
							"size": [0.2688, 0.15934, 0.075],
							"uv": {
								"south": {"uv": [4, 1], "uv_size": [1, 1]},
								"west": {"uv": [8, 1], "uv_size": [1, 1]},
								"up": {"uv": [9, 2], "uv_size": [-1, -1]},
								"down": {"uv": [5, 2], "uv_size": [-1, -1]}
							}
						},
						{
							"origin": [0.60639, 1.02035, 0.60509],
							"size": [0.2688, 0.15934, 0.075],
							"uv": {
								"south": {"uv": [4, 1], "uv_size": [1, 1]},
								"west": {"uv": [8, 1], "uv_size": [1, 1]},
								"up": {"uv": [5, 2], "uv_size": [-1, -1]},
								"down": {"uv": [9, 2], "uv_size": [-1, -1]}
							}
						},
						{
							"origin": [0.60639, 1.02035, 0.10509],
							"size": [0.2688, 0.35934, 0.5],
							"uv": {
								"south": {"uv": [4, 1], "uv_size": [1, 1]},
								"west": {"uv": [8, 1], "uv_size": [1, 1]},
								"up": {"uv": [9, 2], "uv_size": [-1, -1]},
								"down": {"uv": [9, 2], "uv_size": [-1, -1]}
							}
						},
						{
							"origin": [0.62519, 1.02035, -0.14491],
							"size": [0.25, 0.35934, 0.25],
							"pivot": [0.87519, 1.20002, 0.10509],
							"rotation": [0, 7.5, 0],
							"uv": {
								"west": {"uv": [8, 1], "uv_size": [1, 1]},
								"up": {"uv": [9, 2], "uv_size": [-1, -1]},
								"down": {"uv": [9, 2], "uv_size": [-1, -1]}
							}
						},
						{
							"origin": [0.60639, 1.04535, 0.58009],
							"size": [0.2438, 0.30934, 0.2],
							"uv": {
								"west": {"uv": [4, 1], "uv_size": [1, 1]},
								"up": {"uv": [5, 2], "uv_size": [-1, -1]},
								"down": {"uv": [5, 2], "uv_size": [-1, -1]}
							}
						},
						{
							"origin": [-0.87519, 1.02035, 0.70509],
							"size": [0.2688, 0.35934, 0.35],
							"uv": {
								"north": {"uv": [5, 1], "uv_size": [-1, 1]},
								"east": {"uv": [9, 1], "uv_size": [-1, 1]},
								"south": {"uv": [9, 1], "uv_size": [-1, 1]},
								"up": {"uv": [8, 2], "uv_size": [1, -1]},
								"down": {"uv": [8, 2], "uv_size": [1, -1]}
							}
						},
						{
							"origin": [-0.87519, 1.02035, 0.10509],
							"size": [0.2688, 0.35934, 0.5],
							"uv": {
								"east": {"uv": [9, 1], "uv_size": [-1, 1]},
								"south": {"uv": [5, 1], "uv_size": [-1, 1]},
								"up": {"uv": [8, 2], "uv_size": [1, -1]},
								"down": {"uv": [8, 2], "uv_size": [1, -1]}
							}
						},
						{
							"origin": [-0.87519, 1.02035, -0.14491],
							"size": [0.25, 0.35934, 0.25],
							"pivot": [-0.87519, 1.20002, 0.10509],
							"rotation": [0, -7.5, 0],
							"uv": {
								"east": {"uv": [9, 1], "uv_size": [-1, 1]},
								"up": {"uv": [8, 2], "uv_size": [1, -1]},
								"down": {"uv": [8, 2], "uv_size": [1, -1]}
							}
						},
						{
							"origin": [-0.75, 1.0508, 0.75],
							"size": [0.1, 0.2984, 0.25],
							"uv": {
								"north": {"uv": [12, 1], "uv_size": [1, 1]},
								"east": {"uv": [12, 1], "uv_size": [1, 1]},
								"south": {"uv": [12, 1], "uv_size": [1, 1]},
								"west": {"uv": [12, 1], "uv_size": [1, 1]}
							}
						},
						{
							"origin": [-0.75001, 1.0508, 0.75],
							"size": [0.1, 0.2984, 0.25],
							"pivot": [0, 1.2, 0.75],
							"rotation": [0, 0, 22.5],
							"uv": {
								"north": {"uv": [12, 1], "uv_size": [1, 1]},
								"east": {"uv": [12, 1], "uv_size": [1, 1]},
								"south": {"uv": [12, 1], "uv_size": [1, 1]},
								"west": {"uv": [12, 1], "uv_size": [1, 1]}
							}
						},
						{
							"origin": [-0.75001, 1.0508, 0.75],
							"size": [0.1, 0.2984, 0.25],
							"pivot": [0, 1.2, 0.75],
							"rotation": [0, 0, 67.5],
							"uv": {
								"north": {"uv": [12, 1], "uv_size": [1, 1]},
								"east": {"uv": [12, 1], "uv_size": [1, 1]},
								"south": {"uv": [12, 1], "uv_size": [1, 1]},
								"west": {"uv": [12, 1], "uv_size": [1, 1]}
							}
						},
						{
							"origin": [-0.75, 1.0508, 0.75],
							"size": [0.1, 0.2984, 0.25],
							"pivot": [0, 1.2, 0.75],
							"rotation": [0, 0, 45],
							"uv": {
								"north": {"uv": [12, 1], "uv_size": [1, 1]},
								"east": {"uv": [14, 1], "uv_size": [1, 1]},
								"south": {"uv": [12, 1], "uv_size": [1, 1]},
								"west": {"uv": [12, 1], "uv_size": [1, 1]}
							}
						},
						{
							"origin": [-0.75001, 1.0508, 0.75],
							"size": [0.1, 0.2984, 0.25],
							"pivot": [0, 1.2, 0.75],
							"rotation": [0, 0, 157.5],
							"uv": {
								"north": {"uv": [12, 1], "uv_size": [1, 1]},
								"east": {"uv": [12, 1], "uv_size": [1, 1]},
								"south": {"uv": [12, 1], "uv_size": [1, 1]},
								"west": {"uv": [12, 1], "uv_size": [1, 1]}
							}
						},
						{
							"origin": [-0.75, 1.0508, 0.75],
							"size": [0.1, 0.2984, 0.25],
							"pivot": [0, 1.2, 0.75],
							"rotation": [0, 0, 135],
							"uv": {
								"north": {"uv": [12, 1], "uv_size": [1, 1]},
								"east": {"uv": [14, 1], "uv_size": [1, 1]},
								"south": {"uv": [12, 1], "uv_size": [1, 1]},
								"west": {"uv": [12, 1], "uv_size": [1, 1]}
							}
						},
						{
							"origin": [-0.75001, 1.0508, 0.75],
							"size": [0.1, 0.2984, 0.25],
							"pivot": [0, 1.2, 0.75],
							"rotation": [0, 0, 112.5],
							"uv": {
								"north": {"uv": [12, 1], "uv_size": [1, 1]},
								"east": {"uv": [12, 1], "uv_size": [1, 1]},
								"south": {"uv": [12, 1], "uv_size": [1, 1]},
								"west": {"uv": [12, 1], "uv_size": [1, 1]}
							}
						},
						{
							"origin": [-0.75, 1.0508, 0.75],
							"size": [0.1, 0.2984, 0.25],
							"pivot": [0, 1.2, 0.75],
							"rotation": [0, 0, 90],
							"uv": {
								"north": {"uv": [12, 1], "uv_size": [1, 1]},
								"east": {"uv": [12, 1], "uv_size": [1, 1]},
								"south": {"uv": [12, 1], "uv_size": [1, 1]},
								"west": {"uv": [12, 1], "uv_size": [1, 1]}
							}
						},
						{
							"origin": [-0.75001, 1.0508, 0.75],
							"size": [0.1, 0.2984, 0.25],
							"pivot": [0, 1.2, 0.75],
							"rotation": [0, 0, -22.5],
							"uv": {
								"north": {"uv": [12, 1], "uv_size": [1, 1]},
								"east": {"uv": [12, 1], "uv_size": [1, 1]},
								"south": {"uv": [12, 1], "uv_size": [1, 1]},
								"west": {"uv": [12, 1], "uv_size": [1, 1]}
							}
						},
						{
							"origin": [-0.75, 1.0508, 0.75],
							"size": [0.1, 0.2984, 0.25],
							"pivot": [0, 1.2, 0.75],
							"rotation": [0, 0, -45],
							"uv": {
								"north": {"uv": [12, 1], "uv_size": [1, 1]},
								"east": {"uv": [10, 1], "uv_size": [1, 1]},
								"south": {"uv": [12, 1], "uv_size": [1, 1]},
								"west": {"uv": [12, 1], "uv_size": [1, 1]}
							}
						},
						{
							"origin": [-0.75001, 1.0508, 0.75],
							"size": [0.1, 0.2984, 0.25],
							"pivot": [0, 1.2, 0.75],
							"rotation": [0, 0, -67.5],
							"uv": {
								"north": {"uv": [12, 1], "uv_size": [1, 1]},
								"east": {"uv": [10, 1], "uv_size": [1, 1]},
								"south": {"uv": [12, 1], "uv_size": [1, 1]},
								"west": {"uv": [12, 1], "uv_size": [1, 1]}
							}
						},
						{
							"origin": [-0.75, 1.0508, 0.75],
							"size": [0.1, 0.2984, 0.25],
							"pivot": [0, 1.2, 0.75],
							"rotation": [0, 0, -90],
							"uv": {
								"north": {"uv": [12, 1], "uv_size": [1, 1]},
								"east": {"uv": [10, 1], "uv_size": [1, 1]},
								"south": {"uv": [12, 1], "uv_size": [1, 1]},
								"west": {"uv": [12, 1], "uv_size": [1, 1]}
							}
						},
						{
							"origin": [-0.75, 1.0508, 0.75],
							"size": [0.1, 0.2984, 0.25],
							"pivot": [0, 1.2, 0.75],
							"rotation": [0, 0, -180],
							"uv": {
								"north": {"uv": [12, 1], "uv_size": [1, 1]},
								"east": {"uv": [12, 1], "uv_size": [1, 1]},
								"south": {"uv": [12, 1], "uv_size": [1, 1]},
								"west": {"uv": [12, 1], "uv_size": [1, 1]}
							}
						},
						{
							"origin": [-0.75001, 1.0508, 0.75],
							"size": [0.1, 0.2984, 0.25],
							"pivot": [0, 1.2, 0.75],
							"rotation": [0, 0, -157.5],
							"uv": {
								"north": {"uv": [12, 1], "uv_size": [1, 1]},
								"east": {"uv": [12, 1], "uv_size": [1, 1]},
								"south": {"uv": [12, 1], "uv_size": [1, 1]},
								"west": {"uv": [12, 1], "uv_size": [1, 1]}
							}
						},
						{
							"origin": [-0.75, 1.0508, 0.75],
							"size": [0.1, 0.2984, 0.25],
							"pivot": [0, 1.2, 0.75],
							"rotation": [0, 0, -135],
							"uv": {
								"north": {"uv": [12, 1], "uv_size": [1, 1]},
								"east": {"uv": [10, 1], "uv_size": [1, 1]},
								"south": {"uv": [12, 1], "uv_size": [1, 1]},
								"west": {"uv": [12, 1], "uv_size": [1, 1]}
							}
						},
						{
							"origin": [-0.75001, 1.0508, 0.75],
							"size": [0.1, 0.2984, 0.25],
							"pivot": [0, 1.2, 0.75],
							"rotation": [0, 0, -112.5],
							"uv": {
								"north": {"uv": [12, 1], "uv_size": [1, 1]},
								"east": {"uv": [10, 1], "uv_size": [1, 1]},
								"south": {"uv": [12, 1], "uv_size": [1, 1]},
								"west": {"uv": [12, 1], "uv_size": [1, 1]}
							}
						},
						{
							"origin": [-0.625, -0.3, -5],
							"size": [1.25, 0.4, 5],
							"uv": {
								"north": {"uv": [8, 1], "uv_size": [1, 1]},
								"east": {"uv": [8, 1], "uv_size": [1, 1]},
								"south": {"uv": [8, 1], "uv_size": [1, 1]},
								"west": {"uv": [8, 1], "uv_size": [1, 1]},
								"down": {"uv": [9, 2], "uv_size": [-1, -1]}
							}
						},
						{
							"origin": [-0.6375, -0.225, -2.42678],
							"size": [1.275, 0.25, 0.10355],
							"pivot": [0, -0.1, -2.375],
							"rotation": [-45, 0, 0],
							"uv": {
								"east": {"uv": [4, 0], "uv_size": [1, 1]},
								"west": {"uv": [4, 0], "uv_size": [1, 1]}
							}
						},
						{
							"origin": [-0.6375, -0.225, -2.42678],
							"size": [1.275, 0.25, 0.10355],
							"pivot": [0, -0.1, -2.375],
							"rotation": [90, 0, 0],
							"uv": {
								"east": {"uv": [4, 0], "uv_size": [1, 1]},
								"west": {"uv": [4, 0], "uv_size": [1, 1]}
							}
						},
						{
							"origin": [-0.6375, -0.225, -2.42678],
							"size": [1.275, 0.25, 0.10355],
							"pivot": [0, -0.1, -2.375],
							"rotation": [45, 0, 0],
							"uv": {
								"east": {"uv": [4, 0], "uv_size": [1, 1]},
								"west": {"uv": [4, 0], "uv_size": [1, 1]}
							}
						},
						{
							"origin": [-0.6375, -0.225, -2.42678],
							"size": [1.275, 0.25, 0.10355],
							"uv": {
								"east": {"uv": [4, 0], "uv_size": [1, 1]},
								"west": {"uv": [4, 0], "uv_size": [1, 1]}
							}
						},
						{
							"origin": [-0.6375, -0.225, -4.42678],
							"size": [1.275, 0.25, 0.10355],
							"uv": {
								"east": {"uv": [4, 0], "uv_size": [1, 1]},
								"west": {"uv": [4, 0], "uv_size": [1, 1]}
							}
						},
						{
							"origin": [-0.6375, -0.225, -4.42678],
							"size": [1.275, 0.25, 0.10355],
							"pivot": [0, -0.1, -4.375],
							"rotation": [-45, 0, 0],
							"uv": {
								"east": {"uv": [4, 0], "uv_size": [1, 1]},
								"west": {"uv": [4, 0], "uv_size": [1, 1]}
							}
						},
						{
							"origin": [-0.6375, -0.225, -4.42678],
							"size": [1.275, 0.25, 0.10355],
							"pivot": [0, -0.1, -4.375],
							"rotation": [90, 0, 0],
							"uv": {
								"east": {"uv": [4, 0], "uv_size": [1, 1]},
								"west": {"uv": [4, 0], "uv_size": [1, 1]}
							}
						},
						{
							"origin": [-0.6375, -0.225, -4.42678],
							"size": [1.275, 0.25, 0.10355],
							"pivot": [0, -0.1, -4.375],
							"rotation": [45, 0, 0],
							"uv": {
								"east": {"uv": [4, 0], "uv_size": [1, 1]},
								"west": {"uv": [4, 0], "uv_size": [1, 1]}
							}
						},
						{
							"origin": [-0.6375, -0.225, -0.42678],
							"size": [1.275, 0.25, 0.10355],
							"pivot": [0, -0.1, -0.375],
							"rotation": [-45, 0, 0],
							"uv": {
								"east": {"uv": [4, 0], "uv_size": [1, 1]},
								"west": {"uv": [4, 0], "uv_size": [1, 1]}
							}
						},
						{
							"origin": [-0.6375, -0.225, -0.42678],
							"size": [1.275, 0.25, 0.10355],
							"pivot": [0, -0.1, -0.375],
							"rotation": [45, 0, 0],
							"uv": {
								"east": {"uv": [4, 0], "uv_size": [1, 1]},
								"west": {"uv": [4, 0], "uv_size": [1, 1]}
							}
						},
						{
							"origin": [-0.6375, -0.225, -0.42678],
							"size": [1.275, 0.25, 0.10355],
							"pivot": [0, -0.1, -0.375],
							"rotation": [90, 0, 0],
							"uv": {
								"east": {"uv": [4, 0], "uv_size": [1, 1]},
								"west": {"uv": [4, 0], "uv_size": [1, 1]}
							}
						},
						{
							"origin": [-0.6375, -0.225, -0.42678],
							"size": [1.275, 0.25, 0.10355],
							"uv": {
								"east": {"uv": [4, 0], "uv_size": [1, 1]},
								"west": {"uv": [4, 0], "uv_size": [1, 1]}
							}
						},
						{
							"origin": [-0.625, -0.55, -5],
							"size": [0.25, 0.25, 5],
							"pivot": [-0.625, -0.3, -3.625],
							"rotation": [0, 0, -45],
							"uv": {
								"north": {"uv": [9, 1], "uv_size": [-1, 1]},
								"east": {"uv": [7, 1], "uv_size": [-1, 1]},
								"south": {"uv": [9, 1], "uv_size": [-1, 1]},
								"down": {"uv": [8, 2], "uv_size": [1, -1]}
							}
						},
						{
							"origin": [0.375, -0.55, -5],
							"size": [0.25, 0.25, 5],
							"pivot": [0.625, -0.3, -3.625],
							"rotation": [0, 0, 45],
							"uv": {
								"north": {"uv": [8, 1], "uv_size": [1, 1]},
								"south": {"uv": [8, 1], "uv_size": [1, 1]},
								"west": {"uv": [6, 1], "uv_size": [1, 1]},
								"down": {"uv": [9, 2], "uv_size": [-1, -1]}
							}
						}
					]
				},
				{
					"name": "housing",
					"parent": "scope_body",
					"pivot": [0, -0.3, 0],
					"cubes": [
						{
							"origin": [-0.5, 1.7, -7.25],
							"size": [1, 0.25, 6.5],
							"uv": {
								"north": {"uv": [8, 1], "uv_size": [1, 1]},
								"south": {"uv": [8, 1], "uv_size": [1, 1]},
								"up": {"uv": [9, 2], "uv_size": [-1, -1]}
							}
						},
						{
							"origin": [-0.35, 1.85, -7.5],
							"size": [0.7, 0.25, 0.75],
							"uv": {
								"north": {"uv": [10, 1], "uv_size": [1, 1]},
								"south": {"uv": [8, 1], "uv_size": [1, 1]},
								"up": {"uv": [11, 2], "uv_size": [-1, -1]},
								"down": {"uv": [11, 2], "uv_size": [-1, -1]}
							}
						},
						{
							"origin": [0.25, 2.1, -7.5],
							"size": [0.1, 0.5, 0.5],
							"pivot": [0.35, 2.1, -7.125],
							"rotation": [0, 0, -10],
							"uv": {
								"north": {"uv": [9, 1], "uv_size": [-1, 1]},
								"east": {"uv": [9, 1], "uv_size": [-1, 1]},
								"west": {"uv": [9, 1], "uv_size": [-1, 1]}
							}
						},
						{
							"origin": [0.16394, 1.98372, -7.2],
							"size": [0.1, 0.6, 0.2],
							"pivot": [0.21394, 2.58372, -7],
							"rotation": [22.5, 0, -10],
							"uv": {
								"east": {"uv": [9, 1], "uv_size": [-1, 1]},
								"south": {"uv": [7, 1], "uv_size": [-1, 1]},
								"west": {"uv": [9, 1], "uv_size": [-1, 1]}
							}
						},
						{
							"origin": [-0.26318, 2.4924, -7.5],
							"size": [0.52635, 0.1, 0.5],
							"uv": {
								"north": {"uv": [9, 1], "uv_size": [-1, 1]},
								"south": {"uv": [7, 1], "uv_size": [-1, 1]},
								"up": {"uv": [8, 2], "uv_size": [1, -1]},
								"down": {"uv": [8, 2], "uv_size": [1, -1]}
							}
						},
						{
							"origin": [0.1, 1.825, -6.75],
							"size": [0.2, 0.25, 0.45],
							"pivot": [-0.05, 2.075, -6.75],
							"rotation": [-15, 0, 0],
							"uv": {
								"east": {"uv": [6, 4], "uv_size": [1, 1]},
								"south": {"uv": [4, 4], "uv_size": [1, 1]},
								"west": {"uv": [6, 4], "uv_size": [1, 1]},
								"up": {"uv": [7, 5], "uv_size": [-1, -1]}
							}
						},
						{
							"origin": [0.17322, 1.92322, -7.5],
							"size": [0.17678, 0.17678, 0.75],
							"pivot": [0.35, 2.1, -7.125],
							"rotation": [0, 0, -45],
							"uv": {
								"north": {"uv": [10, 1], "uv_size": [1, 1]},
								"south": {"uv": [8, 1], "uv_size": [1, 1]},
								"west": {"uv": [12, 1], "uv_size": [1, 1]},
								"down": {"uv": [11, 2], "uv_size": [-1, -1]}
							}
						},
						{
							"origin": [-0.35, 1.65, -7.75],
							"size": [0.7, 0.2, 0.5],
							"uv": {
								"north": {"uv": [12, 1], "uv_size": [1, 1]},
								"up": {"uv": [13, 2], "uv_size": [-1, -1]},
								"down": {"uv": [13, 2], "uv_size": [-1, -1]}
							}
						},
						{
							"origin": [-0.5, 0.75, -7.5],
							"size": [1, 0.9, 0.25],
							"uv": {
								"down": {"uv": [13, 2], "uv_size": [-1, -1]}
							}
						},
						{
							"origin": [0.15, 0.725, -7.5],
							"size": [0.45, 0.25, 0.85],
							"pivot": [0, 0.725, -7.5],
							"rotation": [-22.5, 0, 0],
							"uv": {
								"north": {"uv": [8, 1], "uv_size": [1, 1]},
								"east": {"uv": [6, 1], "uv_size": [1, 1]},
								"down": {"uv": [11, 2], "uv_size": [-1, -1]}
							}
						},
						{
							"origin": [-0.15, 0.775, -7.5],
							"size": [0.3, 0.225, 0.25],
							"pivot": [0, 0.75, -7.5],
							"rotation": [-22.5, 0, 0],
							"uv": {
								"down": {"uv": [7, 2], "uv_size": [-1, -1]}
							}
						},
						{
							"origin": [0.2, 0.425, -7.35],
							"size": [0.1, 0.475, 2],
							"uv": {
								"north": {"uv": [6, 1], "uv_size": [1, 1]},
								"east": {"uv": [6, 1], "uv_size": [1, 1]},
								"south": {"uv": [6, 1], "uv_size": [1, 1]},
								"west": {"uv": [6, 1], "uv_size": [1, 1]}
							}
						},
						{
							"origin": [-0.2, 0.65, -7.35],
							"size": [0.4, 0.25, 2],
							"uv": {
								"north": {"uv": [6, 1], "uv_size": [1, 1]},
								"south": {"uv": [6, 1], "uv_size": [1, 1]},
								"down": {"uv": [7, 2], "uv_size": [-1, -1]}
							}
						},
						{
							"origin": [-0.2, 0.35, -7.325],
							"size": [0.4, 0.3, 0.225],
							"uv": {
								"north": {"uv": [4, 1], "uv_size": [1, 1]}
							}
						},
						{
							"origin": [0.2, 0.17751, -7.35],
							"size": [0.1, 0.24749, 2],
							"pivot": [0.3, 0.425, -6.35],
							"rotation": [0, 0, 45],
							"uv": {
								"north": {"uv": [7, 1], "uv_size": [-1, 1]},
								"east": {"uv": [7, 1], "uv_size": [-1, 1]},
								"south": {"uv": [7, 1], "uv_size": [-1, 1]},
								"west": {"uv": [7, 1], "uv_size": [-1, 1]}
							}
						},
						{
							"origin": [-0.125, 0.25, -7.35],
							"size": [0.25, 0.1, 2],
							"uv": {
								"north": {"uv": [6, 1], "uv_size": [1, 1]},
								"south": {"uv": [6, 1], "uv_size": [1, 1]},
								"up": {"uv": [7, 2], "uv_size": [-1, -1]},
								"down": {"uv": [7, 2], "uv_size": [-1, -1]}
							}
						},
						{
							"origin": [0.35, 1.65, -7.75],
							"size": [0.42855, 0.2, 0.5],
							"pivot": [0.35, 1.85, -7.5],
							"rotation": [0, 0, 45],
							"uv": {
								"north": {"uv": [12, 1], "uv_size": [1, 1]},
								"up": {"uv": [13, 2], "uv_size": [-1, -1]},
								"down": {"uv": [13, 2], "uv_size": [-1, -1]}
							}
						},
						{
							"origin": [0.45, 0.525, -7.75],
							"size": [0.2, 1.025, 0.75],
							"pivot": [0.65, 1.55, -7.5],
							"rotation": [0, 0, -2.5],
							"uv": {
								"north": {"uv": [12, 1], "uv_size": [1, 1]},
								"east": {"uv": [12, 1], "uv_size": [1, 1]},
								"west": {"uv": [12, 1], "uv_size": [1, 1]}
							}
						},
						{
							"origin": [0.49483, 0.52052, -7.75],
							"size": [0.2, 0.35, 1.05],
							"pivot": [0.56983, 0.52052, -7.75],
							"rotation": [-22.5, 0, -2.5],
							"uv": {
								"east": {"uv": [12, 1], "uv_size": [1, 1]},
								"south": {"uv": [12, 1], "uv_size": [1, 1]},
								"west": {"uv": [12, 1], "uv_size": [1, 1]},
								"down": {"uv": [13, 2], "uv_size": [-1, -1]}
							}
						},
						{
							"origin": [-0.25, 1.35, -0.75],
							"size": [0.5, 0.5, 1.25],
							"pivot": [0, 1.85, -0.75],
							"rotation": [15, 0, 0],
							"uv": {
								"east": {"uv": [6, 1], "uv_size": [1, 1]},
								"west": {"uv": [6, 1], "uv_size": [1, 1]},
								"up": {"uv": [7, 2], "uv_size": [-1, -1]}
							}
						},
						{
							"origin": [-0.25, 1.81997, 0.45741],
							"size": [0.5, 0.35355, 0.35355],
							"pivot": [0, 2.17352, 0.45741],
							"rotation": [-30, 0, 0],
							"uv": {
								"east": {"uv": [6, 1], "uv_size": [1, 1]},
								"south": {"uv": [6, 1], "uv_size": [1, 1]},
								"west": {"uv": [6, 1], "uv_size": [1, 1]},
								"up": {"uv": [9, 2], "uv_size": [-1, -1]}
							}
						},
						{
							"origin": [0.3, 0.45, -2],
							"size": [0.35, 1.25, 2.25],
							"pivot": [0.65, 1.95, -7.25],
							"rotation": [0, 0, -5],
							"uv": {
								"east": {"uv": [12, 1], "uv_size": [1, 1]},
								"west": {"uv": [12, 1], "uv_size": [1, 1]},
								"down": {"uv": [13, 2], "uv_size": [-1, -1]}
							}
						},
						{
							"origin": [0.30067, 1.63475, -0.8],
							"size": [0.35, 0.3, 1.05],
							"inflate": 0.0001,
							"pivot": [0.47567, 1.93475, -0.75],
							"rotation": [-5, 0, -5],
							"uv": {
								"west": {"uv": [14, 1], "uv_size": [1, 1]},
								"up": {"uv": [13, 2], "uv_size": [-1, -1]}
							}
						},
						{
							"origin": [0.40067, 1.68475, -0.75],
							"size": [0.15, 0.25, 0.8],
							"pivot": [0.47567, 1.93475, -0.75],
							"rotation": [0, 0, -5],
							"uv": {
								"east": {"uv": [4, 4], "uv_size": [1, 1]},
								"west": {"uv": [4, 4], "uv_size": [1, 1]},
								"up": {"uv": [5, 5], "uv_size": [-1, -1]}
							}
						},
						{
							"origin": [0.40067, 1.83475, 0.05],
							"size": [0.15, 0.1, 0.25],
							"pivot": [0.47567, 1.93475, 0.05],
							"rotation": [-22.5, 0, -5],
							"uv": {
								"east": {"uv": [4, 4], "uv_size": [1, 1]},
								"south": {"uv": [4, 4], "uv_size": [1, 1]},
								"west": {"uv": [4, 4], "uv_size": [1, 1]},
								"up": {"uv": [5, 5], "uv_size": [-1, -1]}
							}
						},
						{
							"origin": [0.42348, 1.57554, -0.62675],
							"size": [0.25, 0.25, 0.1036],
							"pivot": [0.02098, 1.70054, -0.57495],
							"rotation": [-22.5, 0, -5],
							"uv": {
								"west": {"uv": [6, 1], "uv_size": [1, 1]}
							}
						},
						{
							"origin": [0.42348, 1.57554, -0.62675],
							"size": [0.25, 0.25, 0.1036],
							"pivot": [0.02098, 1.70054, -0.57495],
							"rotation": [-67.5, 0, -5],
							"uv": {
								"west": {"uv": [6, 1], "uv_size": [1, 1]}
							}
						},
						{
							"origin": [0.42348, 1.57554, -0.62675],
							"size": [0.25, 0.25, 0.1036],
							"pivot": [0.02098, 1.70054, -0.57495],
							"rotation": [-112.5, 0, -5],
							"uv": {
								"west": {"uv": [6, 1], "uv_size": [1, 1]}
							}
						},
						{
							"origin": [0.42348, 1.57554, -0.62675],
							"size": [0.25, 0.25, 0.1036],
							"pivot": [0.02098, 1.70054, -0.57495],
							"rotation": [22.5, 0, -5],
							"uv": {
								"west": {"uv": [6, 1], "uv_size": [1, 1]}
							}
						},
						{
							"origin": [1.125, 0.2, -3],
							"size": [0.1, 0.25, 0.5],
							"pivot": [1.225, 1.95, -7.25],
							"rotation": [0, 0, 10],
							"uv": {
								"east": {"uv": [12, 1], "uv_size": [1, 1]},
								"west": {"uv": [12, 1], "uv_size": [1, 1]},
								"up": {"uv": [13, 2], "uv_size": [-1, -1]}
							}
						},
						{
							"origin": [1.125, -0.05, -6.5],
							"size": [0.1, 0.5, 1.75],
							"pivot": [1.225, 1.95, -7.25],
							"rotation": [0, 0, 10],
							"uv": {
								"east": {"uv": [12, 1], "uv_size": [1, 1]},
								"west": {"uv": [12, 1], "uv_size": [1, 1]},
								"up": {"uv": [13, 2], "uv_size": [-1, -1]},
								"down": {"uv": [13, 2], "uv_size": [-1, -1]}
							}
						},
						{
							"origin": [0.86529, 0.13147, -5],
							"size": [0.1, 0.35, 0.25],
							"pivot": [0.91529, 0.48147, -4.75],
							"rotation": [45, 0, 10],
							"uv": {
								"east": {"uv": [12, 1], "uv_size": [1, 1]},
								"south": {"uv": [10, 1], "uv_size": [1, 1]},
								"west": {"uv": [12, 1], "uv_size": [1, 1]}
							}
						},
						{
							"origin": [0.86529, 0.13147, -3],
							"size": [0.1, 0.35, 0.25],
							"pivot": [0.91529, 0.48147, -3],
							"rotation": [-45, 0, 10],
							"uv": {
								"north": {"uv": [11, 1], "uv_size": [-1, 1]},
								"west": {"uv": [13, 1], "uv_size": [-1, 1]}
							}
						},
						{
							"origin": [1.125, -0.05, -4.75],
							"size": [0.1, 0.25, 2.75],
							"pivot": [1.225, 1.95, -7.25],
							"rotation": [0, 0, 10],
							"uv": {
								"east": {"uv": [12, 1], "uv_size": [1, 1]},
								"west": {"uv": [12, 1], "uv_size": [1, 1]},
								"down": {"uv": [13, 2], "uv_size": [-1, -1]}
							}
						},
						{
							"origin": [0.82112, 0.22659, -4.75],
							"size": [0.1, 0.25, 1.75],
							"pivot": [0.92112, 0.22659, -3.875],
							"rotation": [0, 0, -12.5],
							"uv": {
								"north": {"uv": [12, 1], "uv_size": [1, 1]},
								"east": {"uv": [12, 1], "uv_size": [1, 1]},
								"south": {"uv": [12, 1], "uv_size": [1, 1]},
								"west": {"uv": [12, 1], "uv_size": [1, 1]},
								"up": {"uv": [13, 2], "uv_size": [-1, -1]}
							}
						},
						{
							"origin": [1.025, 0.15, -6.5],
							"size": [0.1, 0.2, 4],
							"pivot": [1.225, 1.95, -7.25],
							"rotation": [0, 0, 10],
							"uv": {
								"north": {"uv": [4, 1], "uv_size": [1, 1]},
								"east": {"uv": [4, 1], "uv_size": [1, 1]},
								"south": {"uv": [4, 1], "uv_size": [1, 1]},
								"west": {"uv": [4, 1], "uv_size": [1, 1]},
								"up": {"uv": [5, 2], "uv_size": [-1, -1]},
								"down": {"uv": [5, 2], "uv_size": [-1, -1]}
							}
						},
						{
							"origin": [0.5, 0.575, -4],
							"size": [0.25, 0.3, 1],
							"uv": {
								"west": {"uv": [4, 4], "uv_size": [1, 1]},
								"up": {"uv": [5, 5], "uv_size": [-1, -1]},
								"down": {"uv": [5, 5], "uv_size": [-1, -1]}
							}
						},
						{
							"origin": [-0.4, 0.39972, -6.7147],
							"size": [0.8, 0.575, 1.975],
							"uv": {
								"down": {"uv": [5, 2], "uv_size": [-1, -1]}
							}
						},
						{
							"origin": [0.5, 0.575, -3],
							"size": [0.25, 0.21213, 0.21213],
							"pivot": [0.625, 0.575, -3],
							"rotation": [45, 0, 0],
							"uv": {
								"south": {"uv": [4, 4], "uv_size": [1, 1]},
								"west": {"uv": [4, 4], "uv_size": [1, 1]},
								"down": {"uv": [5, 5], "uv_size": [-1, -1]}
							}
						},
						{
							"origin": [0.5125, 0.62498, -3.09963],
							"size": [0.25, 0.2, 0.0828],
							"pivot": [-0.13997, 0.72498, -3.05823],
							"rotation": [112.5, 0, 0],
							"uv": {
								"west": {"uv": [4, 1], "uv_size": [1, 1]}
							}
						},
						{
							"origin": [0.5125, 0.62498, -3.09963],
							"size": [0.25, 0.2, 0.0828],
							"pivot": [-0.13997, 0.72498, -3.05823],
							"rotation": [67.5, 0, 0],
							"uv": {
								"west": {"uv": [4, 1], "uv_size": [1, 1]}
							}
						},
						{
							"origin": [0.5125, 0.62498, -3.09963],
							"size": [0.25, 0.2, 0.0828],
							"pivot": [-0.13997, 0.72498, -3.05823],
							"rotation": [22.5, 0, 0],
							"uv": {
								"west": {"uv": [4, 1], "uv_size": [1, 1]}
							}
						},
						{
							"origin": [0.7625, 0.62498, -3.09963],
							"size": [0, 0.2, 0.0828],
							"pivot": [-0.13997, 0.72498, -3.05823],
							"rotation": [-22.5, 0, 0],
							"uv": {
								"west": {"uv": [4, 1], "uv_size": [1, 1]}
							}
						},
						{
							"origin": [0.5, 0.575, -4.5],
							"size": [0.25, 0.3, 0.5],
							"pivot": [0.75, 0.725, -4],
							"rotation": [0, 22.5, 0],
							"uv": {
								"west": {"uv": [6, 4], "uv_size": [1, 1]},
								"up": {"uv": [5, 5], "uv_size": [-1, -1]},
								"down": {"uv": [5, 5], "uv_size": [-1, -1]}
							}
						},
						{
							"origin": [1.125, -0.68477, -7.32246],
							"size": [0.1, 0.5, 0.2],
							"pivot": [1.225, 1.95, -7.25],
							"rotation": [22.5, 0, 10],
							"uv": {
								"north": {"uv": [12, 1], "uv_size": [1, 1]},
								"east": {"uv": [12, 1], "uv_size": [1, 1]},
								"south": {"uv": [12, 1], "uv_size": [1, 1]},
								"west": {"uv": [12, 1], "uv_size": [1, 1]}
							}
						},
						{
							"origin": [1.125, -0.51194, -6.30866],
							"size": [0.1, 0.2, 1.11732],
							"pivot": [1.225, 1.95, -7.25],
							"rotation": [0, 0, 10],
							"uv": {
								"east": {"uv": [12, 1], "uv_size": [1, 1]},
								"west": {"uv": [12, 1], "uv_size": [1, 1]},
								"up": {"uv": [13, 2], "uv_size": [-1, -1]},
								"down": {"uv": [13, 2], "uv_size": [-1, -1]}
							}
						},
						{
							"origin": [1.125, 0.46328, -4.6059],
							"size": [0.1, 0.5, 0.2],
							"pivot": [1.225, 1.95, -7.25],
							"rotation": [-22.5, 0, 10],
							"uv": {
								"north": {"uv": [13, 1], "uv_size": [-1, 1]},
								"east": {"uv": [13, 1], "uv_size": [-1, 1]},
								"south": {"uv": [13, 1], "uv_size": [-1, 1]},
								"west": {"uv": [13, 1], "uv_size": [-1, 1]}
							}
						},
						{
							"origin": [1.125, 0.38925, -5.98307],
							"size": [0.1, 0.46194, 0.19134],
							"pivot": [1.225, 1.95, -7.25],
							"rotation": [-22.5, 0, 10],
							"uv": {
								"north": {"uv": [12, 1], "uv_size": [1, 1]},
								"east": {"uv": [12, 1], "uv_size": [1, 1]},
								"west": {"uv": [12, 1], "uv_size": [1, 1]},
								"down": {"uv": [13, 2], "uv_size": [-1, -1]}
							}
						},
						{
							"origin": [1.125, 2.11133, -2.28755],
							"size": [0.1, 0.2706, 0.65328],
							"pivot": [1.225, 1.95, -7.25],
							"rotation": [-22.5, 0, 10],
							"uv": {
								"east": {"uv": [12, 1], "uv_size": [1, 1]},
								"west": {"uv": [12, 1], "uv_size": [1, 1]},
								"up": {"uv": [13, 2], "uv_size": [-1, -1]}
							}
						},
						{
							"origin": [0.45573, 0.40571, -2.25],
							"size": [0.3, 0.05, 2.5],
							"pivot": [0.75573, 0.45571, -0.875],
							"rotation": [0, 0, 17.5],
							"uv": {
								"east": {"uv": [12, 1], "uv_size": [1, 1]},
								"south": {"uv": [12, 1], "uv_size": [1, 1]},
								"west": {"uv": [10, 1], "uv_size": [1, 1]}
							}
						},
						{
							"origin": [0.45227, 0.4832, -2.25],
							"size": [0.3, 0.1, 2.5],
							"pivot": [0.50227, 0.4832, 0.25],
							"rotation": [5, 0, 17.5],
							"uv": {
								"east": {"uv": [12, 1], "uv_size": [1, 1]},
								"south": {"uv": [12, 1], "uv_size": [1, 1]},
								"west": {"uv": [10, 1], "uv_size": [1, 1]},
								"down": {"uv": [13, 2], "uv_size": [-1, -1]}
							}
						},
						{
							"origin": [0.45227, 0.5832, -2.25],
							"size": [0.3, 0.11, 1.375],
							"pivot": [0.50227, 0.4832, 0.25],
							"rotation": [5, 0, 17.5],
							"uv": {
								"east": {"uv": [12, 1], "uv_size": [1, 1]},
								"west": {"uv": [10, 1], "uv_size": [1, 1]}
							}
						},
						{
							"origin": [0.3, 3.43431, -0.29107],
							"size": [0.35, 1.30384, 0.54419],
							"pivot": [0.65, 1.95, -7.25],
							"rotation": [-22.5, 0, -5],
							"uv": {
								"east": {"uv": [12, 1], "uv_size": [1, 1]},
								"south": {"uv": [12, 1], "uv_size": [1, 1]},
								"west": {"uv": [12, 1], "uv_size": [1, 1]},
								"down": {"uv": [13, 2], "uv_size": [-1, -1]}
							}
						},
						{
							"origin": [0.3, 4.43815, -0.29107],
							"size": [0.35, 0.3, 0.54419],
							"inflate": 0.0001,
							"pivot": [0.65, 1.95, -7.25],
							"rotation": [-22.5, 0, -5],
							"uv": {
								"east": {"uv": [12, 1], "uv_size": [1, 1]},
								"south": {"uv": [12, 1], "uv_size": [1, 1]},
								"west": {"uv": [14, 1], "uv_size": [1, 1]},
								"up": {"uv": [15, 2], "uv_size": [-1, -1]}
							}
						},
						{
							"origin": [0.52469, 0.43596, 0.08362],
							"size": [0.25, 0.2, 0.0828],
							"pivot": [-0.11528, 0.53596, 0.12502],
							"rotation": [112.5, 0, -5],
							"uv": {
								"west": {"uv": [4, 1], "uv_size": [1, 1]}
							}
						},
						{
							"origin": [0.52469, 0.43596, 0.08362],
							"size": [0.25, 0.2, 0.0828],
							"pivot": [-0.11528, 0.53596, 0.12502],
							"rotation": [67.5, 0, -5],
							"uv": {
								"west": {"uv": [4, 1], "uv_size": [1, 1]}
							}
						},
						{
							"origin": [0.52469, 0.43596, 0.08362],
							"size": [0.25, 0.2, 0.0828],
							"pivot": [-0.11528, 0.53596, 0.12502],
							"rotation": [22.5, 0, -5],
							"uv": {
								"west": {"uv": [4, 1], "uv_size": [1, 1]}
							}
						},
						{
							"origin": [0.77469, 0.43596, 0.08362],
							"size": [0, 0.2, 0.0828],
							"pivot": [-0.11528, 0.53596, 0.12502],
							"rotation": [-22.5, 0, -5],
							"uv": {
								"west": {"uv": [4, 1], "uv_size": [1, 1]}
							}
						},
						{
							"origin": [0.5, 4.2481, -2.72703],
							"size": [0.25, 2.12132, 0.25],
							"inflate": 0.0001,
							"pivot": [0.5, 1.95, -7.25],
							"rotation": [-45, 0, -5],
							"uv": {
								"south": {"uv": [6, 1], "uv_size": [1, 1]},
								"west": {"uv": [7, 1], "uv_size": [1, 1]},
								"down": {"uv": [9, 2], "uv_size": [-1, -1]}
							}
						},
						{
							"origin": [0.60535, 0.63176, -2.375],
							"size": [0.25, 0.25, 0.25],
							"pivot": [0.85535, 0.75676, -2.25],
							"rotation": [-45, 0, -5.25],
							"uv": {
								"west": {"uv": [12, 1], "uv_size": [1, 1]}
							}
						},
						{
							"origin": [0.5, 4.4981, -3.07703],
							"size": [0.25, 1.62132, 0.35],
							"pivot": [0.5, 1.95, -7.25],
							"rotation": [-45, 0, -5],
							"uv": {
								"west": {"uv": [8, 1], "uv_size": [1, 1]}
							}
						},
						{
							"origin": [0.5, 4.4981, -3.32703],
							"size": [0.25, 0.25, 0.25],
							"pivot": [0.5, 1.95, -7.25],
							"rotation": [-45, 0, -5],
							"uv": {
								"west": {"uv": [8, 1], "uv_size": [1, 1]}
							}
						},
						{
							"origin": [0.5, 4.2481, -3.62703],
							"size": [0.25, 0.25, 0.9],
							"inflate": -0.0001,
							"pivot": [0.5, 1.95, -7.25],
							"rotation": [-45, 0, -5],
							"uv": {
								"west": {"uv": [7, 1], "uv_size": [1, 1]},
								"down": {"uv": [7, 2], "uv_size": [-1, -1]}
							}
						},
						{
							"origin": [0.5, 0.95, -7],
							"size": [0.25, 0.75, 5.5],
							"pivot": [0.5, 1.95, -7.25],
							"rotation": [0, 0, -5],
							"uv": {
								"west": {"uv": [8, 1], "uv_size": [1, 1]},
								"down": {"uv": [9, 2], "uv_size": [-1, -1]}
							}
						},
						{
							"origin": [0.5308, 1.09774, -5.5],
							"size": [0.25, 0.5, 2],
							"pivot": [0.77084, 1.72274, -3.5],
							"rotation": [0, 0, -5],
							"uv": {
								"west": {"uv": [0, 67], "uv_size": [40, 10]}
							}
						},
						{
							"origin": [0.5872, 0.93911, -6.37145],
							"size": [0.25, 0.2, 0.0828],
							"pivot": [-0.06272, 1.03911, -6.33005],
							"rotation": [67.5, 0, -5],
							"uv": {
								"west": {"uv": [4, 1], "uv_size": [1, 1]}
							}
						},
						{
							"origin": [0.5872, 0.93911, -6.37145],
							"size": [0.25, 0.2, 0.0828],
							"pivot": [-0.06272, 1.03911, -6.33005],
							"rotation": [112.5, 0, -5],
							"uv": {
								"west": {"uv": [4, 1], "uv_size": [1, 1]}
							}
						},
						{
							"origin": [0.8372, 0.93911, -6.37145],
							"size": [0, 0.2, 0.0828],
							"pivot": [-0.06272, 1.03911, -6.33005],
							"rotation": [-22.5, 0, -5],
							"uv": {
								"west": {"uv": [4, 1], "uv_size": [1, 1]}
							}
						},
						{
							"origin": [0.5872, 0.93911, -6.37145],
							"size": [0.25, 0.2, 0.0828],
							"pivot": [-0.06272, 1.03911, -6.33005],
							"rotation": [22.5, 0, -5],
							"uv": {
								"west": {"uv": [4, 1], "uv_size": [1, 1]}
							}
						},
						{
							"origin": [0.5, 1.7, -7.25],
							"size": [0.35355, 0.25, 4.5],
							"pivot": [0.5, 1.95, -7.25],
							"rotation": [0, 0, 40],
							"uv": {
								"north": {"uv": [8, 1], "uv_size": [1, 1]},
								"up": {"uv": [13, 2], "uv_size": [-1, -1]}
							}
						},
						{
							"origin": [0.5218, 1.63727, -2.79142],
							"size": [0.25, 0.2, 0.0828],
							"pivot": [-0.11817, 1.73727, -2.75002],
							"rotation": [112.5, 0, -5],
							"uv": {
								"west": {"uv": [4, 1], "uv_size": [1, 1]}
							}
						},
						{
							"origin": [0.5218, 1.63727, -2.79142],
							"size": [0.25, 0.2, 0.0828],
							"pivot": [-0.11817, 1.73727, -2.75002],
							"rotation": [67.5, 0, -5],
							"uv": {
								"west": {"uv": [4, 1], "uv_size": [1, 1]}
							}
						},
						{
							"origin": [0.7718, 1.63727, -2.79142],
							"size": [0, 0.2, 0.0828],
							"pivot": [-0.11817, 1.73727, -2.75002],
							"rotation": [-22.5, 0, -5],
							"uv": {
								"west": {"uv": [4, 1], "uv_size": [1, 1]}
							}
						},
						{
							"origin": [0.5218, 1.63727, -2.79142],
							"size": [0.25, 0.2, 0.0828],
							"pivot": [-0.11817, 1.73727, -2.75002],
							"rotation": [22.5, 0, -5],
							"uv": {
								"west": {"uv": [4, 1], "uv_size": [1, 1]}
							}
						},
						{
							"origin": [0.49905, 1.72179, -4.25],
							"size": [0.25, 0.25, 1.5],
							"pivot": [0.74905, 1.97179, -2.75],
							"rotation": [0, 10, -5],
							"uv": {
								"up": {"uv": [10, 2], "uv_size": [-1, -1]}
							}
						},
						{
							"origin": [0.49905, 1.94679, -4.25],
							"size": [0.25, 0.025, 1.45],
							"pivot": [0.74905, 1.97179, -2.75],
							"rotation": [-3.86032, 9.23186, -27.81179],
							"uv": {
								"west": {"uv": [12, 1], "uv_size": [1, 1]}
							}
						},
						{
							"origin": [0.49905, 1.89679, -4.25],
							"size": [0.25, 0.05, 1.325],
							"pivot": [0.74905, 1.97179, -2.75],
							"rotation": [-3.86032, 9.23186, -27.81179],
							"uv": {
								"west": {"uv": [12, 1], "uv_size": [1, 1]}
							}
						},
						{
							"origin": [0.49905, 1.77179, -4.25],
							"size": [0.25, 0.125, 1.05],
							"pivot": [0.74905, 1.97179, -2.75],
							"rotation": [-3.86032, 9.23186, -27.81179],
							"uv": {
								"west": {"uv": [12, 1], "uv_size": [1, 1]}
							}
						},
						{
							"origin": [0.49905, 1.97179, -3.45],
							"size": [0.25, 0.025, 0.64],
							"pivot": [0.74905, 1.97179, -2.75],
							"rotation": [20.63968, 9.23186, -27.81179],
							"uv": {
								"west": {"uv": [12, 1], "uv_size": [1, 1]}
							}
						},
						{
							"origin": [0.49905, 1.99679, -3.475],
							"size": [0.25, 0.025, 0.615],
							"pivot": [0.74905, 1.97179, -2.75],
							"rotation": [20.63968, 9.23186, -27.81179],
							"uv": {
								"west": {"uv": [12, 1], "uv_size": [1, 1]}
							}
						},
						{
							"origin": [0.49905, 2.02179, -3.55],
							"size": [0.25, 0.075, 0.515],
							"pivot": [0.74905, 1.97179, -2.75],
							"rotation": [20.63968, 9.23186, -27.81179],
							"uv": {
								"west": {"uv": [12, 1], "uv_size": [1, 1]}
							}
						},
						{
							"origin": [0.49905, 2.09679, -3.675],
							"size": [0.25, 0.1, 0.415],
							"pivot": [0.74905, 1.97179, -2.75],
							"rotation": [20.63968, 9.23186, -27.81179],
							"uv": {
								"west": {"uv": [12, 1], "uv_size": [1, 1]}
							}
						},
						{
							"origin": [0.5, -0.02208, -4.09254],
							"size": [0.25, 0.25, 1],
							"inflate": -0.0001,
							"pivot": [0.5, 1.95, -7.25],
							"rotation": [22.5, 0, -5],
							"uv": {
								"west": {"uv": [10, 1], "uv_size": [1, 1]}
							}
						},
						{
							"origin": [0.62796, 0.23744, -7],
							"size": [0.15, 0.75, 2.5],
							"pivot": [0.5, 1.95, -7.25],
							"rotation": [0, 0, 5],
							"uv": {
								"east": {"uv": [6, 1], "uv_size": [1, 1]},
								"west": {"uv": [6, 1], "uv_size": [1, 1]},
								"down": {"uv": [7, 2], "uv_size": [-1, -1]}
							}
						},
						{
							"origin": [0.52796, 1.42018, -4.55396],
							"size": [0.25, 0.85, 0.5],
							"pivot": [0.5, 1.95, -7.25],
							"rotation": [-22.5, 0, 5],
							"uv": {
								"south": {"uv": [6, 1], "uv_size": [1, 1]},
								"west": {"uv": [6, 1], "uv_size": [1, 1]}
							}
						},
						{
							"origin": [0.54358, 0.44478, -6.46852],
							"size": [0.25, 1, 0.25],
							"pivot": [0.54358, 1.4519, -7.25],
							"rotation": [-26.5, 0, -5],
							"uv": {
								"south": {"uv": [7, 1], "uv_size": [-1, 1]},
								"west": {"uv": [9, 1], "uv_size": [-1, 1]},
								"down": {"uv": [9, 1], "uv_size": [-1, 1]}
							}
						},
						{
							"origin": [0.54358, 0.94478, -6.61852],
							"size": [0.25, 0.5, 0.15],
							"pivot": [0.54358, 1.4519, -7.25],
							"rotation": [-26.5, 0, -5],
							"uv": {
								"west": {"uv": [9, 1], "uv_size": [-1, 1]}
							}
						},
						{
							"origin": [0.5, 0.2, -7],
							"size": [0.25, 0.75, 0.25],
							"pivot": [0.5, 1.95, -7.25],
							"rotation": [0, 0, -5],
							"uv": {
								"north": {"uv": [8, 1], "uv_size": [1, 1]},
								"west": {"uv": [8, 1], "uv_size": [1, 1]}
							}
						},
						{
							"origin": [0.51089, 0.88353, -7.69194],
							"size": [0.25, 0.5, 0.25],
							"pivot": [0.51089, 1.82548, -7.25],
							"rotation": [45, 0, -5],
							"uv": {
								"north": {"uv": [8, 1], "uv_size": [1, 1]},
								"west": {"uv": [8, 1], "uv_size": [1, 1]}
							}
						},
						{
							"origin": [0.5, 1.2, -7.25],
							"size": [0.25, 0.5, 0.25],
							"pivot": [0.5, 1.95, -7.25],
							"rotation": [0, 0, -5],
							"uv": {
								"north": {"uv": [8, 1], "uv_size": [1, 1]},
								"west": {"uv": [8, 1], "uv_size": [1, 1]}
							}
						},
						{
							"origin": [0.5437, 1.38649, -7.11638],
							"size": [0.25, 0.2, 0.0828],
							"pivot": [-0.11623, 1.48649, -7.07498],
							"rotation": [22.5, 0, -5],
							"uv": {
								"west": {"uv": [4, 1], "uv_size": [1, 1]}
							}
						},
						{
							"origin": [0.7937, 1.38649, -7.11638],
							"size": [0, 0.2, 0.0828],
							"pivot": [-0.11623, 1.48649, -7.07498],
							"rotation": [-22.5, 0, -5],
							"uv": {
								"west": {"uv": [4, 1], "uv_size": [1, 1]}
							}
						},
						{
							"origin": [0.5437, 1.38649, -7.11638],
							"size": [0.25, 0.2, 0.0828],
							"pivot": [-0.11623, 1.48649, -7.07498],
							"rotation": [112.5, 0, -5],
							"uv": {
								"west": {"uv": [4, 1], "uv_size": [1, 1]}
							}
						},
						{
							"origin": [0.5437, 1.38649, -7.11638],
							"size": [0.25, 0.2, 0.0828],
							"pivot": [-0.11623, 1.48649, -7.07498],
							"rotation": [67.5, 0, -5],
							"uv": {
								"west": {"uv": [4, 1], "uv_size": [1, 1]}
							}
						},
						{
							"origin": [-0.35, 2.1, -7.5],
							"size": [0.1, 0.5, 0.5],
							"pivot": [-0.35, 2.1, -7.125],
							"rotation": [0, 0, 10],
							"uv": {
								"north": {"uv": [8, 1], "uv_size": [1, 1]},
								"east": {"uv": [8, 1], "uv_size": [1, 1]},
								"west": {"uv": [8, 1], "uv_size": [1, 1]}
							}
						},
						{
							"origin": [-0.26394, 1.98372, -7.2],
							"size": [0.1, 0.6, 0.2],
							"pivot": [-0.21394, 2.58372, -7],
							"rotation": [22.5, 0, 10],
							"uv": {
								"east": {"uv": [8, 1], "uv_size": [1, 1]},
								"south": {"uv": [6, 1], "uv_size": [1, 1]},
								"west": {"uv": [8, 1], "uv_size": [1, 1]}
							}
						},
						{
							"origin": [-0.3, 1.825, -6.75],
							"size": [0.2, 0.25, 0.45],
							"pivot": [0.05, 2.075, -6.75],
							"rotation": [-15, 0, 0],
							"uv": {
								"east": {"uv": [7, 4], "uv_size": [-1, 1]},
								"south": {"uv": [5, 4], "uv_size": [-1, 1]},
								"west": {"uv": [7, 4], "uv_size": [-1, 1]},
								"up": {"uv": [6, 5], "uv_size": [1, -1]}
							}
						},
						{
							"origin": [-0.35, 1.92322, -7.5],
							"size": [0.17678, 0.17678, 0.75],
							"pivot": [-0.35, 2.1, -7.125],
							"rotation": [0, 0, 45],
							"uv": {
								"north": {"uv": [11, 1], "uv_size": [-1, 1]},
								"east": {"uv": [13, 1], "uv_size": [-1, 1]},
								"south": {"uv": [9, 1], "uv_size": [-1, 1]},
								"down": {"uv": [10, 2], "uv_size": [1, -1]}
							}
						},
						{
							"origin": [-0.6, 0.725, -7.5],
							"size": [0.45, 0.25, 0.85],
							"pivot": [0, 0.725, -7.5],
							"rotation": [-22.5, 0, 0],
							"uv": {
								"north": {"uv": [9, 1], "uv_size": [-1, 1]},
								"west": {"uv": [7, 1], "uv_size": [-1, 1]},
								"down": {"uv": [10, 2], "uv_size": [1, -1]}
							}
						},
						{
							"origin": [-0.3, 0.425, -7.35],
							"size": [0.1, 0.475, 2],
							"uv": {
								"north": {"uv": [7, 1], "uv_size": [-1, 1]},
								"east": {"uv": [7, 1], "uv_size": [-1, 1]},
								"south": {"uv": [7, 1], "uv_size": [-1, 1]},
								"west": {"uv": [7, 1], "uv_size": [-1, 1]}
							}
						},
						{
							"origin": [-0.3, 0.17751, -7.35],
							"size": [0.1, 0.24749, 2],
							"pivot": [-0.3, 0.425, -6.35],
							"rotation": [0, 0, -45],
							"uv": {
								"north": {"uv": [6, 1], "uv_size": [1, 1]},
								"east": {"uv": [6, 1], "uv_size": [1, 1]},
								"south": {"uv": [6, 1], "uv_size": [1, 1]},
								"west": {"uv": [6, 1], "uv_size": [1, 1]}
							}
						},
						{
							"origin": [-0.77855, 1.65, -7.75],
							"size": [0.42855, 0.2, 0.5],
							"pivot": [-0.35, 1.85, -7.5],
							"rotation": [0, 0, -45],
							"uv": {
								"north": {"uv": [13, 1], "uv_size": [-1, 1]},
								"up": {"uv": [12, 2], "uv_size": [1, -1]},
								"down": {"uv": [12, 2], "uv_size": [1, -1]}
							}
						},
						{
							"origin": [-0.65, 0.525, -7.75],
							"size": [0.2, 1.025, 0.75],
							"pivot": [-0.65, 1.55, -7.5],
							"rotation": [0, 0, 2.5],
							"uv": {
								"north": {"uv": [13, 1], "uv_size": [-1, 1]},
								"east": {"uv": [13, 1], "uv_size": [-1, 1]},
								"west": {"uv": [13, 1], "uv_size": [-1, 1]}
							}
						},
						{
							"origin": [-0.69483, 0.52052, -7.75],
							"size": [0.2, 0.35, 1.05],
							"pivot": [-0.56983, 0.52052, -7.75],
							"rotation": [-22.5, 0, 2.5],
							"uv": {
								"east": {"uv": [13, 1], "uv_size": [-1, 1]},
								"south": {"uv": [13, 1], "uv_size": [-1, 1]},
								"west": {"uv": [13, 1], "uv_size": [-1, 1]},
								"down": {"uv": [12, 2], "uv_size": [1, -1]}
							}
						},
						{
							"origin": [-0.65, 0.45, -2],
							"size": [0.35, 1.25, 2.25],
							"pivot": [-0.65, 1.95, -7.25],
							"rotation": [0, 0, 5],
							"uv": {
								"east": {"uv": [13, 1], "uv_size": [-1, 1]},
								"west": {"uv": [13, 1], "uv_size": [-1, 1]},
								"down": {"uv": [12, 2], "uv_size": [1, -1]}
							}
						},
						{
							"origin": [-0.65067, 1.63475, -0.8],
							"size": [0.35, 0.3, 1.05],
							"inflate": 0.0001,
							"pivot": [-0.47567, 1.93475, -0.75],
							"rotation": [-5, 0, 5],
							"uv": {
								"east": {"uv": [15, 1], "uv_size": [-1, 1]},
								"up": {"uv": [12, 2], "uv_size": [1, -1]}
							}
						},
						{
							"origin": [-0.55067, 1.68475, -0.75],
							"size": [0.15, 0.25, 0.8],
							"pivot": [-0.47567, 1.93475, -0.75],
							"rotation": [0, 0, 5],
							"uv": {
								"east": {"uv": [5, 4], "uv_size": [-1, 1]},
								"west": {"uv": [5, 4], "uv_size": [-1, 1]},
								"up": {"uv": [4, 5], "uv_size": [1, -1]}
							}
						},
						{
							"origin": [-0.55067, 1.83475, 0.05],
							"size": [0.15, 0.1, 0.25],
							"pivot": [-0.47567, 1.93475, 0.05],
							"rotation": [-22.5, 0, 5],
							"uv": {
								"east": {"uv": [5, 4], "uv_size": [-1, 1]},
								"south": {"uv": [5, 4], "uv_size": [-1, 1]},
								"west": {"uv": [5, 4], "uv_size": [-1, 1]},
								"up": {"uv": [4, 5], "uv_size": [1, -1]}
							}
						},
						{
							"origin": [-0.67348, 1.57554, -0.62675],
							"size": [0.25, 0.25, 0.1036],
							"pivot": [-0.02098, 1.70054, -0.57495],
							"rotation": [-22.5, 0, 5],
							"uv": {
								"east": {"uv": [7, 1], "uv_size": [-1, 1]}
							}
						},
						{
							"origin": [-0.67348, 1.57554, -0.62675],
							"size": [0.25, 0.25, 0.1036],
							"pivot": [-0.02098, 1.70054, -0.57495],
							"rotation": [-67.5, 0, 5],
							"uv": {
								"east": {"uv": [7, 1], "uv_size": [-1, 1]}
							}
						},
						{
							"origin": [-0.67348, 1.57554, -0.62675],
							"size": [0.25, 0.25, 0.1036],
							"pivot": [-0.02098, 1.70054, -0.57495],
							"rotation": [-112.5, 0, 5],
							"uv": {
								"east": {"uv": [7, 1], "uv_size": [-1, 1]}
							}
						},
						{
							"origin": [-0.67348, 1.57554, -0.62675],
							"size": [0.25, 0.25, 0.1036],
							"pivot": [-0.02098, 1.70054, -0.57495],
							"rotation": [22.5, 0, 5],
							"uv": {
								"east": {"uv": [7, 1], "uv_size": [-1, 1]}
							}
						},
						{
							"origin": [-1.225, 0.2, -3],
							"size": [0.1, 0.25, 0.5],
							"pivot": [-1.225, 1.95, -7.25],
							"rotation": [0, 0, -10],
							"uv": {
								"east": {"uv": [13, 1], "uv_size": [-1, 1]},
								"west": {"uv": [13, 1], "uv_size": [-1, 1]},
								"up": {"uv": [12, 2], "uv_size": [1, -1]}
							}
						},
						{
							"origin": [-1.225, -0.05, -6.5],
							"size": [0.1, 0.5, 1.75],
							"pivot": [-1.225, 1.95, -7.25],
							"rotation": [0, 0, -10],
							"uv": {
								"east": {"uv": [13, 1], "uv_size": [-1, 1]},
								"west": {"uv": [13, 1], "uv_size": [-1, 1]},
								"up": {"uv": [12, 2], "uv_size": [1, -1]},
								"down": {"uv": [12, 2], "uv_size": [1, -1]}
							}
						},
						{
							"origin": [-0.96529, 0.13147, -5],
							"size": [0.1, 0.35, 0.25],
							"pivot": [-0.91529, 0.48147, -4.75],
							"rotation": [45, 0, -10],
							"uv": {
								"east": {"uv": [13, 1], "uv_size": [-1, 1]},
								"south": {"uv": [11, 1], "uv_size": [-1, 1]},
								"west": {"uv": [13, 1], "uv_size": [-1, 1]}
							}
						},
						{
							"origin": [-0.96529, 0.13147, -3],
							"size": [0.1, 0.35, 0.25],
							"pivot": [-0.91529, 0.48147, -3],
							"rotation": [-45, 0, -10],
							"uv": {
								"north": {"uv": [10, 1], "uv_size": [1, 1]},
								"east": {"uv": [12, 1], "uv_size": [1, 1]}
							}
						},
						{
							"origin": [-1.225, -0.05, -4.75],
							"size": [0.1, 0.25, 2.75],
							"pivot": [-1.225, 1.95, -7.25],
							"rotation": [0, 0, -10],
							"uv": {
								"east": {"uv": [13, 1], "uv_size": [-1, 1]},
								"west": {"uv": [13, 1], "uv_size": [-1, 1]},
								"down": {"uv": [12, 2], "uv_size": [1, -1]}
							}
						},
						{
							"origin": [-0.92112, 0.22659, -4.75],
							"size": [0.1, 0.25, 1.75],
							"pivot": [-0.92112, 0.22659, -3.875],
							"rotation": [0, 0, 12.5],
							"uv": {
								"north": {"uv": [13, 1], "uv_size": [-1, 1]},
								"east": {"uv": [13, 1], "uv_size": [-1, 1]},
								"south": {"uv": [13, 1], "uv_size": [-1, 1]},
								"west": {"uv": [13, 1], "uv_size": [-1, 1]},
								"up": {"uv": [12, 2], "uv_size": [1, -1]}
							}
						},
						{
							"origin": [-1.125, 0.15, -6.5],
							"size": [0.1, 0.2, 4],
							"pivot": [-1.225, 1.95, -7.25],
							"rotation": [0, 0, -10],
							"uv": {
								"north": {"uv": [5, 1], "uv_size": [-1, 1]},
								"east": {"uv": [5, 1], "uv_size": [-1, 1]},
								"south": {"uv": [5, 1], "uv_size": [-1, 1]},
								"west": {"uv": [5, 1], "uv_size": [-1, 1]},
								"up": {"uv": [4, 2], "uv_size": [1, -1]},
								"down": {"uv": [4, 2], "uv_size": [1, -1]}
							}
						},
						{
							"origin": [-0.75, 0.575, -4],
							"size": [0.25, 0.3, 1],
							"uv": {
								"east": {"uv": [5, 4], "uv_size": [-1, 1]},
								"up": {"uv": [4, 5], "uv_size": [1, -1]},
								"down": {"uv": [4, 5], "uv_size": [1, -1]}
							}
						},
						{
							"origin": [-0.75, 0.575, -3],
							"size": [0.25, 0.21213, 0.21213],
							"pivot": [-0.625, 0.575, -3],
							"rotation": [45, 0, 0],
							"uv": {
								"east": {"uv": [5, 4], "uv_size": [-1, 1]},
								"south": {"uv": [5, 4], "uv_size": [-1, 1]},
								"down": {"uv": [4, 5], "uv_size": [1, -1]}
							}
						},
						{
							"origin": [-0.7625, 0.62498, -3.09963],
							"size": [0.25, 0.2, 0.0828],
							"pivot": [0.13997, 0.72498, -3.05823],
							"rotation": [112.5, 0, 0],
							"uv": {
								"east": {"uv": [5, 1], "uv_size": [-1, 1]}
							}
						},
						{
							"origin": [-0.7625, 0.62498, -3.09963],
							"size": [0.25, 0.2, 0.0828],
							"pivot": [0.13997, 0.72498, -3.05823],
							"rotation": [67.5, 0, 0],
							"uv": {
								"east": {"uv": [5, 1], "uv_size": [-1, 1]}
							}
						},
						{
							"origin": [-0.7625, 0.62498, -3.09963],
							"size": [0.25, 0.2, 0.0828],
							"pivot": [0.13997, 0.72498, -3.05823],
							"rotation": [22.5, 0, 0],
							"uv": {
								"east": {"uv": [5, 1], "uv_size": [-1, 1]}
							}
						},
						{
							"origin": [-0.7625, 0.62498, -3.09963],
							"size": [0, 0.2, 0.0828],
							"pivot": [0.13997, 0.72498, -3.05823],
							"rotation": [-22.5, 0, 0],
							"uv": {
								"east": {"uv": [5, 1], "uv_size": [-1, 1]}
							}
						},
						{
							"origin": [-0.75, 0.575, -4.5],
							"size": [0.25, 0.3, 0.5],
							"pivot": [-0.75, 0.725, -4],
							"rotation": [0, -22.5, 0],
							"uv": {
								"east": {"uv": [7, 4], "uv_size": [-1, 1]},
								"up": {"uv": [4, 5], "uv_size": [1, -1]},
								"down": {"uv": [4, 5], "uv_size": [1, -1]}
							}
						},
						{
							"origin": [-1.225, -0.68477, -7.32246],
							"size": [0.1, 0.5, 0.2],
							"pivot": [-1.225, 1.95, -7.25],
							"rotation": [22.5, 0, -10],
							"uv": {
								"north": {"uv": [13, 1], "uv_size": [-1, 1]},
								"east": {"uv": [13, 1], "uv_size": [-1, 1]},
								"south": {"uv": [13, 1], "uv_size": [-1, 1]},
								"west": {"uv": [13, 1], "uv_size": [-1, 1]}
							}
						},
						{
							"origin": [-1.225, -0.51194, -6.30866],
							"size": [0.1, 0.2, 1.11732],
							"pivot": [-1.225, 1.95, -7.25],
							"rotation": [0, 0, -10],
							"uv": {
								"east": {"uv": [13, 1], "uv_size": [-1, 1]},
								"west": {"uv": [13, 1], "uv_size": [-1, 1]},
								"up": {"uv": [12, 2], "uv_size": [1, -1]},
								"down": {"uv": [12, 2], "uv_size": [1, -1]}
							}
						},
						{
							"origin": [-1.225, 0.46328, -4.6059],
							"size": [0.1, 0.5, 0.2],
							"pivot": [-1.225, 1.95, -7.25],
							"rotation": [-22.5, 0, -10],
							"uv": {
								"north": {"uv": [12, 1], "uv_size": [1, 1]},
								"east": {"uv": [12, 1], "uv_size": [1, 1]},
								"south": {"uv": [12, 1], "uv_size": [1, 1]},
								"west": {"uv": [12, 1], "uv_size": [1, 1]}
							}
						},
						{
							"origin": [-1.225, 0.38925, -5.98307],
							"size": [0.1, 0.46194, 0.19134],
							"pivot": [-1.225, 1.95, -7.25],
							"rotation": [-22.5, 0, -10],
							"uv": {
								"north": {"uv": [13, 1], "uv_size": [-1, 1]},
								"east": {"uv": [13, 1], "uv_size": [-1, 1]},
								"west": {"uv": [13, 1], "uv_size": [-1, 1]},
								"down": {"uv": [12, 2], "uv_size": [1, -1]}
							}
						},
						{
							"origin": [-1.225, 2.11133, -2.28755],
							"size": [0.1, 0.2706, 0.65328],
							"pivot": [-1.225, 1.95, -7.25],
							"rotation": [-22.5, 0, -10],
							"uv": {
								"east": {"uv": [13, 1], "uv_size": [-1, 1]},
								"west": {"uv": [13, 1], "uv_size": [-1, 1]},
								"up": {"uv": [12, 2], "uv_size": [1, -1]}
							}
						},
						{
							"origin": [-0.75573, 0.40571, -2.25],
							"size": [0.3, 0.05, 2.5],
							"pivot": [-0.75573, 0.45571, -0.875],
							"rotation": [0, 0, -17.5],
							"uv": {
								"east": {"uv": [11, 1], "uv_size": [-1, 1]},
								"south": {"uv": [13, 1], "uv_size": [-1, 1]},
								"west": {"uv": [13, 1], "uv_size": [-1, 1]}
							}
						},
						{
							"origin": [-0.75227, 0.4832, -2.25],
							"size": [0.3, 0.1, 2.5],
							"pivot": [-0.50227, 0.4832, 0.25],
							"rotation": [5, 0, -17.5],
							"uv": {
								"east": {"uv": [11, 1], "uv_size": [-1, 1]},
								"south": {"uv": [13, 1], "uv_size": [-1, 1]},
								"west": {"uv": [13, 1], "uv_size": [-1, 1]},
								"down": {"uv": [12, 2], "uv_size": [1, -1]}
							}
						},
						{
							"origin": [-0.75227, 0.5832, -2.25],
							"size": [0.3, 0.11, 1.375],
							"pivot": [-0.50227, 0.4832, 0.25],
							"rotation": [5, 0, -17.5],
							"uv": {
								"east": {"uv": [11, 1], "uv_size": [-1, 1]},
								"west": {"uv": [13, 1], "uv_size": [-1, 1]}
							}
						},
						{
							"origin": [-0.65, 3.43431, -0.29107],
							"size": [0.35, 1.30384, 0.54419],
							"pivot": [-0.65, 1.95, -7.25],
							"rotation": [-22.5, 0, 5],
							"uv": {
								"east": {"uv": [13, 1], "uv_size": [-1, 1]},
								"south": {"uv": [13, 1], "uv_size": [-1, 1]},
								"west": {"uv": [13, 1], "uv_size": [-1, 1]},
								"down": {"uv": [12, 2], "uv_size": [1, -1]}
							}
						},
						{
							"origin": [-0.65, 4.43815, -0.29107],
							"size": [0.35, 0.3, 0.54419],
							"inflate": 0.0001,
							"pivot": [-0.65, 1.95, -7.25],
							"rotation": [-22.5, 0, 5],
							"uv": {
								"east": {"uv": [15, 1], "uv_size": [-1, 1]},
								"south": {"uv": [13, 1], "uv_size": [-1, 1]},
								"west": {"uv": [13, 1], "uv_size": [-1, 1]},
								"up": {"uv": [14, 2], "uv_size": [1, -1]}
							}
						},
						{
							"origin": [-0.77469, 0.43596, 0.08362],
							"size": [0.25, 0.2, 0.0828],
							"pivot": [0.11528, 0.53596, 0.12502],
							"rotation": [112.5, 0, 5],
							"uv": {
								"east": {"uv": [5, 1], "uv_size": [-1, 1]}
							}
						},
						{
							"origin": [-0.77469, 0.43596, 0.08362],
							"size": [0.25, 0.2, 0.0828],
							"pivot": [0.11528, 0.53596, 0.12502],
							"rotation": [67.5, 0, 5],
							"uv": {
								"east": {"uv": [5, 1], "uv_size": [-1, 1]}
							}
						},
						{
							"origin": [-0.77469, 0.43596, 0.08362],
							"size": [0.25, 0.2, 0.0828],
							"pivot": [0.11528, 0.53596, 0.12502],
							"rotation": [22.5, 0, 5],
							"uv": {
								"east": {"uv": [5, 1], "uv_size": [-1, 1]}
							}
						},
						{
							"origin": [-0.77469, 0.43596, 0.08362],
							"size": [0, 0.2, 0.0828],
							"pivot": [0.11528, 0.53596, 0.12502],
							"rotation": [-22.5, 0, 5],
							"uv": {
								"east": {"uv": [5, 1], "uv_size": [-1, 1]}
							}
						},
						{
							"origin": [-0.75, 4.2481, -2.72703],
							"size": [0.25, 2.12132, 0.25],
							"inflate": 0.0001,
							"pivot": [-0.5, 1.95, -7.25],
							"rotation": [-45, 0, 5],
							"uv": {
								"east": {"uv": [8, 1], "uv_size": [-1, 1]},
								"south": {"uv": [7, 1], "uv_size": [-1, 1]},
								"down": {"uv": [8, 2], "uv_size": [1, -1]}
							}
						},
						{
							"origin": [-0.85535, 0.63176, -2.375],
							"size": [0.25, 0.25, 0.25],
							"pivot": [-0.85535, 0.75676, -2.25],
							"rotation": [-45, 0, 5.25],
							"uv": {
								"east": {"uv": [13, 1], "uv_size": [-1, 1]}
							}
						},
						{
							"origin": [-0.75, 4.4981, -3.32703],
							"size": [0.25, 0.25, 0.25],
							"pivot": [-0.5, 1.95, -7.25],
							"rotation": [-45, 0, 5],
							"uv": {
								"east": {"uv": [9, 1], "uv_size": [-1, 1]}
							}
						},
						{
							"origin": [-0.75, 4.2481, -3.62703],
							"size": [0.25, 0.25, 0.9],
							"inflate": -0.0001,
							"pivot": [-0.5, 1.95, -7.25],
							"rotation": [-45, 0, 5],
							"uv": {
								"east": {"uv": [8, 1], "uv_size": [-1, 1]},
								"down": {"uv": [6, 2], "uv_size": [1, -1]}
							}
						},
						{
							"origin": [-0.75, 0.95, -7],
							"size": [0.25, 0.75, 5.5],
							"pivot": [-0.5, 1.95, -7.25],
							"rotation": [0, 0, 5],
							"uv": {
								"east": {"uv": [9, 1], "uv_size": [-1, 1]},
								"down": {"uv": [8, 2], "uv_size": [1, -1]}
							}
						},
						{
							"origin": [-0.8372, 0.93911, -6.37145],
							"size": [0.25, 0.2, 0.0828],
							"pivot": [0.06272, 1.03911, -6.33005],
							"rotation": [67.5, 0, 5],
							"uv": {
								"east": {"uv": [5, 1], "uv_size": [-1, 1]}
							}
						},
						{
							"origin": [-0.8372, 0.93911, -6.37145],
							"size": [0.25, 0.2, 0.0828],
							"pivot": [0.06272, 1.03911, -6.33005],
							"rotation": [112.5, 0, 5],
							"uv": {
								"east": {"uv": [5, 1], "uv_size": [-1, 1]}
							}
						},
						{
							"origin": [-0.8372, 0.93911, -6.37145],
							"size": [0, 0.2, 0.0828],
							"pivot": [0.06272, 1.03911, -6.33005],
							"rotation": [-22.5, 0, 5],
							"uv": {
								"east": {"uv": [5, 1], "uv_size": [-1, 1]}
							}
						},
						{
							"origin": [-0.8372, 0.93911, -6.37145],
							"size": [0.25, 0.2, 0.0828],
							"pivot": [0.06272, 1.03911, -6.33005],
							"rotation": [22.5, 0, 5],
							"uv": {
								"east": {"uv": [5, 1], "uv_size": [-1, 1]}
							}
						},
						{
							"origin": [-0.85355, 1.7, -7.25],
							"size": [0.35355, 0.25, 4.5],
							"pivot": [-0.5, 1.95, -7.25],
							"rotation": [0, 0, -40],
							"uv": {
								"north": {"uv": [9, 1], "uv_size": [-1, 1]},
								"up": {"uv": [12, 2], "uv_size": [1, -1]}
							}
						},
						{
							"origin": [-0.75, 1.7, -2.75],
							"size": [0.25, 0.25, 2],
							"inflate": 0.0002,
							"pivot": [-0.5, 1.95, -7.25],
							"rotation": [0, 0, 5],
							"uv": {
								"east": {"uv": [11, 1], "uv_size": [-1, 1]},
								"south": {"uv": [11, 1], "uv_size": [-1, 1]},
								"up": {"uv": [9, 2], "uv_size": [1, -1]}
							}
						},
						{
							"origin": [0.5, 1.7, -2.75],
							"size": [0.25, 0.25, 2],
							"inflate": 0.0002,
							"pivot": [0.5, 1.95, -7.25],
							"rotation": [0, 0, -5],
							"uv": {
								"south": {"uv": [10, 1], "uv_size": [1, 1]},
								"west": {"uv": [10, 1], "uv_size": [1, 1]},
								"up": {"uv": [10, 2], "uv_size": [-1, -1]}
							}
						},
						{
							"origin": [-0.7718, 1.63727, -2.79142],
							"size": [0.25, 0.2, 0.0828],
							"pivot": [0.11817, 1.73727, -2.75002],
							"rotation": [112.5, 0, 5],
							"uv": {
								"east": {"uv": [5, 1], "uv_size": [-1, 1]}
							}
						},
						{
							"origin": [-0.7718, 1.63727, -2.79142],
							"size": [0.25, 0.2, 0.0828],
							"pivot": [0.11817, 1.73727, -2.75002],
							"rotation": [67.5, 0, 5],
							"uv": {
								"east": {"uv": [5, 1], "uv_size": [-1, 1]}
							}
						},
						{
							"origin": [-0.7718, 1.63727, -2.79142],
							"size": [0, 0.2, 0.0828],
							"pivot": [0.11817, 1.73727, -2.75002],
							"rotation": [-22.5, 0, 5],
							"uv": {
								"east": {"uv": [5, 1], "uv_size": [-1, 1]}
							}
						},
						{
							"origin": [-0.7718, 1.63727, -2.79142],
							"size": [0.25, 0.2, 0.0828],
							"pivot": [0.11817, 1.73727, -2.75002],
							"rotation": [22.5, 0, 5],
							"uv": {
								"east": {"uv": [5, 1], "uv_size": [-1, 1]}
							}
						},
						{
							"origin": [-0.74905, 1.72179, -4.25],
							"size": [0.25, 0.25, 1.5],
							"pivot": [-0.74905, 1.97179, -2.75],
							"rotation": [0, -10, 5],
							"uv": {
								"up": {"uv": [9, 2], "uv_size": [1, -1]}
							}
						},
						{
							"origin": [-0.74905, 1.94679, -4.25],
							"size": [0.25, 0.025, 1.45],
							"pivot": [-0.74905, 1.97179, -2.75],
							"rotation": [-3.86032, -9.23186, 27.81179],
							"uv": {
								"east": {"uv": [13, 1], "uv_size": [-1, 1]}
							}
						},
						{
							"origin": [-0.74905, 1.89679, -4.25],
							"size": [0.25, 0.05, 1.325],
							"pivot": [-0.74905, 1.97179, -2.75],
							"rotation": [-3.86032, -9.23186, 27.81179],
							"uv": {
								"east": {"uv": [13, 1], "uv_size": [-1, 1]}
							}
						},
						{
							"origin": [-0.74905, 1.77179, -4.25],
							"size": [0.25, 0.125, 1.05],
							"pivot": [-0.74905, 1.97179, -2.75],
							"rotation": [-3.86032, -9.23186, 27.81179],
							"uv": {
								"east": {"uv": [13, 1], "uv_size": [-1, 1]}
							}
						},
						{
							"origin": [-0.74905, 1.97179, -3.45],
							"size": [0.25, 0.025, 0.64],
							"pivot": [-0.74905, 1.97179, -2.75],
							"rotation": [20.63968, -9.23186, 27.81179],
							"uv": {
								"east": {"uv": [13, 1], "uv_size": [-1, 1]}
							}
						},
						{
							"origin": [-0.74905, 1.99679, -3.475],
							"size": [0.25, 0.025, 0.615],
							"pivot": [-0.74905, 1.97179, -2.75],
							"rotation": [20.63968, -9.23186, 27.81179],
							"uv": {
								"east": {"uv": [13, 1], "uv_size": [-1, 1]}
							}
						},
						{
							"origin": [-0.74905, 2.02179, -3.55],
							"size": [0.25, 0.075, 0.515],
							"pivot": [-0.74905, 1.97179, -2.75],
							"rotation": [20.63968, -9.23186, 27.81179],
							"uv": {
								"east": {"uv": [13, 1], "uv_size": [-1, 1]}
							}
						},
						{
							"origin": [-0.74905, 2.09679, -3.675],
							"size": [0.25, 0.1, 0.415],
							"pivot": [-0.74905, 1.97179, -2.75],
							"rotation": [20.63968, -9.23186, 27.81179],
							"uv": {
								"east": {"uv": [13, 1], "uv_size": [-1, 1]}
							}
						},
						{
							"origin": [-0.75, -0.02208, -4.09254],
							"size": [0.25, 0.25, 1],
							"inflate": -0.0001,
							"pivot": [-0.5, 1.95, -7.25],
							"rotation": [22.5, 0, 5],
							"uv": {
								"east": {"uv": [11, 1], "uv_size": [-1, 1]}
							}
						},
						{
							"origin": [-0.77796, 0.23744, -7],
							"size": [0.15, 0.75, 2.5],
							"pivot": [-0.5, 1.95, -7.25],
							"rotation": [0, 0, -5],
							"uv": {
								"east": {"uv": [7, 1], "uv_size": [-1, 1]},
								"west": {"uv": [7, 1], "uv_size": [-1, 1]},
								"down": {"uv": [6, 2], "uv_size": [1, -1]}
							}
						},
						{
							"origin": [-0.77796, 1.42018, -4.55396],
							"size": [0.25, 0.85, 0.5],
							"pivot": [-0.5, 1.95, -7.25],
							"rotation": [-22.5, 0, -5],
							"uv": {
								"east": {"uv": [7, 1], "uv_size": [-1, 1]},
								"south": {"uv": [7, 1], "uv_size": [-1, 1]}
							}
						},
						{
							"origin": [-0.79358, 0.44478, -6.46852],
							"size": [0.25, 1, 0.25],
							"pivot": [-0.54358, 1.4519, -7.25],
							"rotation": [-26.5, 0, 5],
							"uv": {
								"east": {"uv": [8, 1], "uv_size": [1, 1]},
								"south": {"uv": [6, 1], "uv_size": [1, 1]},
								"down": {"uv": [8, 1], "uv_size": [1, 1]}
							}
						},
						{
							"origin": [-0.79358, 0.94478, -6.61852],
							"size": [0.25, 0.5, 0.15],
							"pivot": [-0.54358, 1.4519, -7.25],
							"rotation": [-26.5, 0, 5],
							"uv": {
								"east": {"uv": [8, 1], "uv_size": [1, 1]}
							}
						},
						{
							"origin": [-0.75, 0.2, -7],
							"size": [0.25, 0.75, 0.25],
							"pivot": [-0.5, 1.95, -7.25],
							"rotation": [0, 0, 5],
							"uv": {
								"north": {"uv": [9, 1], "uv_size": [-1, 1]},
								"east": {"uv": [9, 1], "uv_size": [-1, 1]}
							}
						},
						{
							"origin": [-0.76089, 0.88353, -7.69194],
							"size": [0.25, 0.5, 0.25],
							"pivot": [-0.51089, 1.82548, -7.25],
							"rotation": [45, 0, 5],
							"uv": {
								"north": {"uv": [9, 1], "uv_size": [-1, 1]},
								"east": {"uv": [9, 1], "uv_size": [-1, 1]}
							}
						},
						{
							"origin": [-0.75, 1.2, -7.25],
							"size": [0.25, 0.5, 0.25],
							"pivot": [-0.5, 1.95, -7.25],
							"rotation": [0, 0, 5],
							"uv": {
								"north": {"uv": [9, 1], "uv_size": [-1, 1]},
								"east": {"uv": [9, 1], "uv_size": [-1, 1]}
							}
						},
						{
							"origin": [-0.7937, 1.38649, -7.11638],
							"size": [0.25, 0.2, 0.0828],
							"pivot": [0.11623, 1.48649, -7.07498],
							"rotation": [22.5, 0, 5],
							"uv": {
								"east": {"uv": [5, 1], "uv_size": [-1, 1]}
							}
						},
						{
							"origin": [-0.7937, 1.38649, -7.11638],
							"size": [0, 0.2, 0.0828],
							"pivot": [0.11623, 1.48649, -7.07498],
							"rotation": [-22.5, 0, 5],
							"uv": {
								"east": {"uv": [5, 1], "uv_size": [-1, 1]}
							}
						},
						{
							"origin": [-0.7937, 1.38649, -7.11638],
							"size": [0.25, 0.2, 0.0828],
							"pivot": [0.11623, 1.48649, -7.07498],
							"rotation": [112.5, 0, 5],
							"uv": {
								"east": {"uv": [5, 1], "uv_size": [-1, 1]}
							}
						},
						{
							"origin": [-0.7937, 1.38649, -7.11638],
							"size": [0.25, 0.2, 0.0828],
							"pivot": [0.11623, 1.48649, -7.07498],
							"rotation": [67.5, 0, 5],
							"uv": {
								"east": {"uv": [5, 1], "uv_size": [-1, 1]}
							}
						},
						{
							"origin": [-0.75, 4.4981, -3.07703],
							"size": [0.25, 1.62132, 0.35],
							"pivot": [-0.5, 1.95, -7.25],
							"rotation": [-45, 0, 5],
							"uv": {
								"east": {"uv": [9, 1], "uv_size": [-1, 1]}
							}
						}
					]
				},
				{
					"name": "housing_illuminated",
					"parent": "housing",
					"pivot": [0, -0.3, 0],
					"cubes": [
						{
							"origin": [-0.5, 0.75, -7.5],
							"size": [1, 0.9, 0.25],
							"uv": {
								"north": {"uv": [0, 1], "uv_size": [1, 1]}
							}
						}
					]
				},
				{
					"name": "ocular_ring",
					"parent": "bone",
					"pivot": [0, 1.2, 1],
					"cubes": [
						{
							"origin": [-0.75, 1.0508, 1],
							"size": [0.125, 0.2984, 0.25],
							"pivot": [0, 1.2, 0.75],
							"rotation": [0, 0, 135],
							"uv": {
								"north": {"uv": [12, 1], "uv_size": [1, 1]},
								"east": {"uv": [14, 1], "uv_size": [1, 1]},
								"south": {"uv": [12, 1], "uv_size": [1, 1]},
								"west": {"uv": [6, 1], "uv_size": [1, 1]}
							}
						},
						{
							"origin": [-0.75001, 1.0508, 1],
							"size": [0.125, 0.2984, 0.25],
							"pivot": [0, 1.2, 0.75],
							"rotation": [0, 0, -157.5],
							"uv": {
								"north": {"uv": [12, 1], "uv_size": [1, 1]},
								"east": {"uv": [12, 1], "uv_size": [1, 1]},
								"south": {"uv": [12, 1], "uv_size": [1, 1]},
								"west": {"uv": [6, 1], "uv_size": [1, 1]}
							}
						},
						{
							"origin": [-0.75001, 1.0508, 1],
							"size": [0.125, 0.2984, 0.25],
							"pivot": [0, 1.2, 0.75],
							"rotation": [0, 0, 157.5],
							"uv": {
								"north": {"uv": [12, 1], "uv_size": [1, 1]},
								"east": {"uv": [12, 1], "uv_size": [1, 1]},
								"south": {"uv": [12, 1], "uv_size": [1, 1]},
								"west": {"uv": [6, 1], "uv_size": [1, 1]}
							}
						},
						{
							"origin": [-0.75, 1.0508, 1],
							"size": [0.125, 0.1234, 0.25],
							"pivot": [0, 1.2, 0.75],
							"rotation": [0, 0, -180],
							"uv": {
								"north": {"uv": [12, 1], "uv_size": [1, 1]},
								"east": {"uv": [12, 1], "uv_size": [1, 1]},
								"south": {"uv": [12, 1], "uv_size": [1, 1]},
								"west": {"uv": [6, 1], "uv_size": [1, 1]},
								"up": {"uv": [7, 2], "uv_size": [-1, -1]}
							}
						},
						{
							"origin": [-0.75, 1.1508, 1],
							"size": [0.125, 0.0984, 0.225],
							"pivot": [0, 1.2, 0.75],
							"rotation": [0, 0, -180],
							"uv": {
								"north": {"uv": [12, 1], "uv_size": [1, 1]},
								"east": {"uv": [12, 1], "uv_size": [1, 1]},
								"south": {"uv": [6, 1], "uv_size": [1, 1]},
								"west": {"uv": [6, 1], "uv_size": [1, 1]}
							}
						},
						{
							"origin": [-0.75, 1.2258, 1],
							"size": [0.125, 0.1234, 0.25],
							"pivot": [0, 1.2, 0.75],
							"rotation": [0, 0, -180],
							"uv": {
								"north": {"uv": [12, 1], "uv_size": [1, 1]},
								"east": {"uv": [12, 1], "uv_size": [1, 1]},
								"south": {"uv": [12, 1], "uv_size": [1, 1]},
								"west": {"uv": [6, 1], "uv_size": [1, 1]},
								"down": {"uv": [7, 2], "uv_size": [-1, -1]}
							}
						},
						{
							"origin": [0.625, 1.0508, 1],
							"size": [0.125, 0.1234, 0.25],
							"pivot": [0, 1.2, 0.75],
							"rotation": [0, 0, 180],
							"uv": {
								"north": {"uv": [13, 1], "uv_size": [-1, 1]},
								"east": {"uv": [7, 1], "uv_size": [-1, 1]},
								"south": {"uv": [13, 1], "uv_size": [-1, 1]},
								"west": {"uv": [13, 1], "uv_size": [-1, 1]},
								"up": {"uv": [6, 2], "uv_size": [1, -1]}
							}
						},
						{
							"origin": [0.625, 1.2258, 1],
							"size": [0.125, 0.1234, 0.25],
							"pivot": [0, 1.2, 0.75],
							"rotation": [0, 0, 180],
							"uv": {
								"north": {"uv": [13, 1], "uv_size": [-1, 1]},
								"east": {"uv": [7, 1], "uv_size": [-1, 1]},
								"south": {"uv": [13, 1], "uv_size": [-1, 1]},
								"west": {"uv": [13, 1], "uv_size": [-1, 1]},
								"down": {"uv": [6, 2], "uv_size": [1, -1]}
							}
						},
						{
							"origin": [0.625, 1.1508, 1],
							"size": [0.125, 0.0984, 0.225],
							"pivot": [0, 1.2, 0.75],
							"rotation": [0, 0, 180],
							"uv": {
								"north": {"uv": [13, 1], "uv_size": [-1, 1]},
								"east": {"uv": [7, 1], "uv_size": [-1, 1]},
								"south": {"uv": [7, 1], "uv_size": [-1, 1]},
								"west": {"uv": [13, 1], "uv_size": [-1, 1]}
							}
						},
						{
							"origin": [-0.75001, 1.0508, 1],
							"size": [0.125, 0.2984, 0.25],
							"pivot": [0, 1.2, 0.75],
							"rotation": [0, 0, 112.5],
							"uv": {
								"north": {"uv": [12, 1], "uv_size": [1, 1]},
								"east": {"uv": [12, 1], "uv_size": [1, 1]},
								"south": {"uv": [12, 1], "uv_size": [1, 1]},
								"west": {"uv": [6, 1], "uv_size": [1, 1]}
							}
						},
						{
							"origin": [-0.75, 1.0508, 1],
							"size": [0.125, 0.2984, 0.25],
							"pivot": [0, 1.2, 0.75],
							"rotation": [0, 0, 90],
							"uv": {
								"north": {"uv": [12, 1], "uv_size": [1, 1]},
								"east": {"uv": [12, 1], "uv_size": [1, 1]},
								"south": {"uv": [12, 1], "uv_size": [1, 1]},
								"west": {"uv": [6, 1], "uv_size": [1, 1]}
							}
						},
						{
							"origin": [-0.75001, 1.0508, 1],
							"size": [0.125, 0.2984, 0.25],
							"pivot": [0, 1.2, 0.75],
							"rotation": [0, 0, 67.5],
							"uv": {
								"north": {"uv": [12, 1], "uv_size": [1, 1]},
								"east": {"uv": [12, 1], "uv_size": [1, 1]},
								"south": {"uv": [12, 1], "uv_size": [1, 1]},
								"west": {"uv": [6, 1], "uv_size": [1, 1]}
							}
						},
						{
							"origin": [-0.75, 1.0508, 1],
							"size": [0.125, 0.2984, 0.25],
							"pivot": [0, 1.2, 0.75],
							"rotation": [0, 0, 45],
							"uv": {
								"north": {"uv": [12, 1], "uv_size": [1, 1]},
								"east": {"uv": [14, 1], "uv_size": [1, 1]},
								"south": {"uv": [12, 1], "uv_size": [1, 1]},
								"west": {"uv": [6, 1], "uv_size": [1, 1]}
							}
						},
						{
							"origin": [-0.75001, 1.0508, 1],
							"size": [0.125, 0.2984, 0.25],
							"pivot": [0, 1.2, 0.75],
							"rotation": [0, 0, 22.5],
							"uv": {
								"north": {"uv": [12, 1], "uv_size": [1, 1]},
								"east": {"uv": [12, 1], "uv_size": [1, 1]},
								"south": {"uv": [12, 1], "uv_size": [1, 1]},
								"west": {"uv": [6, 1], "uv_size": [1, 1]}
							}
						},
						{
							"origin": [-0.75001, 1.0508, 1],
							"size": [0.125, 0.2984, 0.25],
							"pivot": [0, 1.2, 0.75],
							"rotation": [0, 0, -22.5],
							"uv": {
								"north": {"uv": [12, 1], "uv_size": [1, 1]},
								"east": {"uv": [12, 1], "uv_size": [1, 1]},
								"south": {"uv": [12, 1], "uv_size": [1, 1]},
								"west": {"uv": [6, 1], "uv_size": [1, 1]}
							}
						},
						{
							"origin": [-0.75, 1.0508, 1],
							"size": [0.125, 0.2984, 0.25],
							"pivot": [0, 1.2, 0.75],
							"rotation": [0, 0, -45],
							"uv": {
								"north": {"uv": [12, 1], "uv_size": [1, 1]},
								"east": {"uv": [10, 1], "uv_size": [1, 1]},
								"south": {"uv": [12, 1], "uv_size": [1, 1]},
								"west": {"uv": [6, 1], "uv_size": [1, 1]}
							}
						},
						{
							"origin": [-0.75001, 1.0508, 1],
							"size": [0.125, 0.2984, 0.25],
							"pivot": [0, 1.2, 0.75],
							"rotation": [0, 0, -67.5],
							"uv": {
								"north": {"uv": [12, 1], "uv_size": [1, 1]},
								"east": {"uv": [10, 1], "uv_size": [1, 1]},
								"south": {"uv": [12, 1], "uv_size": [1, 1]},
								"west": {"uv": [6, 1], "uv_size": [1, 1]}
							}
						},
						{
							"origin": [-0.75, 1.0508, 1],
							"size": [0.125, 0.2984, 0.25],
							"pivot": [0, 1.2, 0.75],
							"rotation": [0, 0, -90],
							"uv": {
								"north": {"uv": [12, 1], "uv_size": [1, 1]},
								"east": {"uv": [10, 1], "uv_size": [1, 1]},
								"south": {"uv": [12, 1], "uv_size": [1, 1]},
								"west": {"uv": [6, 1], "uv_size": [1, 1]}
							}
						},
						{
							"origin": [-0.75001, 1.0508, 1],
							"size": [0.125, 0.2984, 0.25],
							"pivot": [0, 1.2, 0.75],
							"rotation": [0, 0, -112.5],
							"uv": {
								"north": {"uv": [12, 1], "uv_size": [1, 1]},
								"east": {"uv": [10, 1], "uv_size": [1, 1]},
								"south": {"uv": [12, 1], "uv_size": [1, 1]},
								"west": {"uv": [6, 1], "uv_size": [1, 1]}
							}
						},
						{
							"origin": [-0.75, 1.0508, 1],
							"size": [0.125, 0.2984, 0.25],
							"pivot": [0, 1.2, 0.75],
							"rotation": [0, 0, -135],
							"uv": {
								"north": {"uv": [12, 1], "uv_size": [1, 1]},
								"east": {"uv": [10, 1], "uv_size": [1, 1]},
								"south": {"uv": [12, 1], "uv_size": [1, 1]},
								"west": {"uv": [6, 1], "uv_size": [1, 1]}
							}
						}
					]
				},
				{
					"name": "ocular",
					"parent": "bone",
					"pivot": [0, 1.20002, 1.125],
					"cubes": [
						{
							"origin": [-0.65, 0.9243, 1.125],
							"size": [1.3, 0.55144, 0],
							"pivot": [0, 1.20002, 1.125],
							"rotation": [0, 0, -90],
							"uv": {
								"south": {"uv": [2, 1], "uv_size": [1, 1]}
							}
						},
						{
							"origin": [-0.65, 0.9243, 1.125],
							"size": [1.3, 0.55144, 0],
							"pivot": [0, 1.20002, 1.125],
							"rotation": [0, 0, -45],
							"uv": {
								"south": {"uv": [2, 1], "uv_size": [1, 1]}
							}
						},
						{
							"origin": [-0.65, 0.9243, 1.125],
							"size": [1.3, 0.55144, 0],
							"pivot": [0, 1.20002, 1.125],
							"rotation": [0, 0, -135],
							"uv": {
								"south": {"uv": [2, 1], "uv_size": [1, 1]}
							}
						},
						{
							"origin": [-0.65, 0.9243, 1.125],
							"size": [1.3, 0.55144, 0],
							"pivot": [0, 1.20002, 1.125],
							"rotation": [0, 0, 180],
							"uv": {
								"south": {"uv": [2, 1], "uv_size": [1, 1]}
							}
						}
					]
				},
				{
					"name": "division",
					"parent": "bone",
					"pivot": [0, 1.2, -70]
				},
				{
					"name": "division_illuminated",
					"parent": "division",
					"pivot": [0, 1.2, -70],
					"cubes": [
						{
							"origin": [5, 1.075, -70.001],
							"size": [4, 0.25, 0],
							"pivot": [0, 1.2, -70],
							"rotation": [0, 0, 180],
							"uv": {
								"south": {"uv": [79, 4], "uv_size": [-1, 1]}
							}
						},
						{
							"origin": [4.26763, 1.80825, -70.001],
							"size": [0.25, 2, 0],
							"pivot": [0, 1.2, -70],
							"rotation": [0, 0, -150],
							"uv": {
								"south": {"uv": [79, 4], "uv_size": [-1, 1]}
							}
						},
						{
							"origin": [-4.21651, 2.68205, -70.001],
							"size": [1.5, 0.25, 0],
							"uv": {
								"south": {"uv": [79, 4], "uv_size": [-1, 1]}
							}
						},
						{
							"origin": [9.5, 0.575, -70.001],
							"size": [0.25, 1.25, 0],
							"pivot": [0, 1.2, -70],
							"rotation": [0, 0, -180],
							"uv": {
								"south": {"uv": [78, 4], "uv_size": [1, 1]}
							}
						},
						{
							"origin": [10, 0.575, -70.001],
							"size": [0.25, 1.25, 0],
							"pivot": [0, 1.2, -70],
							"rotation": [0, 0, -180],
							"uv": {
								"south": {"uv": [78, 4], "uv_size": [1, 1]}
							}
						},
						{
							"origin": [10.25, 0.575, -70.001],
							"size": [0.5, 0.25, 0],
							"pivot": [0, 1.2, -70],
							"rotation": [0, 0, -180],
							"uv": {
								"south": {"uv": [78, 4], "uv_size": [1, 1]}
							}
						},
						{
							"origin": [10.5, 1.075, -70.001],
							"size": [0.25, 0.75, 0],
							"pivot": [0, 1.2, -70],
							"rotation": [0, 0, -180],
							"uv": {
								"south": {"uv": [78, 4], "uv_size": [1, 1]}
							}
						},
						{
							"origin": [10.25, 1.075, -70.001],
							"size": [0.25, 0.25, 0],
							"pivot": [0, 1.2, -70],
							"rotation": [0, 0, -180],
							"uv": {
								"south": {"uv": [78, 4], "uv_size": [1, 1]}
							}
						},
						{
							"origin": [10.25, 1.575, -70.001],
							"size": [0.25, 0.25, 0],
							"pivot": [0, 1.2, -70],
							"rotation": [0, 0, -180],
							"uv": {
								"south": {"uv": [78, 4], "uv_size": [1, 1]}
							}
						},
						{
							"origin": [7.25, 0.575, -70.001],
							"size": [0.25, 0.5, 0],
							"pivot": [0, 1.2, -70],
							"rotation": [0, 0, 180],
							"uv": {
								"south": {"uv": [79, 4], "uv_size": [-1, 1]}
							}
						},
						{
							"origin": [8.75, 0.575, -70.001],
							"size": [0.25, 0.5, 0],
							"pivot": [0, 1.2, -70],
							"rotation": [0, 0, 180],
							"uv": {
								"south": {"uv": [79, 4], "uv_size": [-1, 1]}
							}
						},
						{
							"origin": [6.5, 0.825, -70.001],
							"size": [0.25, 0.25, 0],
							"pivot": [0, 1.2, -70],
							"rotation": [0, 0, 180],
							"uv": {
								"south": {"uv": [79, 4], "uv_size": [-1, 1]}
							}
						},
						{
							"origin": [8, 0.825, -70.001],
							"size": [0.25, 0.25, 0],
							"pivot": [0, 1.2, -70],
							"rotation": [0, 0, 180],
							"uv": {
								"south": {"uv": [79, 4], "uv_size": [-1, 1]}
							}
						},
						{
							"origin": [5.75, 0.575, -70.001],
							"size": [0.25, 0.5, 0],
							"pivot": [0, 1.2, -70],
							"rotation": [0, 0, 180],
							"uv": {
								"south": {"uv": [79, 4], "uv_size": [-1, 1]}
							}
						},
						{
							"origin": [-6.5, -0.3, -70.001],
							"size": [0.25, 3, 0],
							"pivot": [0, 1.2, -70],
							"rotation": [0, 0, -180],
							"uv": {
								"south": {"uv": [78, 4], "uv_size": [1, 1]}
							}
						},
						{
							"origin": [-7, -0.3, -70.001],
							"size": [0.25, 3, 0],
							"pivot": [0, 1.2, -70],
							"rotation": [0, 0, -180],
							"uv": {
								"south": {"uv": [78, 4], "uv_size": [1, 1]}
							}
						},
						{
							"origin": [-6.75, -0.3, -70.001],
							"size": [0.25, 0.25, 0],
							"pivot": [0, 1.2, -70],
							"rotation": [0, 0, -180],
							"uv": {
								"south": {"uv": [78, 4], "uv_size": [1, 1]}
							}
						},
						{
							"origin": [-6.75, 2.45, -70.001],
							"size": [0.25, 0.25, 0],
							"pivot": [0, 1.2, -70],
							"rotation": [0, 0, -180],
							"uv": {
								"south": {"uv": [78, 4], "uv_size": [1, 1]}
							}
						},
						{
							"origin": [-6.75, 0.7, -70.001],
							"size": [0.25, 1.75, 0],
							"pivot": [0, 1.2, -70],
							"rotation": [0, 0, -180],
							"uv": {
								"south": {"uv": [78, 1], "uv_size": [1, 1]}
							}
						},
						{
							"origin": [-1, 0.95, -70.001],
							"size": [1, 0.25, 0],
							"pivot": [0, 1.2, -70],
							"rotation": [0, 0, -45],
							"uv": {
								"south": {"uv": [78, 1], "uv_size": [1, 1]}
							}
						},
						{
							"origin": [-0.625, -0.3, -70.001],
							"size": [1.25, 0.25, 0],
							"uv": {
								"south": {"uv": [78, 1], "uv_size": [1, 1]}
							}
						},
						{
							"origin": [-0.375, -1.05, -70.001],
							"size": [0.75, 0.25, 0],
							"uv": {
								"south": {"uv": [78, 1], "uv_size": [1, 1]}
							}
						},
						{
							"origin": [-0.25, 0.2, -70.001],
							"size": [0.25, 1, 0],
							"pivot": [0, 1.2, -70],
							"rotation": [0, 0, -45],
							"uv": {
								"south": {"uv": [78, 1], "uv_size": [1, 1]}
							}
						},
						{
							"origin": [-0.9603, 10.7, -70.001],
							"size": [1.9206, 0.25, 0],
							"pivot": [0, 1.2, -70],
							"rotation": [0, 0, -123.75],
							"uv": {
								"south": {"uv": [78, 4], "uv_size": [1, 1]}
							}
						},
						{
							"origin": [-0.9603, 10.7, -70.001],
							"size": [1.9206, 0.25, 0],
							"pivot": [0, 1.2, -70],
							"rotation": [0, 0, -135],
							"uv": {
								"south": {"uv": [78, 4], "uv_size": [1, 1]}
							}
						},
						{
							"origin": [-0.9603, 10.7, -70.001],
							"size": [0.9206, 0.25, 0],
							"pivot": [0, 1.2, -70],
							"rotation": [0, 0, -101.25],
							"uv": {
								"south": {"uv": [78, 4], "uv_size": [1, 1]}
							}
						},
						{
							"origin": [-0.9603, 10.7, -70.001],
							"size": [1.9206, 0.25, 0],
							"pivot": [0, 1.2, -70],
							"rotation": [0, 0, -112.5],
							"uv": {
								"south": {"uv": [78, 4], "uv_size": [1, 1]}
							}
						},
						{
							"origin": [-0.9603, 10.7, -70.001],
							"size": [1.9206, 0.25, 0],
							"pivot": [0, 1.2, -70],
							"rotation": [0, 0, -146.25],
							"uv": {
								"south": {"uv": [78, 4], "uv_size": [1, 1]}
							}
						},
						{
							"origin": [-0.9603, 10.7, -70.001],
							"size": [1.9206, 0.25, 0],
							"pivot": [0, 1.2, -70],
							"rotation": [0, 0, -157.5],
							"uv": {
								"south": {"uv": [78, 4], "uv_size": [1, 1]}
							}
						},
						{
							"origin": [-0.9603, 10.7, -70.001],
							"size": [1.9206, 0.25, 0],
							"pivot": [0, 1.2, -70],
							"rotation": [0, 0, -168.75],
							"uv": {
								"south": {"uv": [78, 4], "uv_size": [1, 1]}
							}
						},
						{
							"origin": [-0.9603, 10.7, -70.001],
							"size": [1.9206, 0.25, 0],
							"pivot": [0, 1.2, -70],
							"rotation": [0, 0, 180],
							"uv": {
								"south": {"uv": [78, 4], "uv_size": [1, 1]}
							}
						},
						{
							"origin": [-0.9603, 10.7, -70.001],
							"size": [1.9206, 0.25, 0],
							"pivot": [0, 1.2, -70],
							"rotation": [0, 0, -56.25],
							"uv": {
								"south": {"uv": [78, 4], "uv_size": [1, 1]}
							}
						},
						{
							"origin": [-0.9603, 10.7, -70.001],
							"size": [1.9206, 0.25, 0],
							"pivot": [0, 1.2, -70],
							"rotation": [0, 0, -67.5],
							"uv": {
								"south": {"uv": [78, 4], "uv_size": [1, 1]}
							}
						},
						{
							"origin": [0.0397, 10.7, -70.001],
							"size": [0.9206, 0.25, 0],
							"pivot": [0, 1.2, -70],
							"rotation": [0, 0, -78.75],
							"uv": {
								"south": {"uv": [78, 4], "uv_size": [1, 1]}
							}
						},
						{
							"origin": [-10.05972, 3.0923, -70.001],
							"size": [0.75, 0.25, 0],
							"uv": {
								"south": {"uv": [78, 4], "uv_size": [1, 1]}
							}
						},
						{
							"origin": [-10.05972, -0.9423, -70.001],
							"size": [0.75, 0.25, 0],
							"uv": {
								"south": {"uv": [78, 4], "uv_size": [1, 1]}
							}
						},
						{
							"origin": [-0.9603, 10.7, -70.001],
							"size": [1.9206, 0.25, 0],
							"pivot": [0, 1.2, -70],
							"rotation": [0, 0, -33.75],
							"uv": {
								"south": {"uv": [78, 4], "uv_size": [1, 1]}
							}
						},
						{
							"origin": [-0.9603, 10.7, -70.001],
							"size": [1.9206, 0.25, 0],
							"pivot": [0, 1.2, -70],
							"rotation": [0, 0, -45],
							"uv": {
								"south": {"uv": [78, 4], "uv_size": [1, 1]}
							}
						},
						{
							"origin": [-0.9603, 10.7, -70.001],
							"size": [1.9206, 0.25, 0],
							"pivot": [0, 1.2, -70],
							"rotation": [0, 0, -11.25],
							"uv": {
								"south": {"uv": [78, 4], "uv_size": [1, 1]}
							}
						},
						{
							"origin": [-0.9603, 10.7, -70.001],
							"size": [1.9206, 0.25, 0],
							"pivot": [0, 1.2, -70],
							"rotation": [0, 0, -22.5],
							"uv": {
								"south": {"uv": [78, 4], "uv_size": [1, 1]}
							}
						},
						{
							"origin": [-0.9603, 10.7, -70.001],
							"size": [1.9206, 0.25, 0],
							"pivot": [0, 1.2, -70],
							"rotation": [0, 0, 123.75],
							"uv": {
								"south": {"uv": [78, 4], "uv_size": [1, 1]}
							}
						},
						{
							"origin": [-0.9603, 10.7, -70.001],
							"size": [1.9206, 0.25, 0],
							"pivot": [0, 1.2, -70],
							"rotation": [0, 0, 112.5],
							"uv": {
								"south": {"uv": [78, 4], "uv_size": [1, 1]}
							}
						},
						{
							"origin": [-0.9603, 10.7, -70.001],
							"size": [1.9206, 0.25, 0],
							"pivot": [0, 1.2, -70],
							"rotation": [0, 0, 146.25],
							"uv": {
								"south": {"uv": [78, 4], "uv_size": [1, 1]}
							}
						},
						{
							"origin": [-0.9603, 10.7, -70.001],
							"size": [1.9206, 0.25, 0],
							"pivot": [0, 1.2, -70],
							"rotation": [0, 0, 135],
							"uv": {
								"south": {"uv": [78, 4], "uv_size": [1, 1]}
							}
						},
						{
							"origin": [-0.9603, 10.7, -70.001],
							"size": [1.9206, 0.25, 0],
							"pivot": [0, 1.2, -70],
							"rotation": [0, 0, 168.75],
							"uv": {
								"south": {"uv": [78, 4], "uv_size": [1, 1]}
							}
						},
						{
							"origin": [-0.9603, 10.7, -70.001],
							"size": [1.9206, 0.25, 0],
							"pivot": [0, 1.2, -70],
							"rotation": [0, 0, 157.5],
							"uv": {
								"south": {"uv": [78, 4], "uv_size": [1, 1]}
							}
						},
						{
							"origin": [-0.9603, 10.7, -70.001],
							"size": [1.9206, 0.25, 0],
							"pivot": [0, 1.2, -70],
							"rotation": [0, 0, 56.25],
							"uv": {
								"south": {"uv": [78, 4], "uv_size": [1, 1]}
							}
						},
						{
							"origin": [-0.9603, 10.7, -70.001],
							"size": [1.9206, 0.25, 0],
							"pivot": [0, 1.2, -70],
							"rotation": [0, 0, 45],
							"uv": {
								"south": {"uv": [78, 4], "uv_size": [1, 1]}
							}
						},
						{
							"origin": [-0.9603, 10.7, -70.001],
							"size": [1.9206, 0.25, 0],
							"pivot": [0, 1.2, -70],
							"rotation": [0, 0, 67.5],
							"uv": {
								"south": {"uv": [78, 4], "uv_size": [1, 1]}
							}
						},
						{
							"origin": [-10.05972, -0.9423, -70.001],
							"size": [0.75, 0.25, 0],
							"pivot": [0, 1.2, -70],
							"rotation": [0, 0, 180],
							"uv": {
								"south": {"uv": [78, 4], "uv_size": [1, 1]}
							}
						},
						{
							"origin": [-0.9603, 10.7, -70.001],
							"size": [0.9206, 0.25, 0],
							"pivot": [0, 1.2, -70],
							"rotation": [0, 0, 78.75],
							"uv": {
								"south": {"uv": [78, 4], "uv_size": [1, 1]}
							}
						},
						{
							"origin": [-10.05972, 3.0923, -70.001],
							"size": [0.75, 0.25, 0],
							"pivot": [0, 1.2, -70],
							"rotation": [0, 0, 180],
							"uv": {
								"south": {"uv": [78, 4], "uv_size": [1, 1]}
							}
						},
						{
							"origin": [0.0397, 10.7, -70.001],
							"size": [0.9206, 0.25, 0],
							"pivot": [0, 1.2, -70],
							"rotation": [0, 0, 101.25],
							"uv": {
								"south": {"uv": [78, 4], "uv_size": [1, 1]}
							}
						},
						{
							"origin": [-0.9603, 10.7, -70.001],
							"size": [1.9206, 0.25, 0],
							"pivot": [0, 1.2, -70],
							"rotation": [0, 0, 33.75],
							"uv": {
								"south": {"uv": [78, 4], "uv_size": [1, 1]}
							}
						},
						{
							"origin": [-0.9603, 10.7, -70.001],
							"size": [1.9206, 0.25, 0],
							"pivot": [0, 1.2, -70],
							"rotation": [0, 0, 22.5],
							"uv": {
								"south": {"uv": [78, 4], "uv_size": [1, 1]}
							}
						},
						{
							"origin": [-0.9603, 10.7, -70.001],
							"size": [1.9206, 0.25, 0],
							"pivot": [0, 1.2, -70],
							"rotation": [0, 0, 11.25],
							"uv": {
								"south": {"uv": [78, 4], "uv_size": [1, 1]}
							}
						},
						{
							"origin": [0.2103, 8.95, -70.001],
							"size": [0.25, 1.5, 0],
							"pivot": [0, 1.2, -70],
							"rotation": [0, 0, 33.75],
							"uv": {
								"south": {"uv": [78, 4], "uv_size": [1, 1]}
							}
						},
						{
							"origin": [-1.16417, 8.91527, -70.002],
							"size": [0.25, 1.25, 0],
							"pivot": [0, 1.2, -70],
							"rotation": [0, 0, 15],
							"uv": {
								"south": {"uv": [78, 4], "uv_size": [1, 1]}
							}
						},
						{
							"origin": [-1.11384, 8.88899, -70.001],
							"size": [2.22768, 0.25, 0],
							"uv": {
								"south": {"uv": [78, 4], "uv_size": [1, 1]}
							}
						},
						{
							"origin": [-1.50128, 8.40383, -70.001],
							"size": [0.5, 0.25, 0],
							"uv": {
								"south": {"uv": [79, 4], "uv_size": [-1, 1]}
							}
						},
						{
							"origin": [0.41436, 8.54693, -70.001],
							"size": [0.25, 0.5, 0],
							"pivot": [0, 1.2, -70],
							"rotation": [0, 0, -15],
							"uv": {
								"south": {"uv": [79, 4], "uv_size": [-1, 1]}
							}
						},
						{
							"origin": [-0.66436, 8.54693, -70.001],
							"size": [0.25, 0.5, 0],
							"pivot": [0, 1.2, -70],
							"rotation": [0, 0, 15],
							"uv": {
								"south": {"uv": [78, 4], "uv_size": [1, 1]}
							}
						},
						{
							"origin": [1.00128, 8.40383, -70.001],
							"size": [0.5, 0.25, 0],
							"uv": {
								"south": {"uv": [78, 4], "uv_size": [1, 1]}
							}
						},
						{
							"origin": [-0.34347, 10.18782, -70.001],
							"size": [1, 0.25, 0],
							"pivot": [0, 1.2, -70],
							"rotation": [0, 0, 5],
							"uv": {
								"south": {"uv": [78, 4], "uv_size": [1, 1]}
							}
						},
						{
							"origin": [-0.46296, 10.1826, -70.001],
							"size": [0.92592, 0.25, 0],
							"uv": {
								"south": {"uv": [78, 4], "uv_size": [1, 1]}
							}
						},
						{
							"origin": [-0.65653, 10.18782, -70.001],
							"size": [1, 0.25, 0],
							"pivot": [0, 1.2, -70],
							"rotation": [0, 0, -5],
							"uv": {
								"south": {"uv": [79, 4], "uv_size": [-1, 1]}
							}
						},
						{
							"origin": [-0.4603, 8.95, -70.001],
							"size": [0.25, 1.5, 0],
							"pivot": [0, 1.2, -70],
							"rotation": [0, 0, -33.75],
							"uv": {
								"south": {"uv": [78, 4], "uv_size": [1, 1]}
							}
						},
						{
							"origin": [0.91417, 8.91527, -70.002],
							"size": [0.25, 1.25, 0],
							"pivot": [0, 1.2, -70],
							"rotation": [0, 0, -15],
							"uv": {
								"south": {"uv": [78, 4], "uv_size": [1, 1]}
							}
						},
						{
							"origin": [-1.13342, -7.65052, -70.002],
							"size": [0.25, 1.25, 0],
							"pivot": [0, 1.2, -70],
							"rotation": [0, 0, -105],
							"uv": {
								"south": {"uv": [78, 5], "uv_size": [1, -1]}
							}
						},
						{
							"origin": [-1.11384, -6.62019, -70.001],
							"size": [2.22768, 0.25, 0],
							"pivot": [0, 1.2, -70],
							"rotation": [0, 0, -90],
							"uv": {
								"south": {"uv": [78, 5], "uv_size": [1, -1]}
							}
						},
						{
							"origin": [0.88342, -7.65052, -70.002],
							"size": [0.25, 1.25, 0],
							"pivot": [0, 1.2, -70],
							"rotation": [0, 0, -75],
							"uv": {
								"south": {"uv": [78, 5], "uv_size": [1, -1]}
							}
						},
						{
							"origin": [0.2103, 8.95, -70.001],
							"size": [0.25, 1.5, 0],
							"pivot": [0, 1.2, -70],
							"rotation": [0, 0, -146.25],
							"uv": {
								"south": {"uv": [78, 4], "uv_size": [1, 1]}
							}
						},
						{
							"origin": [-0.4603, 8.95, -70.001],
							"size": [0.25, 1.5, 0],
							"pivot": [0, 1.2, -70],
							"rotation": [0, 0, 146.25],
							"uv": {
								"south": {"uv": [78, 4], "uv_size": [1, 1]}
							}
						},
						{
							"origin": [-0.9603, 10.7, -70.001],
							"size": [1.9206, 0.25, 0],
							"uv": {
								"south": {"uv": [78, 4], "uv_size": [1, 1]}
							}
						}
					]
				},
				{
					"name": "scope_view",
					"parent": "bone",
					"pivot": [0, 1.2, 5]
				}
			]
		}
	]
}