{
	"format_version": "1.12.0",
	"minecraft:geometry": [
		{
			"description": {
				"identifier": "geometry.stock_tactical_ar",
				"texture_width": 128,
				"texture_height": 128,
				"visible_bounds_width": 3,
				"visible_bounds_height": 1.5,
				"visible_bounds_offset": [0, 0.25, 0]
			},
			"bones": [
				{
					"name": "bone13",
					"pivot": [0, -5.25, 8.25],
					"cubes": [
						{
							"origin": [0.9303, -3.06097, 7.5],
							"size": [0.25, 1.75, 0.75],
							"pivot": [1.1803, -1.31097, 7.5],
							"rotation": [0, 0, 5],
							"uv": {
								"north": {"uv": [9, 2], "uv_size": [-1, -1]},
								"east": {"uv": [9, 2], "uv_size": [-1, -1]},
								"south": {"uv": [9, 2], "uv_size": [-1, -1]},
								"west": {"uv": [9, 2], "uv_size": [-1, -1]},
								"up": {"uv": [8, 1], "uv_size": [1, 1]},
								"down": {"uv": [8, 1], "uv_size": [1, 1]}
							}
						},
						{
							"origin": [0.9303, -2.06097, 2.75],
							"size": [0.25, 0.75, 2.5],
							"pivot": [1.1803, -1.31097, 4.5],
							"rotation": [0, 0, 5],
							"uv": {
								"north": {"uv": [9, 2], "uv_size": [-1, -1]},
								"east": {"uv": [9, 2], "uv_size": [-1, -1]},
								"south": {"uv": [9, 2], "uv_size": [-1, -1]},
								"west": {"uv": [9, 2], "uv_size": [-1, -1]},
								"up": {"uv": [8, 1], "uv_size": [1, 1]},
								"down": {"uv": [8, 1], "uv_size": [1, 1]}
							}
						},
						{
							"origin": [0.9303, -1.31097, 2.75],
							"size": [0.25, 2.075, 2.5],
							"pivot": [1.1803, -1.31097, 8],
							"rotation": [0, 0, -12.5],
							"uv": {
								"north": {"uv": [11, 2], "uv_size": [-1, -1]},
								"east": {"uv": [11, 2], "uv_size": [-1, -1]},
								"south": {"uv": [11, 2], "uv_size": [-1, -1]},
								"west": {"uv": [11, 2], "uv_size": [-1, -1]},
								"up": {"uv": [10, 1], "uv_size": [1, 1]},
								"down": {"uv": [10, 1], "uv_size": [1, 1]}
							}
						},
						{
							"origin": [0.9303, -0.56097, 0],
							"size": [0.25, 1.325, 2.75],
							"pivot": [1.1803, -1.31097, 8],
							"rotation": [0, 0, -12.5],
							"uv": {
								"north": {"uv": [11, 2], "uv_size": [-1, -1]},
								"east": {"uv": [11, 2], "uv_size": [-1, -1]},
								"south": {"uv": [11, 2], "uv_size": [-1, -1]},
								"west": {"uv": [11, 2], "uv_size": [-1, -1]},
								"up": {"uv": [10, 1], "uv_size": [1, 1]},
								"down": {"uv": [10, 1], "uv_size": [1, 1]}
							}
						},
						{
							"origin": [0.93326, -1.33803, 0],
							"size": [0.25, 0.75, 2.75],
							"pivot": [1.05826, -1.33803, 2.75],
							"rotation": [-5, 0, -12.5],
							"uv": {
								"north": {"uv": [11, 2], "uv_size": [-1, -1]},
								"east": {"uv": [11, 2], "uv_size": [-1, -1]},
								"south": {"uv": [11, 2], "uv_size": [-1, -1]},
								"west": {"uv": [11, 2], "uv_size": [-1, -1]},
								"up": {"uv": [10, 1], "uv_size": [1, 1]},
								"down": {"uv": [10, 1], "uv_size": [1, 1]}
							}
						},
						{
							"origin": [0.9303, -0.23597, 5.25],
							"size": [0.25, 1, 2.25],
							"pivot": [1.1803, -1.31097, 8],
							"rotation": [0, 0, -12.5],
							"uv": {
								"north": {"uv": [11, 2], "uv_size": [-1, -1]},
								"east": {"uv": [11, 2], "uv_size": [-1, -1]},
								"south": {"uv": [11, 2], "uv_size": [-1, -1]},
								"west": {"uv": [11, 2], "uv_size": [-1, -1]},
								"up": {"uv": [10, 1], "uv_size": [1, 1]},
								"down": {"uv": [10, 1], "uv_size": [1, 1]}
							}
						},
						{
							"origin": [0.9303, -1.31097, 7.5],
							"size": [0.25, 2.075, 0.75],
							"pivot": [1.1803, -1.31097, 8],
							"rotation": [0, 0, -12.5],
							"uv": {
								"north": {"uv": [11, 2], "uv_size": [-1, -1]},
								"east": {"uv": [11, 2], "uv_size": [-1, -1]},
								"south": {"uv": [11, 2], "uv_size": [-1, -1]},
								"west": {"uv": [11, 2], "uv_size": [-1, -1]},
								"up": {"uv": [10, 1], "uv_size": [1, 1]},
								"down": {"uv": [10, 1], "uv_size": [1, 1]}
							}
						},
						{
							"origin": [0.93326, -0.77666, 5.37445],
							"size": [0.25, 0.5, 2.37555],
							"pivot": [1.05826, -1.33803, 5.25],
							"rotation": [12.5, 0, -12.5],
							"uv": {
								"north": {"uv": [11, 2], "uv_size": [-1, -1]},
								"east": {"uv": [11, 2], "uv_size": [-1, -1]},
								"south": {"uv": [11, 2], "uv_size": [-1, -1]},
								"west": {"uv": [11, 2], "uv_size": [-1, -1]},
								"up": {"uv": [10, 1], "uv_size": [1, 1]},
								"down": {"uv": [10, 1], "uv_size": [1, 1]}
							}
						},
						{
							"origin": [0.93326, -1.1206, 0.10139],
							"size": [0.25, 1.69962, 0.69268],
							"pivot": [1.05826, -1.33803, 0],
							"rotation": [22.5, 0, -12.5],
							"uv": {
								"north": {"uv": [11, 2], "uv_size": [-1, -1]},
								"east": {"uv": [11, 2], "uv_size": [-1, -1]},
								"south": {"uv": [11, 2], "uv_size": [-1, -1]},
								"west": {"uv": [11, 2], "uv_size": [-1, -1]},
								"up": {"uv": [10, 1], "uv_size": [1, 1]},
								"down": {"uv": [10, 1], "uv_size": [1, 1]}
							}
						},
						{
							"origin": [-1.18326, -1.1206, 0.10139],
							"size": [0.25, 1.69962, 0.69268],
							"pivot": [-1.05826, -1.33803, 0],
							"rotation": [22.5, 0, 12.5],
							"uv": {
								"north": {"uv": [10, 2], "uv_size": [1, -1]},
								"east": {"uv": [10, 2], "uv_size": [1, -1]},
								"south": {"uv": [10, 2], "uv_size": [1, -1]},
								"west": {"uv": [10, 2], "uv_size": [1, -1]},
								"up": {"uv": [11, 1], "uv_size": [-1, 1]},
								"down": {"uv": [11, 1], "uv_size": [-1, 1]}
							}
						},
						{
							"origin": [-1.1803, -0.56097, 0],
							"size": [0.25, 1.325, 2.75],
							"pivot": [-1.1803, -1.31097, 8],
							"rotation": [0, 0, 12.5],
							"uv": {
								"north": {"uv": [10, 2], "uv_size": [1, -1]},
								"east": {"uv": [10, 2], "uv_size": [1, -1]},
								"south": {"uv": [10, 2], "uv_size": [1, -1]},
								"west": {"uv": [10, 2], "uv_size": [1, -1]},
								"up": {"uv": [11, 1], "uv_size": [-1, 1]},
								"down": {"uv": [11, 1], "uv_size": [-1, 1]}
							}
						},
						{
							"origin": [-1.18326, -1.33803, 0],
							"size": [0.25, 0.75, 2.75],
							"pivot": [-1.05826, -1.33803, 2.75],
							"rotation": [-5, 0, 12.5],
							"uv": {
								"north": {"uv": [10, 2], "uv_size": [1, -1]},
								"east": {"uv": [10, 2], "uv_size": [1, -1]},
								"south": {"uv": [10, 2], "uv_size": [1, -1]},
								"west": {"uv": [10, 2], "uv_size": [1, -1]},
								"up": {"uv": [11, 1], "uv_size": [-1, 1]},
								"down": {"uv": [11, 1], "uv_size": [-1, 1]}
							}
						},
						{
							"origin": [-1.1803, -1.31097, 2.75],
							"size": [0.25, 2.075, 2.5],
							"pivot": [-1.1803, -1.31097, 8],
							"rotation": [0, 0, 12.5],
							"uv": {
								"north": {"uv": [10, 2], "uv_size": [1, -1]},
								"east": {"uv": [10, 2], "uv_size": [1, -1]},
								"south": {"uv": [10, 2], "uv_size": [1, -1]},
								"west": {"uv": [10, 2], "uv_size": [1, -1]},
								"up": {"uv": [11, 1], "uv_size": [-1, 1]},
								"down": {"uv": [11, 1], "uv_size": [-1, 1]}
							}
						},
						{
							"origin": [-1.18326, -0.77666, 5.37445],
							"size": [0.25, 0.5, 2.37555],
							"pivot": [-1.05826, -1.33803, 5.25],
							"rotation": [12.5, 0, 12.5],
							"uv": {
								"north": {"uv": [10, 2], "uv_size": [1, -1]},
								"east": {"uv": [10, 2], "uv_size": [1, -1]},
								"south": {"uv": [10, 2], "uv_size": [1, -1]},
								"west": {"uv": [10, 2], "uv_size": [1, -1]},
								"up": {"uv": [11, 1], "uv_size": [-1, 1]},
								"down": {"uv": [11, 1], "uv_size": [-1, 1]}
							}
						},
						{
							"origin": [-1.1803, -0.23597, 5.25],
							"size": [0.25, 1, 2.25],
							"pivot": [-1.1803, -1.31097, 8],
							"rotation": [0, 0, 12.5],
							"uv": {
								"north": {"uv": [10, 2], "uv_size": [1, -1]},
								"east": {"uv": [10, 2], "uv_size": [1, -1]},
								"south": {"uv": [10, 2], "uv_size": [1, -1]},
								"west": {"uv": [10, 2], "uv_size": [1, -1]},
								"up": {"uv": [11, 1], "uv_size": [-1, 1]},
								"down": {"uv": [11, 1], "uv_size": [-1, 1]}
							}
						},
						{
							"origin": [-0.525, -5.25, 7.25],
							"size": [1.025, 5.13364, 1.25],
							"uv": {
								"north": {"uv": [7, 2], "uv_size": [-1, -1]},
								"east": {"uv": [7, 2], "uv_size": [-1, -1]},
								"south": {"uv": [7, 2], "uv_size": [-1, -1]},
								"west": {"uv": [7, 2], "uv_size": [-1, -1]},
								"up": {"uv": [6, 1], "uv_size": [1, 1]},
								"down": {"uv": [6, 1], "uv_size": [1, 1]}
							}
						},
						{
							"origin": [-0.6, 0.1, 8],
							"size": [1.2, 0.5, 0.75],
							"uv": {
								"north": {"uv": [15, 2], "uv_size": [-1, -1]},
								"east": {"uv": [15, 2], "uv_size": [-1, -1]},
								"south": {"uv": [15, 2], "uv_size": [-1, -1]},
								"west": {"uv": [15, 2], "uv_size": [-1, -1]},
								"up": {"uv": [14, 1], "uv_size": [1, 1]},
								"down": {"uv": [14, 1], "uv_size": [1, 1]}
							}
						},
						{
							"origin": [-0.6, -1.5, 8],
							"size": [1.25, 2.1, 0.75],
							"pivot": [-0.6, 0.6, 8.375],
							"rotation": [0, 0, 15],
							"uv": {
								"north": {"uv": [14, 2], "uv_size": [1, -1]},
								"east": {"uv": [14, 2], "uv_size": [1, -1]},
								"south": {"uv": [14, 2], "uv_size": [1, -1]},
								"west": {"uv": [14, 2], "uv_size": [1, -1]},
								"up": {"uv": [15, 1], "uv_size": [-1, 1]},
								"down": {"uv": [15, 1], "uv_size": [-1, 1]}
							}
						},
						{
							"origin": [-0.72953, -6.16037, 8],
							"size": [1.45906, 0.25, 0.75],
							"uv": {
								"north": {"uv": [15, 2], "uv_size": [-1, -1]},
								"east": {"uv": [15, 2], "uv_size": [-1, -1]},
								"south": {"uv": [15, 2], "uv_size": [-1, -1]},
								"west": {"uv": [15, 2], "uv_size": [-1, -1]},
								"up": {"uv": [14, 1], "uv_size": [1, 1]},
								"down": {"uv": [14, 1], "uv_size": [1, 1]}
							}
						},
						{
							"origin": [-0.10648, -6.17844, 8],
							"size": [1.25, 4.75, 0.75],
							"pivot": [1.14352, -1.42844, 8.375],
							"rotation": [0, 0, 5],
							"uv": {
								"north": {"uv": [15, 2], "uv_size": [-1, -1]},
								"east": {"uv": [15, 2], "uv_size": [-1, -1]},
								"south": {"uv": [15, 2], "uv_size": [-1, -1]},
								"west": {"uv": [15, 2], "uv_size": [-1, -1]},
								"up": {"uv": [14, 1], "uv_size": [1, 1]},
								"down": {"uv": [14, 1], "uv_size": [1, 1]}
							}
						},
						{
							"origin": [-1.14352, -6.17844, 8],
							"size": [1.25, 4.75, 0.75],
							"pivot": [-1.14352, -1.42844, 8.375],
							"rotation": [0, 0, -5],
							"uv": {
								"north": {"uv": [14, 2], "uv_size": [1, -1]},
								"east": {"uv": [14, 2], "uv_size": [1, -1]},
								"south": {"uv": [14, 2], "uv_size": [1, -1]},
								"west": {"uv": [14, 2], "uv_size": [1, -1]},
								"up": {"uv": [15, 1], "uv_size": [-1, 1]},
								"down": {"uv": [15, 1], "uv_size": [-1, 1]}
							}
						},
						{
							"origin": [-0.65, -1.5, 8],
							"size": [1.25, 2.1, 0.75],
							"pivot": [0.6, 0.6, 8.375],
							"rotation": [0, 0, -15],
							"uv": {
								"north": {"uv": [15, 2], "uv_size": [-1, -1]},
								"east": {"uv": [15, 2], "uv_size": [-1, -1]},
								"south": {"uv": [15, 2], "uv_size": [-1, -1]},
								"west": {"uv": [15, 2], "uv_size": [-1, -1]},
								"up": {"uv": [14, 1], "uv_size": [1, 1]},
								"down": {"uv": [14, 1], "uv_size": [1, 1]}
							}
						},
						{
							"origin": [-0.5, -6.07388, 7],
							"size": [1, 3.05752, 1.11732],
							"uv": {
								"north": {"uv": [7, 2], "uv_size": [-1, -1]},
								"east": {"uv": [7, 2], "uv_size": [-1, -1]},
								"south": {"uv": [7, 2], "uv_size": [-1, -1]},
								"west": {"uv": [7, 2], "uv_size": [-1, -1]},
								"up": {"uv": [6, 1], "uv_size": [1, 1]},
								"down": {"uv": [6, 1], "uv_size": [1, 1]}
							}
						},
						{
							"origin": [0, -6.07388, 7],
							"size": [0.5, 3.05752, 1.11732],
							"pivot": [0.5, -6.07388, 7],
							"rotation": [0, 0, 5],
							"uv": {
								"north": {"uv": [7, 2], "uv_size": [-1, -1]},
								"east": {"uv": [7, 2], "uv_size": [-1, -1]},
								"south": {"uv": [7, 2], "uv_size": [-1, -1]},
								"west": {"uv": [7, 2], "uv_size": [-1, -1]},
								"up": {"uv": [6, 1], "uv_size": [1, 1]},
								"down": {"uv": [6, 1], "uv_size": [1, 1]}
							}
						},
						{
							"origin": [-0.525, -6.07388, 7],
							"size": [1.025, 5.75, 1.25],
							"pivot": [0, -6.07388, 7],
							"rotation": [30, 0, 0],
							"uv": {
								"north": {"uv": [7, 2], "uv_size": [-1, -1]},
								"east": {"uv": [7, 2], "uv_size": [-1, -1]},
								"south": {"uv": [7, 2], "uv_size": [-1, -1]},
								"west": {"uv": [7, 2], "uv_size": [-1, -1]},
								"up": {"uv": [6, 1], "uv_size": [1, 1]},
								"down": {"uv": [6, 1], "uv_size": [1, 1]}
							}
						},
						{
							"origin": [0, -6.07388, 7],
							"size": [0.5, 5.75, 1.25],
							"pivot": [0.5, -6.07388, 7],
							"rotation": [30, 0, 5],
							"uv": {
								"north": {"uv": [7, 2], "uv_size": [-1, -1]},
								"east": {"uv": [7, 2], "uv_size": [-1, -1]},
								"south": {"uv": [7, 2], "uv_size": [-1, -1]},
								"west": {"uv": [7, 2], "uv_size": [-1, -1]},
								"up": {"uv": [6, 1], "uv_size": [1, 1]},
								"down": {"uv": [6, 1], "uv_size": [1, 1]}
							}
						},
						{
							"origin": [-0.73119, 0.21484, 0],
							"size": [1.46237, 0.5, 8.25],
							"uv": {
								"north": {"uv": [11, 2], "uv_size": [-1, -1]},
								"east": {"uv": [11, 2], "uv_size": [-1, -1]},
								"south": {"uv": [11, 2], "uv_size": [-1, -1]},
								"west": {"uv": [11, 2], "uv_size": [-1, -1]},
								"up": {"uv": [10, 1], "uv_size": [1, 1]},
								"down": {"uv": [10, 1], "uv_size": [1, 1]}
							}
						},
						{
							"origin": [-0.75, -2.25, 2.25],
							"size": [1.5, 1.5, 2.75],
							"uv": {
								"north": {"uv": [7, 2], "uv_size": [-1, -1]},
								"east": {"uv": [7, 2], "uv_size": [-1, -1]},
								"south": {"uv": [7, 2], "uv_size": [-1, -1]},
								"west": {"uv": [7, 2], "uv_size": [-1, -1]},
								"up": {"uv": [6, 1], "uv_size": [1, 1]},
								"down": {"uv": [6, 1], "uv_size": [1, 1]}
							}
						},
						{
							"origin": [-0.75, -2.25, -0.25],
							"size": [1.5, 1.5, 2.5],
							"pivot": [0.75, -2.25, 2.25],
							"rotation": [-7.5, 0, 0],
							"uv": {
								"north": {"uv": [7, 2], "uv_size": [-1, -1]},
								"east": {"uv": [7, 2], "uv_size": [-1, -1]},
								"south": {"uv": [7, 2], "uv_size": [-1, -1]},
								"west": {"uv": [7, 2], "uv_size": [-1, -1]},
								"up": {"uv": [6, 1], "uv_size": [1, 1]},
								"down": {"uv": [6, 1], "uv_size": [1, 1]}
							}
						},
						{
							"origin": [0.5, -2.25, 2.25],
							"size": [0.25, 1.5, 2.75],
							"pivot": [0.75, -2.25, 0.75],
							"rotation": [0, 0, 10],
							"uv": {
								"north": {"uv": [7, 2], "uv_size": [-1, -1]},
								"east": {"uv": [7, 2], "uv_size": [-1, -1]},
								"south": {"uv": [7, 2], "uv_size": [-1, -1]},
								"west": {"uv": [7, 2], "uv_size": [-1, -1]},
								"up": {"uv": [6, 1], "uv_size": [1, 1]},
								"down": {"uv": [6, 1], "uv_size": [1, 1]}
							}
						},
						{
							"origin": [0.25, -1.5, 5],
							"size": [0.25, 1, 2.25],
							"pivot": [0.5, -1.5, 3.5],
							"rotation": [0, 0, 12.5],
							"uv": {
								"north": {"uv": [7, 2], "uv_size": [-1, -1]},
								"east": {"uv": [7, 2], "uv_size": [-1, -1]},
								"south": {"uv": [7, 2], "uv_size": [-1, -1]},
								"west": {"uv": [7, 2], "uv_size": [-1, -1]},
								"up": {"uv": [6, 1], "uv_size": [1, 1]},
								"down": {"uv": [6, 1], "uv_size": [1, 1]}
							}
						},
						{
							"origin": [-0.5, -1.5, 5],
							"size": [0.25, 1, 2.25],
							"pivot": [-0.5, -1.5, 3.5],
							"rotation": [0, 0, -12.5],
							"uv": {
								"north": {"uv": [6, 2], "uv_size": [1, -1]},
								"east": {"uv": [6, 2], "uv_size": [1, -1]},
								"south": {"uv": [6, 2], "uv_size": [1, -1]},
								"west": {"uv": [6, 2], "uv_size": [1, -1]},
								"up": {"uv": [7, 1], "uv_size": [-1, 1]},
								"down": {"uv": [7, 1], "uv_size": [-1, 1]}
							}
						},
						{
							"origin": [-0.5, -1.5, 5],
							"size": [1, 1, 2.25],
							"uv": {
								"north": {"uv": [6, 2], "uv_size": [1, -1]},
								"east": {"uv": [6, 2], "uv_size": [1, -1]},
								"south": {"uv": [6, 2], "uv_size": [1, -1]},
								"west": {"uv": [6, 2], "uv_size": [1, -1]},
								"up": {"uv": [7, 1], "uv_size": [-1, 1]},
								"down": {"uv": [7, 1], "uv_size": [-1, 1]}
							}
						},
						{
							"origin": [0.5, -2.25, -0.25],
							"size": [0.25, 1.25, 2.5],
							"pivot": [0.75, -2.25, 2.25],
							"rotation": [-7.38733, 1.29876, 9.91615],
							"uv": {
								"north": {"uv": [7, 2], "uv_size": [-1, -1]},
								"east": {"uv": [7, 2], "uv_size": [-1, -1]},
								"south": {"uv": [7, 2], "uv_size": [-1, -1]},
								"west": {"uv": [7, 2], "uv_size": [-1, -1]},
								"up": {"uv": [6, 1], "uv_size": [1, 1]},
								"down": {"uv": [6, 1], "uv_size": [1, 1]}
							}
						},
						{
							"origin": [-0.75, -2.25, -0.25],
							"size": [0.25, 1.25, 2.5],
							"pivot": [-0.75, -2.25, 2.25],
							"rotation": [-7.38733, -1.29876, -9.91615],
							"uv": {
								"north": {"uv": [6, 2], "uv_size": [1, -1]},
								"east": {"uv": [6, 2], "uv_size": [1, -1]},
								"south": {"uv": [6, 2], "uv_size": [1, -1]},
								"west": {"uv": [6, 2], "uv_size": [1, -1]},
								"up": {"uv": [7, 1], "uv_size": [-1, 1]},
								"down": {"uv": [7, 1], "uv_size": [-1, 1]}
							}
						},
						{
							"origin": [0.9304, -4.53611, 3.2607],
							"size": [0.25, 0.92388, 0.38268],
							"pivot": [1.1804, -1.30979, 8.19548],
							"rotation": [-25, 0, 5],
							"uv": {
								"north": {"uv": [9, 2], "uv_size": [-1, -1]},
								"east": {"uv": [9, 2], "uv_size": [-1, -1]},
								"south": {"uv": [9, 2], "uv_size": [-1, -1]},
								"west": {"uv": [9, 2], "uv_size": [-1, -1]},
								"up": {"uv": [8, 1], "uv_size": [1, 1]},
								"down": {"uv": [8, 1], "uv_size": [1, 1]}
							}
						},
						{
							"origin": [0.84323, -2.30622, 2.70638],
							"size": [0.25, 0.75, 2.25],
							"pivot": [1.09323, -2.30622, 2.70638],
							"rotation": [-7.5, 0, 5],
							"uv": {
								"north": {"uv": [9, 2], "uv_size": [-1, -1]},
								"east": {"uv": [9, 2], "uv_size": [-1, -1]},
								"south": {"uv": [9, 2], "uv_size": [-1, -1]},
								"west": {"uv": [9, 2], "uv_size": [-1, -1]},
								"up": {"uv": [8, 1], "uv_size": [1, 1]},
								"down": {"uv": [8, 1], "uv_size": [1, 1]}
							}
						},
						{
							"origin": [0.9303, -4.31618, 5.86214],
							"size": [0.25, 0.6806, 3.22885],
							"pivot": [1.1803, -1.31097, 7.5],
							"rotation": [-45, 0, 5],
							"uv": {
								"north": {"uv": [9, 2], "uv_size": [-1, -1]},
								"east": {"uv": [9, 2], "uv_size": [-1, -1]},
								"south": {"uv": [9, 2], "uv_size": [-1, -1]},
								"west": {"uv": [9, 2], "uv_size": [-1, -1]},
								"up": {"uv": [8, 1], "uv_size": [1, 1]},
								"down": {"uv": [8, 1], "uv_size": [1, 1]}
							}
						},
						{
							"origin": [0.92547, -3.94742, 6.12577],
							"size": [0.25, 0.75, 3.25],
							"pivot": [1.17547, -1.36615, 7.60076],
							"rotation": [-52.5, 0, 5],
							"uv": {
								"north": {"uv": [9, 2], "uv_size": [-1, -1]},
								"east": {"uv": [9, 2], "uv_size": [-1, -1]},
								"south": {"uv": [9, 2], "uv_size": [-1, -1]},
								"west": {"uv": [9, 2], "uv_size": [-1, -1]},
								"up": {"uv": [8, 1], "uv_size": [1, 1]},
								"down": {"uv": [8, 1], "uv_size": [1, 1]}
							}
						},
						{
							"origin": [0.93579, -4.56121, 6.5],
							"size": [0.25, 1.5, 1.75],
							"pivot": [1.18579, -1.24818, 7.28512],
							"rotation": [0, 0, 5],
							"uv": {
								"north": {"uv": [9, 2], "uv_size": [-1, -1]},
								"east": {"uv": [9, 2], "uv_size": [-1, -1]},
								"south": {"uv": [9, 2], "uv_size": [-1, -1]},
								"west": {"uv": [9, 2], "uv_size": [-1, -1]},
								"up": {"uv": [8, 1], "uv_size": [1, 1]},
								"down": {"uv": [8, 1], "uv_size": [1, 1]}
							}
						},
						{
							"origin": [-1.1803, -2.06097, 2.75],
							"size": [0.25, 0.75, 2.5],
							"pivot": [-1.1803, -1.31097, 4.5],
							"rotation": [0, 0, -5],
							"uv": {
								"north": {"uv": [8, 2], "uv_size": [1, -1]},
								"east": {"uv": [8, 2], "uv_size": [1, -1]},
								"south": {"uv": [8, 2], "uv_size": [1, -1]},
								"west": {"uv": [8, 2], "uv_size": [1, -1]},
								"up": {"uv": [9, 1], "uv_size": [-1, 1]},
								"down": {"uv": [9, 1], "uv_size": [-1, 1]}
							}
						},
						{
							"origin": [-1.09323, -2.30622, 2.70638],
							"size": [0.25, 0.75, 2.25],
							"pivot": [-1.09323, -2.30622, 2.70638],
							"rotation": [-7.5, 0, -5],
							"uv": {
								"north": {"uv": [8, 2], "uv_size": [1, -1]},
								"east": {"uv": [8, 2], "uv_size": [1, -1]},
								"south": {"uv": [8, 2], "uv_size": [1, -1]},
								"west": {"uv": [8, 2], "uv_size": [1, -1]},
								"up": {"uv": [9, 1], "uv_size": [-1, 1]},
								"down": {"uv": [9, 1], "uv_size": [-1, 1]}
							}
						},
						{
							"origin": [-1.1804, -4.53611, 3.2607],
							"size": [0.25, 0.92388, 0.38268],
							"pivot": [-1.1804, -1.30979, 8.19548],
							"rotation": [-25, 0, -5],
							"uv": {
								"north": {"uv": [8, 2], "uv_size": [1, -1]},
								"east": {"uv": [8, 2], "uv_size": [1, -1]},
								"south": {"uv": [8, 2], "uv_size": [1, -1]},
								"west": {"uv": [8, 2], "uv_size": [1, -1]},
								"up": {"uv": [9, 1], "uv_size": [-1, 1]},
								"down": {"uv": [9, 1], "uv_size": [-1, 1]}
							}
						},
						{
							"origin": [-1.17547, -3.94742, 6.12577],
							"size": [0.25, 0.75, 3.25],
							"pivot": [-1.17547, -1.36615, 7.60076],
							"rotation": [-52.5, 0, -5],
							"uv": {
								"north": {"uv": [8, 2], "uv_size": [1, -1]},
								"east": {"uv": [8, 2], "uv_size": [1, -1]},
								"south": {"uv": [8, 2], "uv_size": [1, -1]},
								"west": {"uv": [8, 2], "uv_size": [1, -1]},
								"up": {"uv": [9, 1], "uv_size": [-1, 1]},
								"down": {"uv": [9, 1], "uv_size": [-1, 1]}
							}
						},
						{
							"origin": [-1.1803, -4.31618, 5.86214],
							"size": [0.25, 0.6806, 3.22885],
							"pivot": [-1.1803, -1.31097, 7.5],
							"rotation": [-45, 0, -5],
							"uv": {
								"north": {"uv": [8, 2], "uv_size": [1, -1]},
								"east": {"uv": [8, 2], "uv_size": [1, -1]},
								"south": {"uv": [8, 2], "uv_size": [1, -1]},
								"west": {"uv": [8, 2], "uv_size": [1, -1]},
								"up": {"uv": [9, 1], "uv_size": [-1, 1]},
								"down": {"uv": [9, 1], "uv_size": [-1, 1]}
							}
						},
						{
							"origin": [-1.18579, -4.56121, 6.5],
							"size": [0.25, 1.5, 1.75],
							"pivot": [-1.18579, -1.24818, 7.28512],
							"rotation": [0, 0, -5],
							"uv": {
								"north": {"uv": [8, 2], "uv_size": [1, -1]},
								"east": {"uv": [8, 2], "uv_size": [1, -1]},
								"south": {"uv": [8, 2], "uv_size": [1, -1]},
								"west": {"uv": [8, 2], "uv_size": [1, -1]},
								"up": {"uv": [9, 1], "uv_size": [-1, 1]},
								"down": {"uv": [9, 1], "uv_size": [-1, 1]}
							}
						},
						{
							"origin": [-1.1803, -3.06097, 7.5],
							"size": [0.25, 1.75, 0.75],
							"pivot": [-1.1803, -1.31097, 7.5],
							"rotation": [0, 0, -5],
							"uv": {
								"north": {"uv": [8, 2], "uv_size": [1, -1]},
								"east": {"uv": [8, 2], "uv_size": [1, -1]},
								"south": {"uv": [8, 2], "uv_size": [1, -1]},
								"west": {"uv": [8, 2], "uv_size": [1, -1]},
								"up": {"uv": [9, 1], "uv_size": [-1, 1]},
								"down": {"uv": [9, 1], "uv_size": [-1, 1]}
							}
						},
						{
							"origin": [-1.1803, -1.31097, 7.5],
							"size": [0.25, 2.075, 0.75],
							"pivot": [-1.1803, -1.31097, 8],
							"rotation": [0, 0, 12.5],
							"uv": {
								"north": {"uv": [10, 2], "uv_size": [1, -1]},
								"east": {"uv": [10, 2], "uv_size": [1, -1]},
								"south": {"uv": [10, 2], "uv_size": [1, -1]},
								"west": {"uv": [10, 2], "uv_size": [1, -1]},
								"up": {"uv": [11, 1], "uv_size": [-1, 1]},
								"down": {"uv": [11, 1], "uv_size": [-1, 1]}
							}
						},
						{
							"origin": [-0.525, -5.75, 6.9],
							"size": [1.025, 1.25, 1],
							"pivot": [0, -3.75, 9],
							"rotation": [-60, 0, 0],
							"uv": {
								"north": {"uv": [7, 2], "uv_size": [-1, -1]},
								"east": {"uv": [7, 2], "uv_size": [-1, -1]},
								"south": {"uv": [7, 2], "uv_size": [-1, -1]},
								"west": {"uv": [7, 2], "uv_size": [-1, -1]},
								"up": {"uv": [6, 1], "uv_size": [1, 1]},
								"down": {"uv": [6, 1], "uv_size": [1, 1]}
							}
						}
					]
				},
				{
					"name": "bone14",
					"parent": "bone13",
					"pivot": [0.85355, 0.64645, 4.25],
					"cubes": [
						{
							"origin": [-0.5, 0.5, 0.5],
							"size": [1, 0.5, 8],
							"uv": {
								"north": {"uv": [15, 2], "uv_size": [-1, -1]},
								"east": {"uv": [15, 2], "uv_size": [-1, -1]},
								"south": {"uv": [15, 2], "uv_size": [-1, -1]},
								"west": {"uv": [15, 2], "uv_size": [-1, -1]},
								"up": {"uv": [14, 1], "uv_size": [1, 1]},
								"down": {"uv": [14, 1], "uv_size": [1, 1]}
							}
						},
						{
							"origin": [0.5, 0.5, 0.5],
							"size": [0.5, 0.5, 8],
							"pivot": [0.5, 1, 4.25],
							"rotation": [0, 0, 45],
							"uv": {
								"north": {"uv": [15, 2], "uv_size": [-1, -1]},
								"east": {"uv": [15, 2], "uv_size": [-1, -1]},
								"south": {"uv": [15, 2], "uv_size": [-1, -1]},
								"west": {"uv": [15, 2], "uv_size": [-1, -1]},
								"up": {"uv": [14, 1], "uv_size": [1, 1]},
								"down": {"uv": [14, 1], "uv_size": [1, 1]}
							}
						},
						{
							"origin": [-1, 0.5, 0.5],
							"size": [0.5, 0.5, 8],
							"pivot": [-0.5, 1, 4.25],
							"rotation": [0, 0, -45],
							"uv": {
								"north": {"uv": [14, 2], "uv_size": [1, -1]},
								"east": {"uv": [14, 2], "uv_size": [1, -1]},
								"south": {"uv": [14, 2], "uv_size": [1, -1]},
								"west": {"uv": [14, 2], "uv_size": [1, -1]},
								"up": {"uv": [15, 1], "uv_size": [-1, 1]},
								"down": {"uv": [15, 1], "uv_size": [-1, 1]}
							}
						},
						{
							"origin": [0.35355, 0.14645, 0.5],
							"size": [0.5, 0.5, 8],
							"pivot": [0.85355, 0.64645, 4.25],
							"rotation": [0, 0, -15],
							"uv": {
								"north": {"uv": [13, 2], "uv_size": [-1, -1]},
								"east": {"uv": [13, 2], "uv_size": [-1, -1]},
								"south": {"uv": [13, 2], "uv_size": [-1, -1]},
								"west": {"uv": [13, 2], "uv_size": [-1, -1]},
								"up": {"uv": [12, 1], "uv_size": [1, 1]},
								"down": {"uv": [12, 1], "uv_size": [1, 1]}
							}
						},
						{
							"origin": [0.76578, -0.92493, -1.51772],
							"size": [0.5, 0.75, 6.925],
							"pivot": [1.01578, -0.92493, -1.59272],
							"rotation": [-2.5, 0, -15],
							"uv": {
								"north": {"uv": [13, 2], "uv_size": [-1, -1]},
								"east": {"uv": [13, 2], "uv_size": [-1, -1]},
								"south": {"uv": [13, 2], "uv_size": [-1, -1]},
								"west": {"uv": [13, 2], "uv_size": [-1, -1]},
								"up": {"uv": [12, 1], "uv_size": [1, 1]},
								"down": {"uv": [12, 1], "uv_size": [1, 1]}
							}
						},
						{
							"origin": [0.36207, -0.10093, -1.95941],
							"size": [0.5, 0.68267, 2.45941],
							"pivot": [0.61207, 0.58174, 0.5],
							"rotation": [22.25, 0, -15],
							"uv": {
								"north": {"uv": [13, 2], "uv_size": [-1, -1]},
								"east": {"uv": [13, 2], "uv_size": [-1, -1]},
								"south": {"uv": [13, 2], "uv_size": [-1, -1]},
								"west": {"uv": [13, 2], "uv_size": [-1, -1]},
								"up": {"uv": [12, 1], "uv_size": [1, 1]},
								"down": {"uv": [12, 1], "uv_size": [1, 1]}
							}
						},
						{
							"origin": [0.85333, -1.28456, 5.40062],
							"size": [0.5, 0.69262, 3.55038],
							"pivot": [0.85333, -1.28456, 5.40062],
							"rotation": [20, 0, -15],
							"uv": {
								"north": {"uv": [13, 2], "uv_size": [-1, -1]},
								"east": {"uv": [13, 2], "uv_size": [-1, -1]},
								"south": {"uv": [13, 2], "uv_size": [-1, -1]},
								"west": {"uv": [13, 2], "uv_size": [-1, -1]},
								"up": {"uv": [12, 1], "uv_size": [1, 1]},
								"down": {"uv": [12, 1], "uv_size": [1, 1]}
							}
						},
						{
							"origin": [0.35355, -0.47855, -0.25],
							"size": [0.5, 0.625, 7.675],
							"pivot": [0.85355, 0.64645, 4.25],
							"rotation": [0, 0, -15],
							"uv": {
								"north": {"uv": [13, 2], "uv_size": [-1, -1]},
								"east": {"uv": [13, 2], "uv_size": [-1, -1]},
								"south": {"uv": [13, 2], "uv_size": [-1, -1]},
								"west": {"uv": [13, 2], "uv_size": [-1, -1]},
								"up": {"uv": [12, 1], "uv_size": [1, 1]},
								"down": {"uv": [12, 1], "uv_size": [1, 1]}
							}
						},
						{
							"origin": [-0.85355, 0.14645, 0.5],
							"size": [0.5, 0.5, 8],
							"pivot": [-0.85355, 0.64645, 4.25],
							"rotation": [0, 0, 15],
							"uv": {
								"north": {"uv": [12, 2], "uv_size": [1, -1]},
								"east": {"uv": [12, 2], "uv_size": [1, -1]},
								"south": {"uv": [12, 2], "uv_size": [1, -1]},
								"west": {"uv": [12, 2], "uv_size": [1, -1]},
								"up": {"uv": [13, 1], "uv_size": [-1, 1]},
								"down": {"uv": [13, 1], "uv_size": [-1, 1]}
							}
						},
						{
							"origin": [-1.35333, -1.28456, 5.40062],
							"size": [0.5, 0.69262, 3.55038],
							"pivot": [-0.85333, -1.28456, 5.40062],
							"rotation": [20, 0, 15],
							"uv": {
								"north": {"uv": [12, 2], "uv_size": [1, -1]},
								"east": {"uv": [12, 2], "uv_size": [1, -1]},
								"south": {"uv": [12, 2], "uv_size": [1, -1]},
								"west": {"uv": [12, 2], "uv_size": [1, -1]},
								"up": {"uv": [13, 1], "uv_size": [-1, 1]},
								"down": {"uv": [13, 1], "uv_size": [-1, 1]}
							}
						},
						{
							"origin": [-0.85355, -0.47855, -0.25],
							"size": [0.5, 0.625, 7.675],
							"pivot": [-0.85355, 0.64645, 4.25],
							"rotation": [0, 0, 15],
							"uv": {
								"north": {"uv": [12, 2], "uv_size": [1, -1]},
								"east": {"uv": [12, 2], "uv_size": [1, -1]},
								"south": {"uv": [12, 2], "uv_size": [1, -1]},
								"west": {"uv": [12, 2], "uv_size": [1, -1]},
								"up": {"uv": [13, 1], "uv_size": [-1, 1]},
								"down": {"uv": [13, 1], "uv_size": [-1, 1]}
							}
						},
						{
							"origin": [-0.86207, -0.10093, -1.95941],
							"size": [0.5, 0.68267, 2.45941],
							"pivot": [-0.61207, 0.58174, 0.5],
							"rotation": [22.25, 0, 15],
							"uv": {
								"north": {"uv": [12, 2], "uv_size": [1, -1]},
								"east": {"uv": [12, 2], "uv_size": [1, -1]},
								"south": {"uv": [12, 2], "uv_size": [1, -1]},
								"west": {"uv": [12, 2], "uv_size": [1, -1]},
								"up": {"uv": [13, 1], "uv_size": [-1, 1]},
								"down": {"uv": [13, 1], "uv_size": [-1, 1]}
							}
						},
						{
							"origin": [-1.26578, -0.92493, -1.51772],
							"size": [0.5, 0.75, 6.925],
							"pivot": [-1.01578, -0.92493, -1.59272],
							"rotation": [-2.5, 0, 15],
							"uv": {
								"north": {"uv": [12, 2], "uv_size": [1, -1]},
								"east": {"uv": [12, 2], "uv_size": [1, -1]},
								"south": {"uv": [12, 2], "uv_size": [1, -1]},
								"west": {"uv": [12, 2], "uv_size": [1, -1]},
								"up": {"uv": [13, 1], "uv_size": [-1, 1]},
								"down": {"uv": [13, 1], "uv_size": [-1, 1]}
							}
						}
					]
				}
			]
		}
	]
}