{"stats":{"minecraft:custom":{"minecraft:interact_with_furnace":28,"minecraft:mob_kills":1,"minecraft:animals_bred":3,"minecraft:interact_with_crafting_table":14,"minecraft:interact_with_stonecutter":1,"minecraft:leave_game":1,"minecraft:time_since_death":69688,"minecraft:sleep_in_bed":2,"minecraft:climb_one_cm":8996,"minecraft:time_since_rest":11778,"minecraft:sprint_one_cm":74638,"minecraft:damage_taken":119,"minecraft:walk_one_cm":112717,"minecraft:drop":5,"minecraft:damage_dealt":181,"minecraft:swim_one_cm":3446,"minecraft:fly_one_cm":76480,"minecraft:open_chest":15,"minecraft:crouch_one_cm":1524,"minecraft:play_time":69688,"minecraft:sneak_time":1391,"minecraft:walk_under_water_one_cm":15368,"minecraft:boat_one_cm":140972,"minecraft:jump":664,"minecraft:interact_with_blast_furnace":2,"minecraft:walk_on_water_one_cm":11674,"minecraft:total_world_time":69688,"minecraft:fall_one_cm":8162},"minecraft:dropped":{"minecraft:cooked_chicken":1,"minecraft:feather":1,"minecraft:cooked_mutton":2,"minecraft:wooden_pickaxe":1},"minecraft:crafted":{"minecraft:glass_bottle":12,"minecraft:cooked_porkchop":2,"minecraft:crafting_table":1,"minecraft:spruce_planks":56,"minecraft:wooden_pickaxe":1,"minecraft:cooked_chicken":1,"minecraft:furnace":1,"minecraft:bone_meal":23,"minecraft:campfire":1,"mekanism:ingot_lead":12,"minecraft:air":0,"minecraft:glass":12,"minecraft:leather":3,"minecraft:stick":16,"minecraft:iron_ingot":16,"minecraft:stone_pickaxe":1,"minecraft:stone_sword":1,"minecraft:chest":1},"minecraft:used":{"minecraft:cooked_mutton":2,"minecraft:wheat_seeds":10,"toughasnails:wool_boots":1,"toughasnails:wool_chestplate":1,"minecraft:glass_bottle":15,"minecraft:stone_pickaxe":75,"minecraft:blackstone":2,"minecraft:chest":1,"minecraft:wooden_pickaxe":48,"toughasnails:wool_leggings":1,"minecraft:torch":4,"minecraft:dirt":24,"minecraft:crafting_table":2,"toughasnails:wool_helmet":1,"minecraft:campfire":1,"minecraft:snowball":5,"bunker_down:steel_block":15,"hunting_delight:worm":3,"minecraft:stone_axe":37,"minecraft:cobblestone":9,"minecraft:potion":3,"minecraft:furnace":2,"minecraft:cooked_porkchop":1,"hunting_delight:huntingknife":2,"minecraft:bone_meal":23,"minecraft:light_gray_bed":2},"minecraft:mined":{"minecraft:spruce_planks":4,"iceandfire:silver_ore":2,"minecraft:blackstone":4,"minecraft:crafting_table":1,"minecraft:grass_block":6,"minecraft:chest":1,"mekanism:tin_ore":3,"minecraft:campfire":1,"minecraft:light_gray_bed":2,"minecraft:sugar_cane":1,"minecraft:wall_torch":1,"minecraft:furnace":1,"minecraft:carrots":2,"minecraft:stripped_spruce_wood":8,"minecraft:iron_ore":14,"minecraft:wheat":12,"minecraft:ice":8,"minecraft:stripped_spruce_log":4,"minecraft:potatoes":10,"minecraft:coal_ore":7,"minecraft:dirt_path":11,"minecraft:deepslate_iron_ore":3,"minecraft:sand":12,"minecraft:dirt":7,"bunker_down:steel_block":30,"minecraft:stone":49},"minecraft:picked_up":{"minecraft:charcoal":2,"minecraft:wheat":10,"minecraft:crafting_table":3,"minecraft:feather":2,"minecraft:chicken":1,"toughasnails:wool_leggings":1,"dynamictrees:spruce_seed":1,"minecraft:wooden_pickaxe":1,"minecraft:potato":20,"minecraft:stripped_spruce_wood":8,"toughasnails:wool_boots":1,"toughasnails:wool_chestplate":1,"minecraft:dirt":24,"bunker_down:steel_block":30,"minecraft:beetroot_soup":1,"minecraft:cooked_mutton":16,"minecraft:bone":5,"minecraft:blackstone":4,"minecraft:wheat_seeds":24,"minecraft:spruce_planks":4,"minecraft:chest":1,"minecraft:sugar_cane":7,"toughasnails:wool_helmet":1,"minecraft:furnace":1,"minecraft:stick":26,"minecraft:raw_iron":16,"minecraft:torch":4,"iceandfire:silver_ore":2,"minecraft:porkchop":2,"minecraft:sand":12,"minecraft:stripped_spruce_log":4,"minecraft:carrot":2,"minecraft:spruce_log":16,"mekanism:raw_tin":3,"hunting_delight:animal_fat":2,"minecraft:light_gray_bed":2,"minecraft:rotten_flesh":3,"minecraft:stone_axe":1,"hunting_delight:huntingknife":1,"hunting_delight:broken_bone":8,"minecraft:bread":6,"hunting_delight:worm":3,"minecraft:coal":10,"minecraft:snowball":5,"minecraft:cobblestone":47},"minecraft:killed":{"minecraft:chicken":1}},"DataVersion":3120}