{"stats":{"minecraft:custom":{"minecraft:time_since_rest":9650,"minecraft:open_chest":3,"minecraft:crouch_one_cm":123,"minecraft:sprint_one_cm":974,"minecraft:play_time":9650,"minecraft:walk_one_cm":6079,"minecraft:sneak_time":144,"minecraft:walk_under_water_one_cm":3316,"minecraft:mob_kills":3,"minecraft:jump":22,"minecraft:damage_dealt":100,"minecraft:interact_with_blast_furnace":1,"minecraft:leave_game":1,"minecraft:time_since_death":9650,"minecraft:walk_on_water_one_cm":7709,"minecraft:total_world_time":9650,"minecraft:climb_one_cm":1081,"minecraft:fly_one_cm":56770},"minecraft:used":{"simpleplanes:plane":1,"minecraft:wooden_pickaxe":3},"minecraft:picked_up":{"simpleplanes:plane":1,"minecraft:azure_bluet":1,"minecraft:dandelion":2,"minecraft:porkchop":2,"hunting_delight:broken_bone":5,"minecraft:cobblestone":3,"hunting_delight:animal_fat":1},"minecraft:mined":{"minecraft:cobblestone":3},"minecraft:killed":{"minecraft:pig":1,"campsite_structures:camper":2}},"DataVersion":3120}