{"stats":{"minecraft:used":{"minecraft:stone_axe":2,"minecraft:torch":1,"minecraft:crafting_table":2,"minecraft:stone_pickaxe":4,"minecraft:wooden_pickaxe":3},"minecraft:picked_up":{"minecraft:crafting_table":2,"minecraft:stick":10,"minecraft:light_gray_bed":1,"firstaid:bandage":6,"minecraft:spruce_log":6,"toughasnails:wool_boots":1,"minecraft:coal":3,"minecraft:chest":1,"minecraft:cobblestone":7},"minecraft:custom":{"minecraft:time_since_rest":8756,"minecraft:open_chest":2,"minecraft:crouch_one_cm":57,"minecraft:play_time":17914,"minecraft:sprint_one_cm":5701,"minecraft:damage_taken":340,"minecraft:walk_one_cm":53220,"minecraft:sneak_time":54,"minecraft:walk_under_water_one_cm":4260,"minecraft:jump":100,"minecraft:damage_dealt":10,"minecraft:leave_game":1,"minecraft:sleep_in_bed":2,"minecraft:time_since_death":17914,"minecraft:walk_on_water_one_cm":1778,"minecraft:total_world_time":17914,"minecraft:climb_one_cm":1788,"minecraft:interact_with_crafting_table":5,"minecraft:fall_one_cm":740,"minecraft:fly_one_cm":640},"minecraft:mined":{"minecraft:coal_ore":3,"minecraft:chest":1,"minecraft:light_gray_bed":1,"minecraft:stone":3,"minecraft:torch":1,"minecraft:crafting_table":2,"dynamictrees:spruce_leaves":1},"minecraft:crafted":{"minecraft:torch":4,"minecraft:stone_axe":1,"minecraft:spruce_planks":24,"minecraft:wooden_pickaxe":1,"minecraft:stone_pickaxe":1}},"DataVersion":3120}