{"stats":{"minecraft:mined":{"minecraft:large_amethyst_bud":9,"minecraft:spruce_planks":32,"hunting_delight:sheepcorpse":1,"minecraft:budding_amethyst":2,"minecraft:grass_block":6,"minecraft:light_gray_bed":4,"tacz:gun_smith_table":3,"minecraft:magma_block":1,"minecraft:glowstone":1,"minecraft:iron_ore":28,"minecraft:sticky_piston":6,"minecraft:fire":1,"minecraft:target":1,"minecraft:deepslate_lapis_ore":9,"minecraft:cave_vines":1,"minecraft:small_amethyst_bud":4,"minecraft:light_gray_concrete":1,"bunker_down:broken_ceiling_lamp":12,"minecraft:iron_block":3,"minecraft:deepslate_redstone_ore":6,"bunker_down:airlock_iron_door":1,"mekanism:osmium_ore":10,"minecraft:blackstone":16,"minecraft:medium_amethyst_bud":7,"minecraft:amethyst_cluster":27,"minecraft:torch":10,"minecraft:blast_furnace":3,"minecraft:calcite":3,"minecraft:poppy":1,"minecraft:chest":21,"mekanism:tin_ore":41,"iceandfire:frozen_dirt":2,"minecraft:cobblestone":2,"minecraft:wall_torch":6,"minecraft:amethyst_block":38,"electrodynamics:orehalite":30,"minecraft:deepslate_copper_ore":11,"minecraft:chain":1,"mekanism:fluorite_ore":1,"minecraft:wheat":31,"bunker_down:steel_block_slab":4,"minecraft:light_gray_wool":1,"minecraft:grass":1,"mekanism:deepslate_tin_ore":31,"minecraft:oak_log":1,"mekanism:lead_ore":6,"minecraft:dirt":33,"minecraft:deepslate":234,"minecraft:redstone_lamp":7,"minecraft:tuff":33,"iceandfire:silver_ore":7,"minecraft:deepslate_diamond_ore":15,"electrodynamics:oremolybdenum":6,"mekanism:deepslate_osmium_ore":29,"minecraft:lever":7,"minecraft:glow_lichen":1,"iceandfire:dragon_ice":2,"minecraft:moss_block":2,"minecraft:spore_blossom":1,"minecraft:redstone_ore":10,"minecraft:furnace":3,"bunker_down:steel_vent":42,"dynamictrees:spruce_leaves":3,"minecraft:deepslate_iron_ore":48,"minecraft:rail":4,"bunker_down:steel_block":17,"minecraft:stone":120000,"electrodynamics:orealuminum":5,"minecraft:white_wool":6,"mekanism:deepslate_lead_ore":8,"minecraft:flowering_azalea":5,"minecraft:red_wool":7,"minecraft:observer":1,"iceandfire:frozen_gravel":1,"minecraft:crafting_table":5,"minecraft:honey_block":1,"minecraft:copper_ore":24,"minecraft:tall_grass":2,"minecraft:lapis_ore":4,"minecraft:deepslate_gold_ore":20,"minecraft:red_terracotta":1,"minecraft:coarse_dirt":2,"minecraft:redstone_torch":2,"minecraft:sweet_berry_bush":15,"minecraft:coal_ore":51,"mekanism:deepslate_fluorite_ore":19,"minecraft:gravel":2000,"minecraft:cobweb":6,"mekanism:deepslate_uranium_ore":12},"minecraft:used":{"minecraft:moss_block":5,"minecraft:moss_carpet":2,"minecraft:ladder":13,"bunker_down:ceiling_lamp":12,"minecraft:chest":3,"minecraft:stone":113,"minecraft:quartz_stairs":2,"minecraft:debug_stick":22,"securitycraft:smooth_crystal_quartz_stairs":8,"securitycraft:reinforced_granite":2,"minecraft:acacia_button":2,"minecraft:tuff":2,"minecraft:obsidian":17,"securitycraft:chiseled_crystal_quartz":347,"minecraft:spruce_boat":7,"minecraft:glass":40,"minecraft:waxed_oxidized_copper":60,"minecraft:packed_ice":1,"minecraft:honey_block":143,"minecraft:cyan_terracotta":1,"securitycraft:crystal_quartz_stairs":7,"minecraft:grass_block":240,"hunting_delight:cookedhumanmeat":2,"minecraft:quartz_block":16,"minecraft:stone_brick_stairs":284,"minecraft:stone_bricks":225,"bunker_down:airlock_iron_door":1,"minecraft:redstone_lamp":2,"minecraft:magma_block":2,"minecraft:sweet_berries":3,"minecraft:furnace":10,"minecraft:egg":1,"minecraft:green_stained_glass_pane":74,"securitycraft:crystal_quartz_pillar":968,"bunker_down:steel_vent":37,"minecraft:waxed_oxidized_cut_copper_slab":34,"dynamictrees:spruce_seed":1,"minecraft:end_rod":2,"securitycraft:reinforced_observer":40,"iceandfire:frozen_gravel":1,"minecraft:stone_pickaxe":267,"minecraft:wooden_pickaxe":12,"securitycraft:block_pocket_manager":1,"toughasnails:water_canteen":8,"securitycraft:reinforced_sticky_piston":55,"minecraft:sand":1,"minecraft:lime_stained_glass_pane":161,"minecraft:blast_furnace":2,"securitycraft:universal_block_remover":1,"toughasnails:wool_helmet":1,"minecraft:purple_terracotta":4,"minecraft:chiseled_quartz_block":32,"minecraft:stone_brick_wall":139,"minecraft:shears":13,"minecraft:deepslate_tiles":107,"minecraft:redstone_torch":3,"minecraft:sticky_piston":3,"minecraft:black_terracotta":6,"minecraft:lever":16,"bunker_down:steel_block":76,"securitycraft:reinforced_grass_block":2,"securitycraft:reinforced_gray_glazed_terracotta":1,"minecraft:light_gray_concrete":1,"minecraft:stone_button":3,"securitycraft:reinforced_iron_block":30821,"minecraft:deepslate":3,"minecraft:gravel":3,"minecraft:soul_lantern":9,"minecraft:fire_charge":1,"bunker_down:airlock_iron_trapdoor":1,"mts:mtsofficialpack.skyhawk_bluered":6,"minecraft:waxed_oxidized_cut_copper_stairs":162,"minecraft:chain":1,"hunting_delight:huntingknife":12,"minecraft:bone_meal":240,"minecraft:experience_bottle":4,"toughasnails:water_purifier":1,"tacz:gun_smith_table":4,"minecraft:spruce_planks":39,"minecraft:torch":161,"minecraft:dirt":74,"minecraft:anvil":1,"minecraft:nether_quartz_ore":1,"toughasnails:empty_canteen":3,"minecraft:cobblestone_wall":2,"minecraft:stone_brick_slab":358,"minecraft:sea_lantern":4,"mts:mts.instrumentbench":2,"minecraft:iron_block":68,"minecraft:iron_axe":64,"minecraft:slime_block":197,"securitycraft:universal_block_modifier":6,"securitycraft:crystal_quartz_slab":1,"minecraft:smooth_quartz":1,"minecraft:light_gray_wool":1,"minecraft:basalt":3,"minecraft:glowstone":4,"securitycraft:reinforced_black_glazed_terracotta":1,"minecraft:emerald_block":22,"minecraft:iron_trapdoor":3,"minecraft:lime_stained_glass":11738,"securitycraft:reinforced_glass":75,"minecraft:white_stained_glass_pane":3,"minecraft:observer":1,"minecraft:cobbled_deepslate":170,"minecraft:mossy_stone_brick_wall":132,"minecraft:light_gray_bed":2,"minecraft:wheat_seeds":40,"minecraft:quartz_bricks":68,"minecraft:cooked_mutton":16,"minecraft:water_bucket":2,"securitycraft:projector":3,"hunting_delight:sheepcorpse":1,"minecraft:polished_andesite":4,"minecraft:waxed_oxidized_cut_copper":746,"electrodynamics:orealuminum":3,"minecraft:spruce_fence_gate":1,"minecraft:deepslate_bricks":1,"minecraft:crafting_table":7,"electrodynamics:oremolybdenum":23,"minecraft:white_bed":1,"minecraft:campfire":1,"minecraft:oak_log":1,"minecraft:wooden_hoe":9,"bunker_down:steel_block_slab":9,"securitycraft:reinforced_crystal_quartz_pillar":2,"minecraft:iron_pickaxe":759,"minecraft:stone_axe":63,"minecraft:green_carpet":2,"minecraft:cobblestone":60,"toughasnails:purified_water_canteen":10,"minecraft:bucket":2,"minecraft:glass_pane":62,"minecraft:gray_wool":3,"minecraft:splash_potion":6,"securitycraft:universal_owner_changer":1,"minecraft:green_stained_glass":2},"minecraft:custom":{"minecraft:animals_bred":15,"minecraft:interact_with_crafting_table":1215,"minecraft:leave_game":29,"minecraft:time_since_death":974906,"minecraft:sprint_one_cm":1375116,"minecraft:drop":101,"minecraft:play_time":1039020,"minecraft:deaths":3,"minecraft:jump":2514,"minecraft:interact_with_brewingstand":1,"minecraft:walk_on_water_one_cm":41379,"minecraft:interact_with_furnace":65,"minecraft:sleep_in_bed":12,"minecraft:damage_dealt":3560,"minecraft:crouch_one_cm":54810,"minecraft:inspect_dispenser":1,"minecraft:interact_with_anvil":1,"minecraft:mob_kills":28,"minecraft:interact_with_campfire":3,"minecraft:climb_one_cm":41300,"minecraft:walk_one_cm":1909819,"minecraft:sneak_time":39446,"minecraft:walk_under_water_one_cm":24923,"minecraft:boat_one_cm":5588,"minecraft:interact_with_blast_furnace":33,"minecraft:total_world_time":1039020,"minecraft:time_since_rest":782578,"minecraft:damage_taken":2843,"minecraft:swim_one_cm":30039,"minecraft:fly_one_cm":3443290,"minecraft:open_chest":99,"minecraft:fall_one_cm":20441},"minecraft:picked_up":{"toughasnails:leaf_leggings":1,"minecraft:wheat":30,"mekanism:raw_uranium":27,"minecraft:amethyst_block":36,"iceandfire:manuscript":19,"minecraft:string":9,"minecraft:raw_copper":254,"minecraft:sticky_piston":6,"minecraft:experience_bottle":4,"hunting_delight:sheepcorpse":1,"minecraft:cobbled_deepslate":229,"minecraft:spruce_planks":33,"toughasnails:leaf_boots":1,"minecraft:redstone_torch":9,"minecraft:calcite":3,"minecraft:iron_pickaxe":2,"iceandfire:frozen_gravel":1,"toughasnails:wool_helmet":3,"minecraft:iron_boots":1,"minecraft:furnace":3,"minecraft:stick":64,"minecraft:oak_fence":1,"minecraft:torch":21,"iceandfire:silver_ore":7,"tacz:attachment":3,"minecraft:target":1,"mekanism:raw_tin":109,"minecraft:light_gray_bed":4,"minecraft:rotten_flesh":42,"minecraft:tropical_fish":4,"minecraft:iron_block":2,"hunting_delight:worm":22,"minecraft:cobblestone":88,"bunker_down:ceiling_lamp":12,"iceandfire:sapphire_gem":2,"minecraft:magma_block":4,"minecraft:feather":1,"minecraft:repeater":1,"bunker_down:steel_vent":42,"minecraft:potato":8,"toughasnails:leaf_helmet":1,"minecraft:flint":3,"minecraft:tuff":31,"minecraft:lapis_lazuli":196,"minecraft:dirt":27,"mts:mts.wrench":2,"minecraft:bone":20,"minecraft:wheat_seeds":131,"minecraft:raw_gold":44,"hunting_delight:rawsquid":5,"minecraft:glowstone_dust":3,"tacz:gun_smith_table":4,"minecraft:moss_block":2,"securitycraft:universal_block_reinforcer_lvl3":1,"minecraft:grass_block":1,"iceandfire:frozen_dirt":2,"hunting_delight:animal_fat":4,"minecraft:light_gray_concrete":1,"minecraft:diamond":32,"minecraft:spruce_boat":6,"minecraft:lever":11,"iceandfire:dragon_ice":3,"electrodynamics:crystalhalite":91,"minecraft:bone_meal":1,"minecraft:bread":3,"iceandfire:silver_nugget":74,"minecraft:coarse_dirt":2,"minecraft:crafting_table":6,"minecraft:ladder":1,"minecraft:redstone_lamp":7,"minecraft:chest_minecart":1,"electrodynamics:orealuminum":8,"dynamictrees:spruce_seed":1,"minecraft:chain":4,"toughasnails:wool_boots":3,"toughasnails:wool_chestplate":3,"minecraft:moss_carpet":2,"tacz:ammo":225,"minecraft:blackstone":17,"electrodynamics:oremolybdenum":6,"minecraft:observer":1,"minecraft:poppy":1,"minecraft:light_gray_wool":8,"minecraft:chest":21,"minecraft:piston":6,"iceandfire:ice_dragon_heart":1,"minecraft:egg":1,"minecraft:raw_iron":161,"iceandfire:dragonbone":10,"hunting_delight:humanmeat":2,"minecraft:redstone":97,"iceandfire:dragon_skull_ice":1,"iceandfire:silver_ingot":8,"minecraft:arrow":7,"iceandfire:dragonscales_silver":5,"minecraft:gold_ingot":33,"firstaid:bandage":4,"minecraft:glow_berries":3,"minecraft:mutton":19,"minecraft:rail":28,"minecraft:white_wool":51,"mekanism:raw_lead":20,"minecraft:glow_ink_sac":11,"toughasnails:wool_leggings":3,"minecraft:oak_log":8,"bunker_down:airlock_iron_door":1,"minecraft:gunpowder":7,"mts:mtsofficialpack.skyhawk_bluered":6,"bunker_down:steel_block":16,"minecraft:cooked_mutton":5,"minecraft:apple":5,"minecraft:spore_blossom":1,"minecraft:iron_ingot":28,"minecraft:cooked_chicken":1,"minecraft:cobweb":16,"minecraft:mossy_stone_brick_wall":1,"minecraft:acacia_sapling":3,"minecraft:flowering_azalea":5,"minecraft:book":2,"toughasnails:leaf_chestplate":1,"minecraft:sweet_berries":48,"bunker_down:underroot_stage_1":4,"minecraft:red_wool":7,"minecraft:quartz":1,"minecraft:dandelion":1,"minecraft:dripstone_block":1,"minecraft:gravel":17,"minecraft:amethyst_shard":52,"minecraft:spruce_sapling":1,"minecraft:blast_furnace":3,"securitycraft:reinforced_iron_block":1,"minecraft:spruce_log":65,"mekanism:raw_osmium":60,"bunker_down:steel_block_slab":6,"iceandfire:silver_sword":1,"tacz:modern_kinetic_gun":1,"minecraft:honey_block":1,"hunting_delight:broken_bone":188,"mekanism:fluorite_gem":106,"minecraft:gray_wool":4,"iceandfire:ice_dragon_flesh":4,"minecraft:black_wool":5,"minecraft:coal":105},"minecraft:broken":{"toughasnails:wool_helmet":1,"minecraft:stone_pickaxe":2,"toughasnails:wool_leggings":2,"toughasnails:wool_chestplate":2,"toughasnails:wool_boots":1,"minecraft:iron_pickaxe":1,"toughasnails:purified_water_canteen":2},"minecraft:killed":{"minecraft:spider":1,"minecraft:skeleton":2,"minecraft:zombie_villager":1,"mutantmonsters:mutant_skeleton":1,"minecraft:creeper":3,"minecraft:sheep":4,"minecraft:zombie":10,"iceandfire:pixie":1,"iceandfire:ice_dragon":1},"minecraft:dropped":{"minecraft:moss_block":2,"minecraft:oak_log":5,"minecraft:crafting_table":3,"minecraft:lime_stained_glass":1,"toughasnails:wool_boots":5,"minecraft:rail":21,"minecraft:cyan_terracotta":1,"minecraft:dirt":12,"firstaid:bandage":10,"iceandfire:armor_silver_metal_leggings":1,"minecraft:iron_pickaxe":2,"toughasnails:wool_chestplate":4,"minecraft:stone_axe":1,"minecraft:blackstone":1,"minecraft:rotten_flesh":2,"minecraft:black_terracotta":1,"minecraft:glowstone_dust":3,"minecraft:cooked_mutton":16,"minecraft:quartz_bricks":1,"minecraft:mossy_stone_brick_wall":1,"minecraft:glowstone":1,"minecraft:stone_brick_wall":1,"minecraft:ladder":1,"minecraft:acacia_sapling":3,"minecraft:glass":1,"minecraft:quartz":1,"minecraft:wheat_seeds":40,"toughasnails:wool_helmet":4,"minecraft:cobblestone":4,"hunting_delight:broken_bone":7,"minecraft:tropical_fish":4,"minecraft:grass_block":2,"minecraft:stick":4,"minecraft:iron_block":2,"minecraft:wooden_axe":2,"toughasnails:leaf_boots":1,"securitycraft:reinforced_iron_block":2,"toughasnails:leaf_helmet":1,"hunting_delight:worm":1,"hunting_delight:huntingknife":1,"toughasnails:leaf_leggings":1,"toughasnails:leaf_chestplate":1,"securitycraft:universal_block_reinforcer_lvl3":1,"minecraft:coarse_dirt":2,"minecraft:debug_stick":1,"electrodynamics:orealuminum":2,"mts:mts.wrench":2,"minecraft:stone":1,"minecraft:redstone_torch":2,"toughasnails:wool_leggings":4,"minecraft:wooden_pickaxe":1,"minecraft:magma_block":3,"minecraft:black_wool":4},"minecraft:crafted":{"minecraft:smooth_stone":16,"minecraft:stone":16,"sophisticatedbackpacks:copper_backpack":1,"minecraft:chest":1,"toughasnails:wool_chestplate":2,"sophisticatedbackpacks:backpack":1,"minecraft:crafting_table":4,"minecraft:spruce_planks":52,"minecraft:wooden_pickaxe":1,"minecraft:copper_ingot":110,"toughasnails:wool_leggings":1,"minecraft:wooden_hoe":2,"minecraft:charcoal":16,"minecraft:iron_ingot":161,"minecraft:iron_pickaxe":1,"minecraft:iron_block":1,"minecraft:gold_ingot":11,"minecraft:spruce_fence_gate":1,"minecraft:shears":2,"toughasnails:empty_canteen":2,"minecraft:furnace":1,"minecraft:blast_furnace":2,"minecraft:bone_meal":74,"firstaid:plaster":4,"minecraft:leather":20,"minecraft:iron_axe":1,"minecraft:stone_pickaxe":2,"minecraft:spruce_boat":1,"sophisticatedbackpacks:iron_backpack":1,"hunting_delight:huntingknife":2,"toughasnails:wool_helmet":2,"tacz:gun_smith_table":1,"sophisticatedbackpacks:gold_backpack":1,"minecraft:stone_axe":1,"minecraft:air":0,"toughasnails:wool_boots":1,"minecraft:white_wool":12,"minecraft:white_dye":5,"firstaid:bandage":18,"minecraft:white_bed":1,"hunting_delight:cookedhumanmeat":2,"minecraft:torch":60}},"DataVersion":3120}