{
	"format_version": "1.12.0",
	"minecraft:geometry": [
		{
			"description": {
				"identifier": "geometry.unknown",
				"texture_width": 16,
				"texture_height": 16,
				"visible_bounds_width": 2,
				"visible_bounds_height": 1.5,
				"visible_bounds_offset": [0, 0.25, 0]
			},
			"bones": [
				{
					"name": "bone18",
					"pivot": [0, -8, 0]
				},
				{
					"name": "bone16",
					"parent": "bone18",
					"pivot": [0, -7.25, -0.5],
					"cubes": [
						{
							"origin": [-2, 0.25, 0.5],
							"size": [4, 0.5, 0.55902],
							"pivot": [0, 0.75, 0.5],
							"rotation": [-63.43495, 0, 0],
							"uv": {
								"east": {"uv": [6, 10], "uv_size": [1, 1]},
								"west": {"uv": [8, 10], "uv_size": [1, 1]},
								"up": {"uv": [0, 8], "uv_size": [8, 1]}
							}
						},
						{
							"origin": [-2, 0, -0.75],
							"size": [4, 0.25, 1.5],
							"uv": {
								"north": {"uv": [8, 0], "uv_size": [8, 1]},
								"east": {"uv": [6, 10], "uv_size": [1, 1]},
								"south": {"uv": [8, 2], "uv_size": [8, 1]},
								"west": {"uv": [0, 10], "uv_size": [3, 1]},
								"down": {"uv": [0, 3], "uv_size": [8, -3]}
							}
						},
						{
							"origin": [-2, 0.25, -0.5],
							"size": [4, 0.5, 1],
							"uv": {
								"east": {"uv": [6, 10], "uv_size": [1, 1]},
								"west": {"uv": [4, 10], "uv_size": [2, 1]},
								"up": {"uv": [0, 4], "uv_size": [8, 2]}
							}
						},
						{
							"origin": [-2, 0.25, -1.05902],
							"size": [4, 0.5, 0.55902],
							"pivot": [0, 0.75, -0.5],
							"rotation": [63.43495, 0, 0],
							"uv": {
								"east": {"uv": [6, 10], "uv_size": [1, 1]},
								"west": {"uv": [10, 10], "uv_size": [1, 1]},
								"up": {"uv": [8, 4], "uv_size": [8, 1]}
							}
						}
					]
				},
				{
					"name": "bone21",
					"parent": "bone18",
					"pivot": [0, -7.25, 1.5],
					"cubes": [
						{
							"origin": [-2, 0.25, 2.5],
							"size": [4, 0.5, 0.55902],
							"pivot": [0, 0.75, 2.5],
							"rotation": [-63.43495, 0, 0],
							"uv": {
								"east": {"uv": [6, 10], "uv_size": [1, 1]},
								"west": {"uv": [10, 10], "uv_size": [1, 1]},
								"up": {"uv": [0, 8], "uv_size": [8, 1]}
							}
						},
						{
							"origin": [-2, 0, 1.25],
							"size": [4, 0.25, 1.5],
							"uv": {
								"north": {"uv": [8, 0], "uv_size": [8, 1]},
								"east": {"uv": [6, 10], "uv_size": [1, 1]},
								"south": {"uv": [8, 2], "uv_size": [8, 1]},
								"west": {"uv": [0, 10], "uv_size": [3, 1]},
								"down": {"uv": [0, 3], "uv_size": [8, -3]}
							}
						},
						{
							"origin": [-2, 0.25, 1.5],
							"size": [4, 0.5, 1],
							"uv": {
								"east": {"uv": [6, 10], "uv_size": [1, 1]},
								"west": {"uv": [4, 10], "uv_size": [2, 1]},
								"up": {"uv": [0, 4], "uv_size": [8, 2]}
							}
						},
						{
							"origin": [-2, 0.25, 0.94098],
							"size": [4, 0.5, 0.55902],
							"pivot": [0, 0.75, 1.5],
							"rotation": [63.43495, 0, 0],
							"uv": {
								"east": {"uv": [6, 10], "uv_size": [1, 1]},
								"west": {"uv": [10, 10], "uv_size": [1, 1]},
								"up": {"uv": [8, 4], "uv_size": [8, 1]}
							}
						}
					]
				},
				{
					"name": "bone22",
					"parent": "bone18",
					"pivot": [0, -6.5, 0.5],
					"cubes": [
						{
							"origin": [-2, 1, 1.5],
							"size": [4, 0.5, 0.55902],
							"pivot": [0, 1.5, 1.5],
							"rotation": [-63.43495, 0, 0],
							"uv": {
								"east": {"uv": [6, 10], "uv_size": [1, 1]},
								"west": {"uv": [10, 10], "uv_size": [1, 1]},
								"up": {"uv": [0, 8], "uv_size": [8, 1]}
							}
						},
						{
							"origin": [-2, 0.75, 0.25],
							"size": [4, 0.25, 1.5],
							"uv": {
								"north": {"uv": [8, 0], "uv_size": [8, 1]},
								"east": {"uv": [6, 10], "uv_size": [1, 1]},
								"south": {"uv": [8, 2], "uv_size": [8, 1]},
								"west": {"uv": [0, 10], "uv_size": [3, 1]},
								"down": {"uv": [0, 3], "uv_size": [8, -3]}
							}
						},
						{
							"origin": [-2, 1, 0.5],
							"size": [4, 0.5, 1],
							"uv": {
								"east": {"uv": [6, 10], "uv_size": [1, 1]},
								"west": {"uv": [4, 10], "uv_size": [2, 1]},
								"up": {"uv": [0, 4], "uv_size": [8, 2]}
							}
						},
						{
							"origin": [-2, 1, -0.05902],
							"size": [4, 0.5, 0.55902],
							"pivot": [0, 1.5, 0.5],
							"rotation": [63.43495, 0, 0],
							"uv": {
								"east": {"uv": [6, 10], "uv_size": [1, 1]},
								"west": {"uv": [10, 10], "uv_size": [1, 1]},
								"up": {"uv": [8, 4], "uv_size": [8, 1]}
							}
						}
					]
				},
				{
					"name": "bone17",
					"parent": "bone18",
					"pivot": [1, 0, -2.25],
					"rotation": [90, 60, 90],
					"cubes": [
						{
							"origin": [-3, -4.02161, -9.4116],
							"size": [4, 0.5, 0.55902],
							"pivot": [1.07055, -6.97741, -2.5],
							"rotation": [-63.43495, 0, 0],
							"uv": {
								"east": {"uv": [6, 10], "uv_size": [1, 1]},
								"west": {"uv": [8, 10], "uv_size": [1, 1]},
								"up": {"uv": [8, 6], "uv_size": [8, 1]}
							}
						},
						{
							"origin": [-3, 0, -3.75],
							"size": [4, 0.25, 1.5],
							"uv": {
								"north": {"uv": [8, 2], "uv_size": [8, 1]},
								"east": {"uv": [6, 10], "uv_size": [1, 1]},
								"south": {"uv": [8, 0], "uv_size": [8, 1]},
								"west": {"uv": [0, 10], "uv_size": [3, 1]},
								"down": {"uv": [0, 3], "uv_size": [8, -3]}
							}
						},
						{
							"origin": [-3, 0.25, -3.5],
							"size": [4, 0.5, 1],
							"uv": {
								"east": {"uv": [6, 10], "uv_size": [1, 1]},
								"west": {"uv": [4, 10], "uv_size": [2, 1]},
								"up": {"uv": [0, 6], "uv_size": [8, 2]}
							}
						},
						{
							"origin": [-3, -4.02161, 2.85259],
							"size": [4, 0.5, 0.55902],
							"pivot": [1.07055, -6.97741, -3.5],
							"rotation": [63.43495, 0, 0],
							"uv": {
								"east": {"uv": [6, 10], "uv_size": [1, 1]},
								"west": {"uv": [10, 10], "uv_size": [1, 1]},
								"up": {"uv": [8, 8], "uv_size": [8, 1]}
							}
						}
					]
				}
			]
		}
	]
}