{
	"format_version": "1.12.0",
	"minecraft:geometry": [
		{
			"description": {
				"identifier": "geometry.unknown",
				"texture_width": 32,
				"texture_height": 32,
				"visible_bounds_width": 3,
				"visible_bounds_height": 1.5,
				"visible_bounds_offset": [0, 0.25, 0]
			},
			"bones": [
				{
					"name": "root",
					"pivot": [0, 0.5, 0],
					"cubes": [
						{
							"origin": [-0.2071, 0, 2.9],
							"size": [0.4142, 1, 0.1],
							"pivot": [0, 0.5, 3],
							"rotation": [0, 0, 45],
							"uv": {
								"north": {"uv": [4, 1], "uv_size": [1, 1]},
								"east": {"uv": [6, 1], "uv_size": [1, 1]},
								"south": {"uv": [4, 1], "uv_size": [1, 1]},
								"west": {"uv": [6, 1], "uv_size": [1, 1]},
								"up": {"uv": [9, 2], "uv_size": [-1, -1]},
								"down": {"uv": [5, 2], "uv_size": [-1, -1]}
							}
						},
						{
							"origin": [-0.2071, 0, 2.9],
							"size": [0.4142, 1, 0.1],
							"uv": {
								"north": {"uv": [4, 1], "uv_size": [1, 1]},
								"east": {"uv": [6, 1], "uv_size": [1, 1]},
								"south": {"uv": [4, 1], "uv_size": [1, 1]},
								"west": {"uv": [6, 1], "uv_size": [1, 1]},
								"up": {"uv": [7, 2], "uv_size": [-1, -1]},
								"down": {"uv": [7, 2], "uv_size": [-1, -1]}
							}
						},
						{
							"origin": [-0.2071, 0, 2.9],
							"size": [0.4142, 1, 0.1],
							"pivot": [0, 0.5, 3],
							"rotation": [0, 0, 90],
							"uv": {
								"north": {"uv": [4, 1], "uv_size": [1, 1]},
								"east": {"uv": [6, 1], "uv_size": [1, 1]},
								"south": {"uv": [4, 1], "uv_size": [1, 1]},
								"west": {"uv": [6, 1], "uv_size": [1, 1]},
								"up": {"uv": [7, 2], "uv_size": [-1, -1]},
								"down": {"uv": [7, 2], "uv_size": [-1, -1]}
							}
						},
						{
							"origin": [-0.2071, 0, 2.9],
							"size": [0.4142, 1, 0.1],
							"pivot": [0, 0.5, 3],
							"rotation": [0, 0, -45],
							"uv": {
								"north": {"uv": [4, 1], "uv_size": [1, 1]},
								"east": {"uv": [6, 1], "uv_size": [1, 1]},
								"south": {"uv": [4, 1], "uv_size": [1, 1]},
								"west": {"uv": [6, 1], "uv_size": [1, 1]},
								"up": {"uv": [9, 2], "uv_size": [-1, -1]},
								"down": {"uv": [5, 2], "uv_size": [-1, -1]}
							}
						},
						{
							"origin": [-0.2071, 0, -7.5],
							"size": [0.4142, 1, 9.7],
							"pivot": [0, 0.5, 3],
							"rotation": [0, 0, -45],
							"uv": {
								"north": {"uv": [6, 1], "uv_size": [1, 1]},
								"east": {"uv": [6, 1], "uv_size": [1, 1]},
								"south": {"uv": [4, 1], "uv_size": [1, 1]},
								"west": {"uv": [6, 1], "uv_size": [1, 1]},
								"up": {"uv": [11, 2], "uv_size": [-1, -1]},
								"down": {"uv": [7, 2], "uv_size": [-1, -1]}
							}
						},
						{
							"origin": [-0.2071, 0, -7.5],
							"size": [0.4142, 1, 9.7],
							"pivot": [0, 0.5, 3],
							"rotation": [0, 0, 90],
							"uv": {
								"north": {"uv": [6, 1], "uv_size": [1, 1]},
								"east": {"uv": [6, 1], "uv_size": [1, 1]},
								"south": {"uv": [4, 1], "uv_size": [1, 1]},
								"west": {"uv": [6, 1], "uv_size": [1, 1]},
								"up": {"uv": [9, 2], "uv_size": [-1, -1]},
								"down": {"uv": [9, 2], "uv_size": [-1, -1]}
							}
						},
						{
							"origin": [-0.2071, 0, -7.5],
							"size": [0.4142, 1, 9.7],
							"uv": {
								"north": {"uv": [6, 1], "uv_size": [1, 1]},
								"east": {"uv": [6, 1], "uv_size": [1, 1]},
								"south": {"uv": [4, 1], "uv_size": [1, 1]},
								"west": {"uv": [6, 1], "uv_size": [1, 1]},
								"up": {"uv": [9, 2], "uv_size": [-1, -1]},
								"down": {"uv": [7, 2], "uv_size": [-1, -1]}
							}
						},
						{
							"origin": [-0.2071, 0, -7.5],
							"size": [0.4142, 1, 9.7],
							"pivot": [0, 0.5, 3],
							"rotation": [0, 0, 45],
							"uv": {
								"north": {"uv": [6, 1], "uv_size": [1, 1]},
								"east": {"uv": [6, 1], "uv_size": [1, 1]},
								"south": {"uv": [4, 1], "uv_size": [1, 1]},
								"west": {"uv": [6, 1], "uv_size": [1, 1]},
								"up": {"uv": [11, 2], "uv_size": [-1, -1]},
								"down": {"uv": [7, 2], "uv_size": [-1, -1]}
							}
						},
						{
							"origin": [-0.1553, 0.125, -8],
							"size": [0.3106, 0.75, 10.9],
							"uv": {
								"north": {"uv": [6, 1], "uv_size": [1, 1]},
								"east": {"uv": [4, 1], "uv_size": [1, 1]},
								"south": {"uv": [4, 1], "uv_size": [1, 1]},
								"west": {"uv": [4, 1], "uv_size": [1, 1]},
								"up": {"uv": [7, 2], "uv_size": [-1, -1]},
								"down": {"uv": [5, 2], "uv_size": [-1, -1]}
							}
						},
						{
							"origin": [-0.1553, 0.125, -8],
							"size": [0.3106, 0.75, 10.9],
							"pivot": [0, 0.5, 3],
							"rotation": [0, 0, 45],
							"uv": {
								"north": {"uv": [6, 1], "uv_size": [1, 1]},
								"east": {"uv": [4, 1], "uv_size": [1, 1]},
								"south": {"uv": [4, 1], "uv_size": [1, 1]},
								"west": {"uv": [4, 1], "uv_size": [1, 1]},
								"up": {"uv": [7, 2], "uv_size": [-1, -1]},
								"down": {"uv": [5, 2], "uv_size": [-1, -1]}
							}
						},
						{
							"origin": [-0.1553, 0.125, -8],
							"size": [0.3106, 0.75, 10.9],
							"pivot": [0, 0.5, 3],
							"rotation": [0, 0, 135],
							"uv": {
								"north": {"uv": [6, 1], "uv_size": [1, 1]},
								"east": {"uv": [4, 1], "uv_size": [1, 1]},
								"south": {"uv": [4, 1], "uv_size": [1, 1]},
								"west": {"uv": [4, 1], "uv_size": [1, 1]},
								"up": {"uv": [5, 2], "uv_size": [-1, -1]},
								"down": {"uv": [7, 2], "uv_size": [-1, -1]}
							}
						},
						{
							"origin": [-0.1553, 0.125, -8],
							"size": [0.3106, 0.75, 10.9],
							"pivot": [0, 0.5, 3],
							"rotation": [0, 0, 90],
							"uv": {
								"north": {"uv": [6, 1], "uv_size": [1, 1]},
								"east": {"uv": [4, 1], "uv_size": [1, 1]},
								"south": {"uv": [4, 1], "uv_size": [1, 1]},
								"west": {"uv": [4, 1], "uv_size": [1, 1]},
								"up": {"uv": [5, 2], "uv_size": [-1, -1]},
								"down": {"uv": [5, 2], "uv_size": [-1, -1]}
							}
						},
						{
							"origin": [-0.1071, 8.02817, -4.07107],
							"size": [0.2142, 0.25, 0.25],
							"pivot": [0, 0.5, 3],
							"rotation": [45, 0, 45],
							"uv": {
								"north": {"uv": [6, 1], "uv_size": [1, 1]},
								"east": {"uv": [6, 1], "uv_size": [1, 1]},
								"south": {"uv": [6, 1], "uv_size": [1, 1]},
								"west": {"uv": [6, 1], "uv_size": [1, 1]},
								"up": {"uv": [9, 2], "uv_size": [-1, -1]},
								"down": {"uv": [7, 2], "uv_size": [-1, -1]}
							}
						},
						{
							"origin": [-0.1071, 0.67678, -7.32322],
							"size": [0.2142, 0.5, 2],
							"pivot": [0, 0.5, 3],
							"rotation": [0, 0, 45],
							"uv": {
								"north": {"uv": [6, 1], "uv_size": [1, 1]},
								"east": {"uv": [6, 1], "uv_size": [1, 1]},
								"south": {"uv": [6, 1], "uv_size": [1, 1]},
								"west": {"uv": [6, 1], "uv_size": [1, 1]},
								"up": {"uv": [9, 2], "uv_size": [-1, -1]},
								"down": {"uv": [7, 2], "uv_size": [-1, -1]}
							}
						},
						{
							"origin": [-0.1071, -5.15685, -3.36396],
							"size": [0.2142, 0.25, 0.25],
							"pivot": [0, 0.5, 3],
							"rotation": [-45, 0, 45],
							"uv": {
								"north": {"uv": [6, 1], "uv_size": [1, 1]},
								"east": {"uv": [6, 1], "uv_size": [1, 1]},
								"south": {"uv": [6, 1], "uv_size": [1, 1]},
								"west": {"uv": [6, 1], "uv_size": [1, 1]},
								"up": {"uv": [9, 2], "uv_size": [-1, -1]},
								"down": {"uv": [7, 2], "uv_size": [-1, -1]}
							}
						},
						{
							"origin": [-0.1553, 3.28169, -7.58062],
							"size": [0.3106, 0.25, 0.51539],
							"pivot": [0, 0.5, 3],
							"rotation": [14.0362, 0, 0],
							"uv": {
								"north": {"uv": [8, 1], "uv_size": [1, 1]},
								"east": {"uv": [8, 1], "uv_size": [1, 1]},
								"south": {"uv": [8, 1], "uv_size": [1, 1]},
								"west": {"uv": [8, 1], "uv_size": [1, 1]},
								"up": {"uv": [9, 2], "uv_size": [-1, -1]},
								"down": {"uv": [9, 2], "uv_size": [-1, -1]}
							}
						},
						{
							"origin": [1.15027, 3.28169, -7.51182],
							"size": [0.0642, 0.25, 0.51798],
							"pivot": [0, 0.5, 3],
							"rotation": [14.10435, 5.57777, 1.399],
							"uv": {
								"north": {"uv": [8, 1], "uv_size": [1, 1]},
								"east": {"uv": [8, 1], "uv_size": [1, 1]},
								"south": {"uv": [8, 1], "uv_size": [1, 1]},
								"west": {"uv": [8, 1], "uv_size": [1, 1]},
								"up": {"uv": [9, 2], "uv_size": [-1, -1]},
								"down": {"uv": [9, 2], "uv_size": [-1, -1]}
							}
						},
						{
							"origin": [-1.21447, 3.28169, -7.51182],
							"size": [0.0642, 0.25, 0.51798],
							"pivot": [0, 0.5, 3],
							"rotation": [14.10435, -5.57777, -1.399],
							"uv": {
								"north": {"uv": [9, 1], "uv_size": [-1, 1]},
								"east": {"uv": [9, 1], "uv_size": [-1, 1]},
								"south": {"uv": [9, 1], "uv_size": [-1, 1]},
								"west": {"uv": [9, 1], "uv_size": [-1, 1]},
								"up": {"uv": [8, 2], "uv_size": [1, -1]},
								"down": {"uv": [8, 2], "uv_size": [1, -1]}
							}
						},
						{
							"origin": [1.15027, 3.28169, -7.51182],
							"size": [0.0642, 0.25, 0.51798],
							"pivot": [0, 0.5, 3],
							"rotation": [14.10435, 5.57777, -43.601],
							"uv": {
								"north": {"uv": [8, 1], "uv_size": [1, 1]},
								"east": {"uv": [8, 1], "uv_size": [1, 1]},
								"south": {"uv": [8, 1], "uv_size": [1, 1]},
								"west": {"uv": [8, 1], "uv_size": [1, 1]},
								"up": {"uv": [11, 2], "uv_size": [-1, -1]},
								"down": {"uv": [9, 2], "uv_size": [-1, -1]}
							}
						},
						{
							"origin": [-0.1553, 3.28169, -7.58062],
							"size": [0.3106, 0.25, 0.51539],
							"pivot": [0, 0.5, 3],
							"rotation": [14.0362, 0, -45],
							"uv": {
								"north": {"uv": [8, 1], "uv_size": [1, 1]},
								"east": {"uv": [8, 1], "uv_size": [1, 1]},
								"south": {"uv": [8, 1], "uv_size": [1, 1]},
								"west": {"uv": [8, 1], "uv_size": [1, 1]},
								"up": {"uv": [11, 2], "uv_size": [-1, -1]},
								"down": {"uv": [9, 2], "uv_size": [-1, -1]}
							}
						},
						{
							"origin": [-1.21447, 3.28169, -7.51182],
							"size": [0.0642, 0.25, 0.51798],
							"pivot": [0, 0.5, 3],
							"rotation": [14.10435, -5.57777, -46.399],
							"uv": {
								"north": {"uv": [9, 1], "uv_size": [-1, 1]},
								"east": {"uv": [9, 1], "uv_size": [-1, 1]},
								"south": {"uv": [9, 1], "uv_size": [-1, 1]},
								"west": {"uv": [9, 1], "uv_size": [-1, 1]},
								"up": {"uv": [10, 2], "uv_size": [1, -1]},
								"down": {"uv": [8, 2], "uv_size": [1, -1]}
							}
						},
						{
							"origin": [1.15027, 3.28169, -7.51182],
							"size": [0.0642, 0.25, 0.51798],
							"pivot": [0, 0.5, 3],
							"rotation": [14.10435, 5.57777, 91.399],
							"uv": {
								"north": {"uv": [8, 1], "uv_size": [1, 1]},
								"east": {"uv": [8, 1], "uv_size": [1, 1]},
								"south": {"uv": [8, 1], "uv_size": [1, 1]},
								"west": {"uv": [8, 1], "uv_size": [1, 1]},
								"up": {"uv": [9, 2], "uv_size": [-1, -1]},
								"down": {"uv": [9, 2], "uv_size": [-1, -1]}
							}
						},
						{
							"origin": [-0.1553, 3.28169, -7.58062],
							"size": [0.3106, 0.25, 0.51539],
							"pivot": [0, 0.5, 3],
							"rotation": [14.0362, 0, 90],
							"uv": {
								"north": {"uv": [8, 1], "uv_size": [1, 1]},
								"east": {"uv": [8, 1], "uv_size": [1, 1]},
								"south": {"uv": [8, 1], "uv_size": [1, 1]},
								"west": {"uv": [8, 1], "uv_size": [1, 1]},
								"up": {"uv": [9, 2], "uv_size": [-1, -1]},
								"down": {"uv": [9, 2], "uv_size": [-1, -1]}
							}
						},
						{
							"origin": [-1.21447, 3.28169, -7.51182],
							"size": [0.0642, 0.25, 0.51798],
							"pivot": [0, 0.5, 3],
							"rotation": [14.10435, -5.57777, 88.601],
							"uv": {
								"north": {"uv": [9, 1], "uv_size": [-1, 1]},
								"east": {"uv": [9, 1], "uv_size": [-1, 1]},
								"south": {"uv": [9, 1], "uv_size": [-1, 1]},
								"west": {"uv": [9, 1], "uv_size": [-1, 1]},
								"up": {"uv": [8, 2], "uv_size": [1, -1]},
								"down": {"uv": [8, 2], "uv_size": [1, -1]}
							}
						},
						{
							"origin": [1.15027, 3.28169, -7.51182],
							"size": [0.0642, 0.25, 0.51798],
							"pivot": [0, 0.5, 3],
							"rotation": [14.10435, 5.57777, 46.399],
							"uv": {
								"north": {"uv": [8, 1], "uv_size": [1, 1]},
								"east": {"uv": [8, 1], "uv_size": [1, 1]},
								"south": {"uv": [8, 1], "uv_size": [1, 1]},
								"west": {"uv": [8, 1], "uv_size": [1, 1]},
								"up": {"uv": [11, 2], "uv_size": [-1, -1]},
								"down": {"uv": [9, 2], "uv_size": [-1, -1]}
							}
						},
						{
							"origin": [-0.1553, 3.28169, -7.58062],
							"size": [0.3106, 0.25, 0.51539],
							"pivot": [0, 0.5, 3],
							"rotation": [14.0362, 0, 45],
							"uv": {
								"north": {"uv": [8, 1], "uv_size": [1, 1]},
								"east": {"uv": [8, 1], "uv_size": [1, 1]},
								"south": {"uv": [8, 1], "uv_size": [1, 1]},
								"west": {"uv": [8, 1], "uv_size": [1, 1]},
								"up": {"uv": [11, 2], "uv_size": [-1, -1]},
								"down": {"uv": [9, 2], "uv_size": [-1, -1]}
							}
						},
						{
							"origin": [-1.21447, 3.28169, -7.51182],
							"size": [0.0642, 0.25, 0.51798],
							"pivot": [0, 0.5, 3],
							"rotation": [14.10435, -5.57777, 43.601],
							"uv": {
								"north": {"uv": [9, 1], "uv_size": [-1, 1]},
								"east": {"uv": [9, 1], "uv_size": [-1, 1]},
								"south": {"uv": [9, 1], "uv_size": [-1, 1]},
								"west": {"uv": [9, 1], "uv_size": [-1, 1]},
								"up": {"uv": [10, 2], "uv_size": [1, -1]},
								"down": {"uv": [8, 2], "uv_size": [1, -1]}
							}
						},
						{
							"origin": [-1.21447, 3.28169, -7.51182],
							"size": [0.0642, 0.25, 0.51798],
							"pivot": [0, 0.5, 3],
							"rotation": [14.10435, -5.57777, 133.601],
							"uv": {
								"north": {"uv": [9, 1], "uv_size": [-1, 1]},
								"east": {"uv": [9, 1], "uv_size": [-1, 1]},
								"south": {"uv": [9, 1], "uv_size": [-1, 1]},
								"west": {"uv": [9, 1], "uv_size": [-1, 1]},
								"up": {"uv": [6, 2], "uv_size": [1, -1]},
								"down": {"uv": [8, 2], "uv_size": [1, -1]}
							}
						},
						{
							"origin": [-0.1553, 3.28169, -7.58062],
							"size": [0.3106, 0.25, 0.51539],
							"pivot": [0, 0.5, 3],
							"rotation": [14.0362, 0, 135],
							"uv": {
								"north": {"uv": [8, 1], "uv_size": [1, 1]},
								"east": {"uv": [8, 1], "uv_size": [1, 1]},
								"south": {"uv": [8, 1], "uv_size": [1, 1]},
								"west": {"uv": [8, 1], "uv_size": [1, 1]},
								"up": {"uv": [7, 2], "uv_size": [-1, -1]},
								"down": {"uv": [9, 2], "uv_size": [-1, -1]}
							}
						},
						{
							"origin": [1.15027, 3.28169, -7.51182],
							"size": [0.0642, 0.25, 0.51798],
							"pivot": [0, 0.5, 3],
							"rotation": [14.10435, 5.57777, 136.399],
							"uv": {
								"north": {"uv": [8, 1], "uv_size": [1, 1]},
								"east": {"uv": [8, 1], "uv_size": [1, 1]},
								"south": {"uv": [8, 1], "uv_size": [1, 1]},
								"west": {"uv": [8, 1], "uv_size": [1, 1]},
								"up": {"uv": [7, 2], "uv_size": [-1, -1]},
								"down": {"uv": [9, 2], "uv_size": [-1, -1]}
							}
						},
						{
							"origin": [-1.21447, 3.28169, -7.51182],
							"size": [0.0642, 0.25, 0.51798],
							"pivot": [0, 0.5, 3],
							"rotation": [14.10435, -5.57777, 178.601],
							"uv": {
								"north": {"uv": [9, 1], "uv_size": [-1, 1]},
								"east": {"uv": [9, 1], "uv_size": [-1, 1]},
								"south": {"uv": [9, 1], "uv_size": [-1, 1]},
								"west": {"uv": [9, 1], "uv_size": [-1, 1]},
								"up": {"uv": [8, 2], "uv_size": [1, -1]},
								"down": {"uv": [8, 2], "uv_size": [1, -1]}
							}
						},
						{
							"origin": [-0.1553, 3.28169, -7.58062],
							"size": [0.3106, 0.25, 0.51539],
							"pivot": [0, 0.5, 3],
							"rotation": [14.0362, 0, 180],
							"uv": {
								"north": {"uv": [8, 1], "uv_size": [1, 1]},
								"east": {"uv": [8, 1], "uv_size": [1, 1]},
								"south": {"uv": [8, 1], "uv_size": [1, 1]},
								"west": {"uv": [8, 1], "uv_size": [1, 1]},
								"up": {"uv": [9, 2], "uv_size": [-1, -1]},
								"down": {"uv": [9, 2], "uv_size": [-1, -1]}
							}
						},
						{
							"origin": [1.15027, 3.28169, -7.51182],
							"size": [0.0642, 0.25, 0.51798],
							"pivot": [0, 0.5, 3],
							"rotation": [14.10435, 5.57777, -178.601],
							"uv": {
								"north": {"uv": [8, 1], "uv_size": [1, 1]},
								"east": {"uv": [8, 1], "uv_size": [1, 1]},
								"south": {"uv": [8, 1], "uv_size": [1, 1]},
								"west": {"uv": [8, 1], "uv_size": [1, 1]},
								"up": {"uv": [9, 2], "uv_size": [-1, -1]},
								"down": {"uv": [9, 2], "uv_size": [-1, -1]}
							}
						},
						{
							"origin": [1.15027, 3.28169, -7.51182],
							"size": [0.0642, 0.25, 0.51798],
							"pivot": [0, 0.5, 3],
							"rotation": [14.10435, 5.57777, -88.601],
							"uv": {
								"north": {"uv": [8, 1], "uv_size": [1, 1]},
								"east": {"uv": [8, 1], "uv_size": [1, 1]},
								"south": {"uv": [8, 1], "uv_size": [1, 1]},
								"west": {"uv": [8, 1], "uv_size": [1, 1]},
								"up": {"uv": [9, 2], "uv_size": [-1, -1]},
								"down": {"uv": [9, 2], "uv_size": [-1, -1]}
							}
						},
						{
							"origin": [-0.1553, 3.28169, -7.58062],
							"size": [0.3106, 0.25, 0.51539],
							"pivot": [0, 0.5, 3],
							"rotation": [14.0362, 0, -90],
							"uv": {
								"north": {"uv": [8, 1], "uv_size": [1, 1]},
								"east": {"uv": [8, 1], "uv_size": [1, 1]},
								"south": {"uv": [8, 1], "uv_size": [1, 1]},
								"west": {"uv": [8, 1], "uv_size": [1, 1]},
								"up": {"uv": [9, 2], "uv_size": [-1, -1]},
								"down": {"uv": [9, 2], "uv_size": [-1, -1]}
							}
						},
						{
							"origin": [-1.21447, 3.28169, -7.51182],
							"size": [0.0642, 0.25, 0.51798],
							"pivot": [0, 0.5, 3],
							"rotation": [14.10435, -5.57777, -91.399],
							"uv": {
								"north": {"uv": [9, 1], "uv_size": [-1, 1]},
								"east": {"uv": [9, 1], "uv_size": [-1, 1]},
								"south": {"uv": [9, 1], "uv_size": [-1, 1]},
								"west": {"uv": [9, 1], "uv_size": [-1, 1]},
								"up": {"uv": [8, 2], "uv_size": [1, -1]},
								"down": {"uv": [8, 2], "uv_size": [1, -1]}
							}
						},
						{
							"origin": [1.15027, 3.28169, -7.51182],
							"size": [0.0642, 0.25, 0.51798],
							"pivot": [0, 0.5, 3],
							"rotation": [14.10435, 5.57777, -133.601],
							"uv": {
								"north": {"uv": [8, 1], "uv_size": [1, 1]},
								"east": {"uv": [8, 1], "uv_size": [1, 1]},
								"south": {"uv": [8, 1], "uv_size": [1, 1]},
								"west": {"uv": [8, 1], "uv_size": [1, 1]},
								"up": {"uv": [7, 2], "uv_size": [-1, -1]},
								"down": {"uv": [9, 2], "uv_size": [-1, -1]}
							}
						},
						{
							"origin": [-0.1553, 3.28169, -7.58062],
							"size": [0.3106, 0.25, 0.51539],
							"pivot": [0, 0.5, 3],
							"rotation": [14.0362, 0, -135],
							"uv": {
								"north": {"uv": [8, 1], "uv_size": [1, 1]},
								"east": {"uv": [8, 1], "uv_size": [1, 1]},
								"south": {"uv": [8, 1], "uv_size": [1, 1]},
								"west": {"uv": [8, 1], "uv_size": [1, 1]},
								"up": {"uv": [7, 2], "uv_size": [-1, -1]},
								"down": {"uv": [9, 2], "uv_size": [-1, -1]}
							}
						},
						{
							"origin": [-1.21447, 3.28169, -7.51182],
							"size": [0.0642, 0.25, 0.51798],
							"pivot": [0, 0.5, 3],
							"rotation": [14.10435, -5.57777, -136.399],
							"uv": {
								"north": {"uv": [9, 1], "uv_size": [-1, 1]},
								"east": {"uv": [9, 1], "uv_size": [-1, 1]},
								"south": {"uv": [9, 1], "uv_size": [-1, 1]},
								"west": {"uv": [9, 1], "uv_size": [-1, 1]},
								"up": {"uv": [6, 2], "uv_size": [1, -1]},
								"down": {"uv": [8, 2], "uv_size": [1, -1]}
							}
						},
						{
							"origin": [-0.1071, 2.00009, 1.95702],
							"size": [0.2142, 0.25, 0.25],
							"pivot": [0, 0.5, 3],
							"rotation": [45, 0, 45],
							"uv": {
								"north": {"uv": [6, 1], "uv_size": [1, 1]},
								"east": {"uv": [6, 1], "uv_size": [1, 1]},
								"south": {"uv": [6, 1], "uv_size": [1, 1]},
								"west": {"uv": [6, 1], "uv_size": [1, 1]},
								"up": {"uv": [9, 2], "uv_size": [-1, -1]},
								"down": {"uv": [7, 2], "uv_size": [-1, -1]}
							}
						},
						{
							"origin": [-0.1071, 0.67678, 1.20178],
							"size": [0.2142, 0.5, 1],
							"pivot": [0, 0.5, 3],
							"rotation": [0, 0, 45],
							"uv": {
								"north": {"uv": [6, 1], "uv_size": [1, 1]},
								"east": {"uv": [6, 1], "uv_size": [1, 1]},
								"south": {"uv": [4, 1], "uv_size": [1, 1]},
								"west": {"uv": [6, 1], "uv_size": [1, 1]},
								"up": {"uv": [9, 2], "uv_size": [-1, -1]},
								"down": {"uv": [7, 2], "uv_size": [-1, -1]}
							}
						},
						{
							"origin": [-0.1071, 0.76538, 2.747],
							"size": [0.2142, 0.25, 0.25],
							"pivot": [0, 0.5, 3],
							"rotation": [22.5, 0, 45],
							"uv": {
								"north": {"uv": [6, 1], "uv_size": [1, 1]},
								"east": {"uv": [6, 1], "uv_size": [1, 1]},
								"south": {"uv": [6, 1], "uv_size": [1, 1]},
								"west": {"uv": [6, 1], "uv_size": [1, 1]},
								"up": {"uv": [9, 2], "uv_size": [-1, -1]},
								"down": {"uv": [7, 2], "uv_size": [-1, -1]}
							}
						},
						{
							"origin": [-0.1071, -5.15685, -3.36396],
							"size": [0.2142, 0.25, 0.25],
							"pivot": [0, 0.5, 3],
							"rotation": [-45, 0, -45],
							"uv": {
								"north": {"uv": [6, 1], "uv_size": [1, 1]},
								"east": {"uv": [6, 1], "uv_size": [1, 1]},
								"south": {"uv": [6, 1], "uv_size": [1, 1]},
								"west": {"uv": [6, 1], "uv_size": [1, 1]},
								"up": {"uv": [9, 2], "uv_size": [-1, -1]},
								"down": {"uv": [7, 2], "uv_size": [-1, -1]}
							}
						},
						{
							"origin": [-0.1071, 0.67678, -7.32322],
							"size": [0.2142, 0.5, 2],
							"pivot": [0, 0.5, 3],
							"rotation": [0, 0, -45],
							"uv": {
								"north": {"uv": [6, 1], "uv_size": [1, 1]},
								"east": {"uv": [6, 1], "uv_size": [1, 1]},
								"south": {"uv": [6, 1], "uv_size": [1, 1]},
								"west": {"uv": [6, 1], "uv_size": [1, 1]},
								"up": {"uv": [9, 2], "uv_size": [-1, -1]},
								"down": {"uv": [7, 2], "uv_size": [-1, -1]}
							}
						},
						{
							"origin": [-0.1071, 8.02817, -4.07107],
							"size": [0.2142, 0.25, 0.25],
							"pivot": [0, 0.5, 3],
							"rotation": [45, 0, -45],
							"uv": {
								"north": {"uv": [6, 1], "uv_size": [1, 1]},
								"east": {"uv": [6, 1], "uv_size": [1, 1]},
								"south": {"uv": [6, 1], "uv_size": [1, 1]},
								"west": {"uv": [6, 1], "uv_size": [1, 1]},
								"up": {"uv": [9, 2], "uv_size": [-1, -1]},
								"down": {"uv": [7, 2], "uv_size": [-1, -1]}
							}
						},
						{
							"origin": [-0.1071, 0.76538, 2.747],
							"size": [0.2142, 0.25, 0.25],
							"pivot": [0, 0.5, 3],
							"rotation": [22.5, 0, -45],
							"uv": {
								"north": {"uv": [6, 1], "uv_size": [1, 1]},
								"east": {"uv": [6, 1], "uv_size": [1, 1]},
								"south": {"uv": [6, 1], "uv_size": [1, 1]},
								"west": {"uv": [6, 1], "uv_size": [1, 1]},
								"up": {"uv": [9, 2], "uv_size": [-1, -1]},
								"down": {"uv": [7, 2], "uv_size": [-1, -1]}
							}
						},
						{
							"origin": [-0.1071, 2.00009, 1.95702],
							"size": [0.2142, 0.25, 0.25],
							"pivot": [0, 0.5, 3],
							"rotation": [45, 0, -45],
							"uv": {
								"north": {"uv": [6, 1], "uv_size": [1, 1]},
								"east": {"uv": [6, 1], "uv_size": [1, 1]},
								"south": {"uv": [6, 1], "uv_size": [1, 1]},
								"west": {"uv": [6, 1], "uv_size": [1, 1]},
								"up": {"uv": [9, 2], "uv_size": [-1, -1]},
								"down": {"uv": [7, 2], "uv_size": [-1, -1]}
							}
						},
						{
							"origin": [-0.1071, 0.67678, 1.20178],
							"size": [0.2142, 0.5, 1],
							"pivot": [0, 0.5, 3],
							"rotation": [0, 0, -45],
							"uv": {
								"north": {"uv": [6, 1], "uv_size": [1, 1]},
								"east": {"uv": [6, 1], "uv_size": [1, 1]},
								"south": {"uv": [4, 1], "uv_size": [1, 1]},
								"west": {"uv": [6, 1], "uv_size": [1, 1]},
								"up": {"uv": [9, 2], "uv_size": [-1, -1]},
								"down": {"uv": [7, 2], "uv_size": [-1, -1]}
							}
						},
						{
							"origin": [-0.1071, -5.15685, -3.36396],
							"size": [0.2142, 0.25, 0.25],
							"pivot": [0, 0.5, 3],
							"rotation": [-45, 0, -135],
							"uv": {
								"north": {"uv": [6, 1], "uv_size": [1, 1]},
								"east": {"uv": [6, 1], "uv_size": [1, 1]},
								"south": {"uv": [6, 1], "uv_size": [1, 1]},
								"west": {"uv": [6, 1], "uv_size": [1, 1]},
								"up": {"uv": [5, 2], "uv_size": [-1, -1]},
								"down": {"uv": [7, 2], "uv_size": [-1, -1]}
							}
						},
						{
							"origin": [-0.1071, 0.67678, -7.32322],
							"size": [0.2142, 0.5, 2],
							"pivot": [0, 0.5, 3],
							"rotation": [0, 0, -135],
							"uv": {
								"north": {"uv": [6, 1], "uv_size": [1, 1]},
								"east": {"uv": [6, 1], "uv_size": [1, 1]},
								"south": {"uv": [6, 1], "uv_size": [1, 1]},
								"west": {"uv": [6, 1], "uv_size": [1, 1]},
								"up": {"uv": [5, 2], "uv_size": [-1, -1]},
								"down": {"uv": [7, 2], "uv_size": [-1, -1]}
							}
						},
						{
							"origin": [-0.1071, 8.02817, -4.07107],
							"size": [0.2142, 0.25, 0.25],
							"pivot": [0, 0.5, 3],
							"rotation": [45, 0, -135],
							"uv": {
								"north": {"uv": [6, 1], "uv_size": [1, 1]},
								"east": {"uv": [6, 1], "uv_size": [1, 1]},
								"south": {"uv": [6, 1], "uv_size": [1, 1]},
								"west": {"uv": [6, 1], "uv_size": [1, 1]},
								"up": {"uv": [5, 2], "uv_size": [-1, -1]},
								"down": {"uv": [7, 2], "uv_size": [-1, -1]}
							}
						},
						{
							"origin": [-0.1071, 0.025, 2.8],
							"size": [0.2142, 0.95, 0.1],
							"pivot": [0, 0.5, 3],
							"rotation": [0, 0, -135],
							"uv": {
								"north": {"uv": [6, 1], "uv_size": [1, 1]},
								"east": {"uv": [6, 1], "uv_size": [1, 1]},
								"south": {"uv": [6, 1], "uv_size": [1, 1]},
								"west": {"uv": [6, 1], "uv_size": [1, 1]},
								"up": {"uv": [5, 2], "uv_size": [-1, -1]},
								"down": {"uv": [9, 2], "uv_size": [-1, -1]}
							}
						},
						{
							"origin": [-0.1071, 0.76538, 2.747],
							"size": [0.2142, 0.25, 0.25],
							"pivot": [0, 0.5, 3],
							"rotation": [22.5, 0, -135],
							"uv": {
								"north": {"uv": [6, 1], "uv_size": [1, 1]},
								"east": {"uv": [6, 1], "uv_size": [1, 1]},
								"south": {"uv": [6, 1], "uv_size": [1, 1]},
								"west": {"uv": [6, 1], "uv_size": [1, 1]},
								"up": {"uv": [5, 2], "uv_size": [-1, -1]},
								"down": {"uv": [7, 2], "uv_size": [-1, -1]}
							}
						},
						{
							"origin": [-0.1071, 2.00009, 1.95702],
							"size": [0.2142, 0.25, 0.25],
							"pivot": [0, 0.5, 3],
							"rotation": [45, 0, -135],
							"uv": {
								"north": {"uv": [6, 1], "uv_size": [1, 1]},
								"east": {"uv": [6, 1], "uv_size": [1, 1]},
								"south": {"uv": [6, 1], "uv_size": [1, 1]},
								"west": {"uv": [6, 1], "uv_size": [1, 1]},
								"up": {"uv": [5, 2], "uv_size": [-1, -1]},
								"down": {"uv": [7, 2], "uv_size": [-1, -1]}
							}
						},
						{
							"origin": [-0.1071, 0.67678, 1.20178],
							"size": [0.2142, 0.5, 1],
							"pivot": [0, 0.5, 3],
							"rotation": [0, 0, -135],
							"uv": {
								"north": {"uv": [6, 1], "uv_size": [1, 1]},
								"east": {"uv": [6, 1], "uv_size": [1, 1]},
								"south": {"uv": [4, 1], "uv_size": [1, 1]},
								"west": {"uv": [6, 1], "uv_size": [1, 1]},
								"up": {"uv": [5, 2], "uv_size": [-1, -1]},
								"down": {"uv": [7, 2], "uv_size": [-1, -1]}
							}
						},
						{
							"origin": [-0.1071, -5.15685, -3.36396],
							"size": [0.2142, 0.25, 0.25],
							"pivot": [0, 0.5, 3],
							"rotation": [-45, 0, 135],
							"uv": {
								"north": {"uv": [6, 1], "uv_size": [1, 1]},
								"east": {"uv": [6, 1], "uv_size": [1, 1]},
								"south": {"uv": [6, 1], "uv_size": [1, 1]},
								"west": {"uv": [6, 1], "uv_size": [1, 1]},
								"up": {"uv": [5, 2], "uv_size": [-1, -1]},
								"down": {"uv": [7, 2], "uv_size": [-1, -1]}
							}
						},
						{
							"origin": [-0.1071, 0.67678, -7.32322],
							"size": [0.2142, 0.5, 2],
							"pivot": [0, 0.5, 3],
							"rotation": [0, 0, 135],
							"uv": {
								"north": {"uv": [6, 1], "uv_size": [1, 1]},
								"east": {"uv": [6, 1], "uv_size": [1, 1]},
								"south": {"uv": [6, 1], "uv_size": [1, 1]},
								"west": {"uv": [6, 1], "uv_size": [1, 1]},
								"up": {"uv": [5, 2], "uv_size": [-1, -1]},
								"down": {"uv": [7, 2], "uv_size": [-1, -1]}
							}
						},
						{
							"origin": [-0.1071, 8.02817, -4.07107],
							"size": [0.2142, 0.25, 0.25],
							"pivot": [0, 0.5, 3],
							"rotation": [45, 0, 135],
							"uv": {
								"north": {"uv": [6, 1], "uv_size": [1, 1]},
								"east": {"uv": [6, 1], "uv_size": [1, 1]},
								"south": {"uv": [6, 1], "uv_size": [1, 1]},
								"west": {"uv": [6, 1], "uv_size": [1, 1]},
								"up": {"uv": [5, 2], "uv_size": [-1, -1]},
								"down": {"uv": [7, 2], "uv_size": [-1, -1]}
							}
						},
						{
							"origin": [-0.1071, 0.025, 2.8],
							"size": [0.2142, 0.95, 0.1],
							"pivot": [0, 0.5, 3],
							"rotation": [0, 0, 135],
							"uv": {
								"north": {"uv": [6, 1], "uv_size": [1, 1]},
								"east": {"uv": [6, 1], "uv_size": [1, 1]},
								"south": {"uv": [6, 1], "uv_size": [1, 1]},
								"west": {"uv": [6, 1], "uv_size": [1, 1]},
								"up": {"uv": [5, 2], "uv_size": [-1, -1]},
								"down": {"uv": [9, 2], "uv_size": [-1, -1]}
							}
						},
						{
							"origin": [-0.1071, 0.76538, 2.747],
							"size": [0.2142, 0.25, 0.25],
							"pivot": [0, 0.5, 3],
							"rotation": [22.5, 0, 135],
							"uv": {
								"north": {"uv": [6, 1], "uv_size": [1, 1]},
								"east": {"uv": [6, 1], "uv_size": [1, 1]},
								"south": {"uv": [6, 1], "uv_size": [1, 1]},
								"west": {"uv": [6, 1], "uv_size": [1, 1]},
								"up": {"uv": [5, 2], "uv_size": [-1, -1]},
								"down": {"uv": [7, 2], "uv_size": [-1, -1]}
							}
						},
						{
							"origin": [-0.1071, 2.00009, 1.95702],
							"size": [0.2142, 0.25, 0.25],
							"pivot": [0, 0.5, 3],
							"rotation": [45, 0, 135],
							"uv": {
								"north": {"uv": [6, 1], "uv_size": [1, 1]},
								"east": {"uv": [6, 1], "uv_size": [1, 1]},
								"south": {"uv": [6, 1], "uv_size": [1, 1]},
								"west": {"uv": [6, 1], "uv_size": [1, 1]},
								"up": {"uv": [5, 2], "uv_size": [-1, -1]},
								"down": {"uv": [7, 2], "uv_size": [-1, -1]}
							}
						},
						{
							"origin": [-0.1071, 0.67678, 1.20178],
							"size": [0.2142, 0.5, 1],
							"pivot": [0, 0.5, 3],
							"rotation": [0, 0, 135],
							"uv": {
								"north": {"uv": [6, 1], "uv_size": [1, 1]},
								"east": {"uv": [6, 1], "uv_size": [1, 1]},
								"south": {"uv": [4, 1], "uv_size": [1, 1]},
								"west": {"uv": [6, 1], "uv_size": [1, 1]},
								"up": {"uv": [5, 2], "uv_size": [-1, -1]},
								"down": {"uv": [7, 2], "uv_size": [-1, -1]}
							}
						}
					]
				},
				{
					"name": "positioning",
					"pivot": [-3.025, -8.95, -11.225]
				},
				{
					"name": "ground",
					"parent": "positioning",
					"pivot": [0, 0, 0]
				},
				{
					"name": "fixed",
					"parent": "positioning",
					"pivot": [0, 0.5, 0],
					"rotation": [0, -90, 0]
				},
				{
					"name": "thirdperson_hand",
					"parent": "positioning",
					"pivot": [-0.025, 0.55, -0.225]
				}
			]
		}
	]
}