{
  "ammo": "eos:battery",
  "ammo_amount": 7,
  "extended_mag_ammo_amount": [
    5,
    8,
    11
  ],
  "bolt": "manual_action",
  "rpm": 180,
  "bullet": {
    "life": 0.9,
    "bullet_amount": 8,
    "damage": 32,
    "tracer_count_interval": 0,
    "extra_damage": {
      "armor_ignore": 0.25,
      "head_shot_multiplier": 1.50,
      "damage_adjust": [
        {"distance": 20, "damage": 36},
        {"distance": 40, "damage": 27},
        {"distance": "infinite", "damage": 18}
      ]
    },
    "speed": 150,
    "gravity": 0.098,
    "knockback": 0,
    "friction": 0.015,
    "ignite": false,
    "pierce": 4
  },
  "reload": {
    "type": "fuel",
    "feed": {
      "empty": 3,
      "tactical": 1.75
    },
    "cooldown": {
      "empty": 3.25,
      "tactical": 2
    }
  },
  "draw_time": 0.6,
  "put_away_time": 0.45,
  "aim_time": 0.1,
  "sprint_time": 0.2,
  "weight": 6.4,
  "bolt_action_time": 0.3,
  "fire_mode": [
    "semi",
    "auto"
  ],
  "recoil": {
    "pitch": [
      {"time": 0, "value": [4.0, 4.0]},
      {"time": 0.1, "value": [1.5, 1.5]},
      {"time": 0.13, "value": [1, 1]},
      {"time": 0.4, "value": [-0.5, -0.5]},
      {"time": 0.53, "value": [0.25, 0.25]},
      {"time": 0.65, "value": [0, 0]},
      {"time": 0.7, "value": [0, 0]}
    ],
    "yaw": [
      {"time": 0, "value": [-1.75, -1.75]},
      {"time": 0.1, "value": [-1.5, -1.5]},
      {"time": 0.5, "value": [0.15, 0.15]},
      {"time": 0.65, "value": [0, 0]}
    ]
  },
  "inaccuracy": {
    "stand": 3.65,
    "move": 3.7,
    "sneak": 3.65,
    "lie": 3.65,
    "aim": 1.5
  },
  // 近战相关
  "melee": {
    // 枪械距离参数，用来延升近战攻击范围
    // 会与刺刀等配件的距离做加和
    "distance": 1,
    // 使用时的冷却时间
    "cooldown": 0.5,
    // 默认近战数据，会被配件的数据替换掉
    "default": {
      // 动画类型：没有枪托的为 melee_push，有枪托的为 melee_stock
      "animation_type": "melee_stock",
      // 刺刀距离参数，枪械里还有个刺刀攻击距离参数，两者做加和
      "distance": 0,
      // 刺刀范围角度
      "range_angle": 30,
      // 伤害值
      "damage": 2,
      // 击退效果
      "knockback": 0.75,
      // 前摇时长，单位：秒
      "prep": 0.1
    }
  },
  "allow_attachment_types": [
    "scope",
    "muzzle",
    "grip",
    "extended_mag",
    "stock"
  ],
  "builtin_attachments": {
    "muzzle": "eos:bayonet_katana"
  }
  //"script": "eos:elp_72_t3"
}