{
  "ammo": "tacz:308",
  "ammo_amount": 6,
  "extended_mag_ammo_amount": [
    8,
    9,
    10
  ],
  "bolt": "closed_bolt",
  "rpm": 320,
  "bullet": {
    "life": 0.9,
    "bullet_amount": 1,
    "damage": 32,
    "tracer_count_interval": 0,
    "extra_damage": {
      "armor_ignore": 0.60,
      "head_shot_multiplier": 2,
      "damage_adjust": [
        {"distance": 80, "damage": 22},
        {"distance": 160, "damage": 20},
        {"distance": "infinite", "damage": 18}
      ]
    },
    "speed": 450,
    "gravity": 0.098,
    "knockback": 0,
    "friction": 0.015,
    "ignite": false,
    "pierce": 4
  },
  "reload": {
    "type": "magazine",
    "feed": {
      "empty": 3.5,
      "tactical": 2
    },
    "cooldown": {
      "empty": 4.13,
      "tactical": 2.67
    }
  },
  "draw_time": 0.875,
  "put_away_time": 0.7083,
  "aim_time": 0.25,
  "sprint_time": 0.2,
  "weight": 6.4,
  "fire_mode": [
    "semi",
    "burst"
  ],
  "fire_mode_adjust": {
    "burst": {
      // 多连发状态的数值调整，如无调整可不写
      "damage": 0,
      "rpm": 0,
      "speed": 0,
      "knockback": 0,
      "armor_ignore": 0,
      "head_shot_multiplier": 0,
      "aim_inaccuracy": 0,
      "other_inaccuracy": 2.5
      }
  },
  "burst_data": {
    // 是否连续射击
    "continuous_shoot": false,
    // 连发数
    "count": 1,
    // 组内连发的射速
    "bpm": 320,
    // 每组连发之间的时间间隔（上一组结束时间到下一组开始的时间间隔），单位秒
    "min_interval": 0
    },
  "recoil": {
    "pitch": [
      {"time": 0, "value": [3.25, 3.25]},
      {"time": 0.25, "value": [2.25, 2.25]},
      {"time": 0.5, "value": [-0.225, -0.225]},
      {"time": 0.6, "value": [0, 0]},
      {"time": 0.8, "value": [0, 0]}
    ],
    "yaw": [
      {"time": 0, "value": [-0.35, 0.15]},
      {"time": 0.5, "value": [-0.35, 0.15]},
      {"time": 0.7, "value": [0, 0]}
    ]
  },
  "inaccuracy": {
    "stand": 5,
    "move": 8,
    "sneak": 3,
    "lie": 2,
    "aim": 0.05
  },
  // 近战相关
  "melee": {
    // 枪械距离参数，用来延升近战攻击范围
    // 会与刺刀等配件的距离做加和
    "distance": 1,
    // 使用时的冷却时间
    "cooldown": 1.0,
    // 默认近战数据，会被配件的数据替换掉
    "default": {
      // 动画类型：没有枪托的为 melee_push，有枪托的为 melee_stock
      "animation_type": "melee_stock",
      // 刺刀距离参数，枪械里还有个刺刀攻击距离参数，两者做加和
      "distance": 0,
      // 刺刀范围角度
      "range_angle": 30,
      // 伤害值
      "damage": 2,
      // 击退效果
      "knockback": 0.75,
      // 前摇时长，单位：秒
      "prep": 0.1
    }
  },
  "allow_attachment_types": [
    "extended_mag",
    "scope",
    "muzzle"
  ],
  "builtin_attachments": {
    "scope": "eos:scope_schmidt_bender_10x56mm"
  },
  "exclusive_attachments": {
    "eos:scope_schmidt_bender_10x56mm": {
      "weight": 2.0,
	  "ads_addend": 0.1
      }
  }
}