{
  "materials": [
    {
      "item": {
        "tag": "forge:gems/diamond"
      },
      "count": 4
    },
    {
      "item": {
        "tag": "forge:ingots/iron"
      },
      "count": 96
    },
    {
      "item": {
        "tag": "forge:ingots/copper"
      },
      "count": 144
    },
    {
      "item": {
        "tag": "forge:dusts/redstone"
      },
      "count": 16
    }
  ],
  "result": {
    "type": "gun",
    "id": "eos:elp_45_t3",
    "attachments": {
      "scope": "eos:scope_eos_ts17"
    }
  },
  "type": "tacz:gun_smith_table_crafting"
}