{
  "materials": [
    {
      "item": {
        "tag": "forge:gems/diamond"
      },
      "count": 4
    },
    {
      "item": {
        "tag": "minecraft:logs"
      },
      "count": 20
    },
    {
      "item": {
        "tag": "forge:ingots/gold"
      },
      "count": 50
    },
    {
      "item": {
        "tag": "forge:ingots/iron"
      },
      "count": 200
    }
  ],
  "result": {
    "type": "gun",
    "id": "eos:wa2000",
    "attachments": {
      "scope": "eos:scope_schmidt_bender_10x56mm",
      "grip": "eos:wa2000_grip"
    }
  },
  "type": "tacz:gun_smith_table_crafting"
}